timestamp,trace_id,span_id,service,dosya,status,error,duration_ms,anomaly_score,is_real_anomaly
2014-02-15 03:05:00,trace-221958,span-25795,ec2-compute-service,ec2_cpu_utilization_24ae8d.csv,WARNING,,1.7302988692787749,0.7446180153147394,0
2014-02-15 03:10:00,trace-359178,span-86820,ec2-compute-service,ec2_cpu_utilization_24ae8d.csv,WARNING,,0.05691889210768033,0.6185986261787604,0
2014-02-15 03:15:00,trace-621430,span-47194,ec2-compute-service,ec2_cpu_utilization_24ae8d.csv,WARNING,,0.13181574060937049,0.483341913906954,0
2014-02-15 03:20:00,trace-275203,span-70263,ec2-compute-service,ec2_cpu_utilization_24ae8d.csv,WARNING,,0.14515269016986806,0.4804048245211781,0
2014-02-15 03:25:00,trace-429365,span-74820,ec2-compute-service,ec2_cpu_utilization_24ae8d.csv,WARNING,,0.1591871680758829,0.4804048245211781,0
2014-02-16 03:05:00,trace-818315,span-74925,ec2-compute-service,ec2_cpu_utilization_24ae8d.csv,WARNING,,1.3574912783121902,0.7662310369224519,0
2014-02-16 03:10:00,trace-891743,span-93104,ec2-compute-service,ec2_cpu_utilization_24ae8d.csv,WARNING,,0.12350738422263123,0.6188107484380233,0
2014-02-16 03:15:00,trace-521909,span-81932,ec2-compute-service,ec2_cpu_utilization_24ae8d.csv,WARNING,,0.1303522529992174,0.5029458496807179,0
2014-02-16 03:20:00,trace-600186,span-35658,ec2-compute-service,ec2_cpu_utilization_24ae8d.csv,WARNING,,0.06335632965328275,0.5130258690339857,0
2014-02-16 03:25:00,trace-249503,span-12747,ec2-compute-service,ec2_cpu_utilization_24ae8d.csv,WARNING,,0.1268369948005419,0.4987733103666989,0
2014-02-17 03:15:00,trace-165725,span-94654,ec2-compute-service,ec2_cpu_utilization_24ae8d.csv,WARNING,,1.4642014564190624,0.7247794565830802,0
2014-02-17 03:20:00,trace-691723,span-66886,ec2-compute-service,ec2_cpu_utilization_24ae8d.csv,WARNING,,0.15990117547924385,0.5886965653904259,0
2014-02-17 03:25:00,trace-373538,span-79092,ec2-compute-service,ec2_cpu_utilization_24ae8d.csv,WARNING,,0.1397644040619171,0.4760289609370112,0
2014-02-17 03:30:00,trace-589492,span-90038,ec2-compute-service,ec2_cpu_utilization_24ae8d.csv,WARNING,,0.10791100191816885,0.4760861780200175,0
2014-02-17 03:35:00,trace-370936,span-83969,ec2-compute-service,ec2_cpu_utilization_24ae8d.csv,WARNING,,0.06297499566705378,0.4886051024876975,0
2014-02-18 03:20:00,trace-517113,span-78148,ec2-compute-service,ec2_cpu_utilization_24ae8d.csv,WARNING,,1.3688764514017508,0.765123115831429,0
2014-02-18 03:25:00,trace-351995,span-33483,ec2-compute-service,ec2_cpu_utilization_24ae8d.csv,WARNING,,0.056021809399902166,0.6371885153646256,0
2014-02-18 03:30:00,trace-356508,span-27159,ec2-compute-service,ec2_cpu_utilization_24ae8d.csv,WARNING,,0.10904322473177572,0.499938701989967,0
2014-02-18 03:35:00,trace-704365,span-45920,ec2-compute-service,ec2_cpu_utilization_24ae8d.csv,WARNING,,0.12107060701376092,0.4970517368947212,0
2014-02-18 03:40:00,trace-824839,span-99475,ec2-compute-service,ec2_cpu_utilization_24ae8d.csv,WARNING,,0.06287854126963198,0.5144237395971824,0
2014-02-19 03:35:00,trace-308261,span-88953,ec2-compute-service,ec2_cpu_utilization_24ae8d.csv,WARNING,,1.483103709348827,0.7397322404238177,0
2014-02-19 03:40:00,trace-371836,span-55758,ec2-compute-service,ec2_cpu_utilization_24ae8d.csv,WARNING,,0.15234646391829193,0.5952776346835927,0
2014-02-19 03:45:00,trace-302283,span-75697,ec2-compute-service,ec2_cpu_utilization_24ae8d.csv,WARNING,,0.06323196623044791,0.4975004377972687,0
2014-02-19 03:50:00,trace-723587,span-42606,ec2-compute-service,ec2_cpu_utilization_24ae8d.csv,WARNING,,0.15661245899723908,0.4822829894885824,0
2014-02-19 03:55:00,trace-587879,span-50397,ec2-compute-service,ec2_cpu_utilization_24ae8d.csv,WARNING,,0.11594789513573087,0.4825053360851848,0
2014-02-20 03:35:00,trace-363160,span-99789,ec2-compute-service,ec2_cpu_utilization_24ae8d.csv,WARNING,,1.4863511474238786,0.7885546230179656,0
2014-02-20 03:40:00,trace-123247,span-34300,ec2-compute-service,ec2_cpu_utilization_24ae8d.csv,WARNING,,0.05996361443883086,0.6565898179444111,0
2014-02-20 03:45:00,trace-633556,span-96807,ec2-compute-service,ec2_cpu_utilization_24ae8d.csv,WARNING,,0.12443657564942151,0.5206634580664687,0
2014-02-20 03:50:00,trace-842139,span-49099,ec2-compute-service,ec2_cpu_utilization_24ae8d.csv,WARNING,,0.13628851005728213,0.5177728270256825,0
2014-02-20 03:55:00,trace-336584,span-48044,ec2-compute-service,ec2_cpu_utilization_24ae8d.csv,WARNING,,0.15019775816841655,0.5169576287899729,0
2014-02-21 03:25:00,trace-476896,span-58984,ec2-compute-service,ec2_cpu_utilization_24ae8d.csv,WARNING,,1.9116076394243309,0.7882060892673671,0
2014-02-21 03:30:00,trace-220151,span-72592,ec2-compute-service,ec2_cpu_utilization_24ae8d.csv,WARNING,,0.11785116053023165,0.6372391566907394,0
2014-02-21 03:35:00,trace-748663,span-58190,ec2-compute-service,ec2_cpu_utilization_24ae8d.csv,WARNING,,0.07432818171120763,0.5312147601323058,0
2014-02-21 03:40:00,trace-401648,span-43159,ec2-compute-service,ec2_cpu_utilization_24ae8d.csv,WARNING,,0.14409157847256412,0.5215307815072767,0
2014-02-21 03:45:00,trace-229312,span-22666,ec2-compute-service,ec2_cpu_utilization_24ae8d.csv,WARNING,,0.10950955761155998,0.5196697232164713,0
2014-02-22 03:30:00,trace-388998,span-74505,ec2-compute-service,ec2_cpu_utilization_24ae8d.csv,WARNING,,1.2424383117531563,0.7447212922394155,0
2014-02-22 03:35:00,trace-384806,span-18392,ec2-compute-service,ec2_cpu_utilization_24ae8d.csv,WARNING,,0.07135370904970958,0.6224278277485367,0
2014-02-22 03:40:00,trace-475713,span-62256,ec2-compute-service,ec2_cpu_utilization_24ae8d.csv,WARNING,,0.10895588089510207,0.4899262820985376,0
2014-02-22 03:45:00,trace-921654,span-87373,ec2-compute-service,ec2_cpu_utilization_24ae8d.csv,WARNING,,0.12276967940301226,0.4842596898892816,0
2014-02-22 03:50:00,trace-589570,span-94651,ec2-compute-service,ec2_cpu_utilization_24ae8d.csv,WARNING,,0.0717415632208618,0.5016109778105583,0
2014-02-23 03:35:00,trace-124538,span-80592,ec2-compute-service,ec2_cpu_utilization_24ae8d.csv,WARNING,,1.376378562857789,0.7397322404238177,0
2014-02-23 03:40:00,trace-239182,span-89309,ec2-compute-service,ec2_cpu_utilization_24ae8d.csv,WARNING,,0.07521132496062462,0.6187014834423561,0
2014-02-23 03:45:00,trace-314020,span-16910,ec2-compute-service,ec2_cpu_utilization_24ae8d.csv,WARNING,,0.12092526210000698,0.4830641784263524,0
2014-02-23 03:50:00,trace-745914,span-10206,ec2-compute-service,ec2_cpu_utilization_24ae8d.csv,WARNING,,0.13205823139870512,0.4822622847819126,0
2014-02-23 03:55:00,trace-222409,span-33419,ec2-compute-service,ec2_cpu_utilization_24ae8d.csv,WARNING,,0.11298298048684113,0.4800921299906112,0
2014-02-24 03:30:00,trace-869598,span-60015,ec2-compute-service,ec2_cpu_utilization_24ae8d.csv,WARNING,,1.5459910651650808,0.7448387764753004,0
2014-02-24 03:35:00,trace-731347,span-64268,ec2-compute-service,ec2_cpu_utilization_24ae8d.csv,WARNING,,0.13646624559935983,0.5973760304727915,0
2014-02-24 03:40:00,trace-511357,span-90356,ec2-compute-service,ec2_cpu_utilization_24ae8d.csv,WARNING,,0.11876262969906061,0.4845919676456638,0
2014-02-24 03:45:00,trace-298286,span-43827,ec2-compute-service,ec2_cpu_utilization_24ae8d.csv,WARNING,,0.15773695138190777,0.4819843401063384,0
2014-02-24 03:50:00,trace-961882,span-32299,ec2-compute-service,ec2_cpu_utilization_24ae8d.csv,WARNING,,0.07734401802184394,0.4987662160449705,0
2014-02-25 03:10:00,trace-164044,span-52557,ec2-compute-service,ec2_cpu_utilization_24ae8d.csv,WARNING,,1.5695086388802124,0.7515945154861963,0
2014-02-25 03:15:00,trace-626981,span-79163,ec2-compute-service,ec2_cpu_utilization_24ae8d.csv,WARNING,,0.12952493320585162,0.6060647111981843,0
2014-02-25 03:20:00,trace-252906,span-28047,ec2-compute-service,ec2_cpu_utilization_24ae8d.csv,WARNING,,0.15047879231679376,0.4935510672562706,0
2014-02-25 03:25:00,trace-508923,span-31976,ec2-compute-service,ec2_cpu_utilization_24ae8d.csv,WARNING,,0.12424498625849191,0.4935510672562706,0
2014-02-25 03:30:00,trace-910208,span-40080,ec2-compute-service,ec2_cpu_utilization_24ae8d.csv,WARNING,,0.11941732471224809,0.4935510672562706,0
2014-02-26 03:15:00,trace-554589,span-16776,ec2-compute-service,ec2_cpu_utilization_24ae8d.csv,WARNING,,1.7291338603700417,0.76667473034817,0
2014-02-26 03:20:00,trace-679304,span-19474,ec2-compute-service,ec2_cpu_utilization_24ae8d.csv,WARNING,,0.052983536246023435,0.6386885177476171,0
2014-02-26 03:25:00,trace-121959,span-15530,ec2-compute-service,ec2_cpu_utilization_24ae8d.csv,WARNING,,0.12957322976877456,0.5005792907582272,0
2014-02-26 03:30:00,trace-890180,span-23545,ec2-compute-service,ec2_cpu_utilization_24ae8d.csv,WARNING,,0.12342608105011157,0.5004456092507157,0
2014-02-26 03:35:00,trace-265838,span-83530,ec2-compute-service,ec2_cpu_utilization_24ae8d.csv,WARNING,,0.12266511481069589,0.4984518313859941,0
2014-02-26 22:05:00,trace-693128,span-64384,ec2-compute-service,ec2_cpu_utilization_24ae8d.csv,ERROR,CPUUtilizationHigh: CPU usage spike detected (2.3%),1.9360429708893812,0.9999999991808052,1
2014-02-26 22:10:00,trace-139353,span-72003,ec2-compute-service,ec2_cpu_utilization_24ae8d.csv,WARNING,,0.12043255696814903,0.7915514075546928,0
2014-02-26 22:15:00,trace-165318,span-99474,ec2-compute-service,ec2_cpu_utilization_24ae8d.csv,WARNING,,0.06074318737916272,0.6473204030596138,0
2014-02-26 22:20:00,trace-840976,span-36736,ec2-compute-service,ec2_cpu_utilization_24ae8d.csv,WARNING,,0.1595465616326302,0.6344788213225828,0
2014-02-26 22:25:00,trace-737147,span-10854,ec2-compute-service,ec2_cpu_utilization_24ae8d.csv,WARNING,,0.060156266655846544,0.6495243052140007,0
2014-02-26 23:15:00,trace-369536,span-65680,ec2-compute-service,ec2_cpu_utilization_24ae8d.csv,WARNING,,0.2938305200555067,0.3575025134825103,0
2014-02-27 03:40:00,trace-613153,span-97092,ec2-compute-service,ec2_cpu_utilization_24ae8d.csv,WARNING,,1.5255366514980904,0.764578540568453,0
2014-02-27 03:45:00,trace-335167,span-36309,ec2-compute-service,ec2_cpu_utilization_24ae8d.csv,WARNING,,0.11838051833580723,0.6183865756668698,0
2014-02-27 03:50:00,trace-170467,span-62662,ec2-compute-service,ec2_cpu_utilization_24ae8d.csv,WARNING,,0.07290675784467815,0.5148300048653599,0
2014-02-27 03:55:00,trace-481050,span-22688,ec2-compute-service,ec2_cpu_utilization_24ae8d.csv,WARNING,,0.14841496936448517,0.501321804991806,0
2014-02-27 04:00:00,trace-561079,span-62083,ec2-compute-service,ec2_cpu_utilization_24ae8d.csv,WARNING,,0.1599114803519636,0.4971882389607039,0
2014-02-27 17:15:00,trace-713333,span-44698,ec2-compute-service,ec2_cpu_utilization_24ae8d.csv,ERROR,CPUUtilizationHigh: CPU usage spike detected (0.6%),0.6781967950712277,0.4683176242851949,1
2014-02-27 17:20:00,trace-122671,span-35184,ec2-compute-service,ec2_cpu_utilization_24ae8d.csv,WARNING,,0.28561528983860907,0.4296715316870786,0
2014-02-27 17:25:00,trace-710490,span-61663,ec2-compute-service,ec2_cpu_utilization_24ae8d.csv,WARNING,,0.10938554758733536,0.4012930629514285,0
2014-02-27 17:30:00,trace-411955,span-12811,ec2-compute-service,ec2_cpu_utilization_24ae8d.csv,WARNING,,0.14351744979474634,0.3581046854078684,0
2014-02-27 17:35:00,trace-659042,span-21411,ec2-compute-service,ec2_cpu_utilization_24ae8d.csv,WARNING,,0.1417812615659465,0.3581046854078684,0
2014-02-28 03:20:00,trace-314835,span-18680,ec2-compute-service,ec2_cpu_utilization_24ae8d.csv,WARNING,,1.722200152385578,0.7895462061912019,0
2014-02-28 03:25:00,trace-171295,span-98614,ec2-compute-service,ec2_cpu_utilization_24ae8d.csv,WARNING,,0.1550593434052996,0.6416991998237023,0
2014-02-28 03:30:00,trace-399648,span-11802,ec2-compute-service,ec2_cpu_utilization_24ae8d.csv,WARNING,,0.06367700474856704,0.5316305715101813,0
2014-02-28 03:35:00,trace-925816,span-57254,ec2-compute-service,ec2_cpu_utilization_24ae8d.csv,WARNING,,0.13418845301809548,0.5217180875087877,0
2014-02-28 03:40:00,trace-654594,span-26646,ec2-compute-service,ec2_cpu_utilization_24ae8d.csv,WARNING,,0.14044715763060464,0.5196697232164713,0
2014-02-14 22:30:00,trace-458745,span-26371,ec2-compute-service,ec2_cpu_utilization_53ea38.csv,WARNING,,1.9893172148191633,0.3733225758716089,0
2014-02-14 22:35:00,trace-757409,span-41616,ec2-compute-service,ec2_cpu_utilization_53ea38.csv,WARNING,,1.617549818960399,0.35150517620894,0
2014-02-14 22:40:00,trace-907364,span-39855,ec2-compute-service,ec2_cpu_utilization_53ea38.csv,WARNING,,2.277106140249922,0.5447995003048058,0
2014-02-14 22:45:00,trace-798376,span-17400,ec2-compute-service,ec2_cpu_utilization_53ea38.csv,WARNING,,1.809831056281594,0.4418740902353725,0
2014-02-14 22:50:00,trace-639439,span-61407,ec2-compute-service,ec2_cpu_utilization_53ea38.csv,WARNING,,2.2806051966346685,0.4743211448458224,0
2014-02-14 22:55:00,trace-630583,span-69040,ec2-compute-service,ec2_cpu_utilization_53ea38.csv,WARNING,,2.041762056148033,0.4565646036557389,0
2014-02-14 23:00:00,trace-768234,span-42711,ec2-compute-service,ec2_cpu_utilization_53ea38.csv,WARNING,,2.2349573384538277,0.5030824818439903,0
2014-02-14 23:05:00,trace-284423,span-71267,ec2-compute-service,ec2_cpu_utilization_53ea38.csv,WARNING,,2.0562910999605672,0.4141056508418343,0
2014-02-14 23:10:00,trace-757917,span-48360,ec2-compute-service,ec2_cpu_utilization_53ea38.csv,WARNING,,2.1670250393463144,0.4730201408134767,0
2014-02-14 23:15:00,trace-867836,span-78497,ec2-compute-service,ec2_cpu_utilization_53ea38.csv,WARNING,,1.4728067678461672,0.3607792031952178,0
2014-02-15 03:30:00,trace-743409,span-87505,ec2-compute-service,ec2_cpu_utilization_53ea38.csv,WARNING,,2.6552854230040728,0.8250104416644239,0
2014-02-15 03:35:00,trace-554351,span-60108,ec2-compute-service,ec2_cpu_utilization_53ea38.csv,WARNING,,1.6014739028116032,0.6768899365405412,0
2014-02-15 03:40:00,trace-190272,span-48467,ec2-compute-service,ec2_cpu_utilization_53ea38.csv,WARNING,,1.7593726824074836,0.6226831092553702,0
2014-02-15 03:45:00,trace-977844,span-96831,ec2-compute-service,ec2_cpu_utilization_53ea38.csv,WARNING,,1.9049664385898615,0.6578871197362248,0
2014-02-15 03:50:00,trace-228391,span-56214,ec2-compute-service,ec2_cpu_utilization_53ea38.csv,WARNING,,1.9568999935221314,0.6120659183527652,0
2014-02-15 05:10:00,trace-956703,span-54064,ec2-compute-service,ec2_cpu_utilization_53ea38.csv,WARNING,,2.1377678258505592,0.3651388265588715,0
2014-02-15 09:55:00,trace-207450,span-50818,ec2-compute-service,ec2_cpu_utilization_53ea38.csv,WARNING,,2.212410333181604,0.3592108531789841,0
2014-02-15 10:00:00,trace-500109,span-89909,ec2-compute-service,ec2_cpu_utilization_53ea38.csv,WARNING,,2.032796486486866,0.3653699587980902,0
2014-02-15 12:40:00,trace-829650,span-86213,ec2-compute-service,ec2_cpu_utilization_53ea38.csv,WARNING,,2.431823465562886,0.3636068267439344,0
2014-02-15 12:45:00,trace-392890,span-59377,ec2-compute-service,ec2_cpu_utilization_53ea38.csv,WARNING,,1.596173254506224,0.3790411409333665,0
2014-02-16 02:10:00,trace-460032,span-49790,ec2-compute-service,ec2_cpu_utilization_53ea38.csv,WARNING,,2.103684933583121,0.3865183488257947,0
2014-02-16 03:40:00,trace-850020,span-50764,ec2-compute-service,ec2_cpu_utilization_53ea38.csv,WARNING,,2.569170794521525,0.918588387472708,0
2014-02-16 03:45:00,trace-727234,span-83744,ec2-compute-service,ec2_cpu_utilization_53ea38.csv,WARNING,,2.1153504808272414,0.7576633251789777,0
2014-02-16 03:50:00,trace-405628,span-92989,ec2-compute-service,ec2_cpu_utilization_53ea38.csv,WARNING,,2.052064530715196,0.7152541168164759,0
2014-02-16 03:55:00,trace-278274,span-42635,ec2-compute-service,ec2_cpu_utilization_53ea38.csv,WARNING,,1.37051049923963,0.7671324717333623,0
2014-02-16 04:00:00,trace-511927,span-13420,ec2-compute-service,ec2_cpu_utilization_53ea38.csv,WARNING,,1.7754882492496205,0.7475334284908247,0
2014-02-16 04:10:00,trace-538452,span-76235,ec2-compute-service,ec2_cpu_utilization_53ea38.csv,WARNING,,2.385115904770713,0.389308142140216,0
2014-02-16 04:15:00,trace-165726,span-20492,ec2-compute-service,ec2_cpu_utilization_53ea38.csv,WARNING,,1.5951533608889676,0.4220586156950631,0
2014-02-16 08:45:00,trace-368246,span-60336,ec2-compute-service,ec2_cpu_utilization_53ea38.csv,WARNING,,1.5180472977783932,0.367827872679637,0
2014-02-16 16:10:00,trace-354079,span-36641,ec2-compute-service,ec2_cpu_utilization_53ea38.csv,WARNING,,2.1374858554151808,0.3941792424780287,0
2014-02-16 16:15:00,trace-613758,span-33093,ec2-compute-service,ec2_cpu_utilization_53ea38.csv,WARNING,,1.8311434379016418,0.3885549977544571,0
2014-02-16 17:15:00,trace-545101,span-46631,ec2-compute-service,ec2_cpu_utilization_53ea38.csv,WARNING,,1.4455164088074917,0.4319765307449336,0
2014-02-16 17:35:00,trace-104014,span-21093,ec2-compute-service,ec2_cpu_utilization_53ea38.csv,WARNING,,1.5755760499058376,0.3926546710344556,0
2014-02-17 01:40:00,trace-156958,span-92074,ec2-compute-service,ec2_cpu_utilization_53ea38.csv,WARNING,,1.8968281422694109,0.3515450352573005,0
2014-02-17 03:45:00,trace-276089,span-76320,ec2-compute-service,ec2_cpu_utilization_53ea38.csv,WARNING,,2.771185976502723,0.7869982044693585,0
2014-02-17 03:50:00,trace-730152,span-88069,ec2-compute-service,ec2_cpu_utilization_53ea38.csv,WARNING,,1.6988336288782238,0.6239730257626174,0
2014-02-17 03:55:00,trace-679036,span-15801,ec2-compute-service,ec2_cpu_utilization_53ea38.csv,WARNING,,2.058699854734655,0.5701275864684929,0
2014-02-17 04:00:00,trace-335362,span-60993,ec2-compute-service,ec2_cpu_utilization_53ea38.csv,WARNING,,2.098696937200636,0.5723537286281719,0
2014-02-17 04:05:00,trace-764076,span-98891,ec2-compute-service,ec2_cpu_utilization_53ea38.csv,WARNING,,1.8744659665098042,0.5735286295018885,0
2014-02-17 14:10:00,trace-320984,span-80316,ec2-compute-service,ec2_cpu_utilization_53ea38.csv,WARNING,,1.8080817376939229,0.359931417097808,0
2014-02-17 14:15:00,trace-701863,span-16655,ec2-compute-service,ec2_cpu_utilization_53ea38.csv,WARNING,,1.6029690236406484,0.3650716573517553,0
2014-02-17 16:10:00,trace-584299,span-97922,ec2-compute-service,ec2_cpu_utilization_53ea38.csv,WARNING,,1.9620455356298092,0.4076344882230656,0
2014-02-17 16:15:00,trace-506619,span-42097,ec2-compute-service,ec2_cpu_utilization_53ea38.csv,WARNING,,1.428933275747409,0.3834257353881513,0
2014-02-18 01:10:00,trace-766326,span-62921,ec2-compute-service,ec2_cpu_utilization_53ea38.csv,WARNING,,2.229390815711603,0.541506660003981,0
2014-02-18 01:15:00,trace-805660,span-32677,ec2-compute-service,ec2_cpu_utilization_53ea38.csv,WARNING,,1.767984617012293,0.4724618173139643,0
2014-02-18 03:20:00,trace-131024,span-80313,ec2-compute-service,ec2_cpu_utilization_53ea38.csv,WARNING,,2.526792021902526,0.5994095709421454,0
2014-02-18 03:25:00,trace-457429,span-25338,ec2-compute-service,ec2_cpu_utilization_53ea38.csv,WARNING,,1.6097593959749463,0.517539311972051,0
2014-02-18 03:30:00,trace-213632,span-90135,ec2-compute-service,ec2_cpu_utilization_53ea38.csv,WARNING,,1.8813796212645766,0.4596032124751217,0
2014-02-18 03:35:00,trace-103051,span-58747,ec2-compute-service,ec2_cpu_utilization_53ea38.csv,WARNING,,1.8234334587893692,0.3976748432946466,0
2014-02-18 03:40:00,trace-711523,span-64021,ec2-compute-service,ec2_cpu_utilization_53ea38.csv,WARNING,,1.5806155979882954,0.4065942153432705,0
2014-02-18 14:10:00,trace-549395,span-42093,ec2-compute-service,ec2_cpu_utilization_53ea38.csv,WARNING,,2.262181512281639,0.5699680257115767,0
2014-02-18 14:15:00,trace-827975,span-83523,ec2-compute-service,ec2_cpu_utilization_53ea38.csv,WARNING,,1.6720724110384884,0.4765574807740361,0
2014-02-18 14:20:00,trace-333841,span-27019,ec2-compute-service,ec2_cpu_utilization_53ea38.csv,WARNING,,2.0609206030934195,0.4759921050637472,0
2014-02-18 14:25:00,trace-322866,span-96672,ec2-compute-service,ec2_cpu_utilization_53ea38.csv,WARNING,,1.8864327568961863,0.5411781893931348,0
2014-02-18 14:30:00,trace-834994,span-38251,ec2-compute-service,ec2_cpu_utilization_53ea38.csv,WARNING,,2.0152249170185503,0.4590266708237188,0
2014-02-18 20:30:00,trace-650233,span-42217,ec2-compute-service,ec2_cpu_utilization_53ea38.csv,WARNING,,2.4767740746707454,0.3612581671460644,0
2014-02-18 20:40:00,trace-283062,span-11150,ec2-compute-service,ec2_cpu_utilization_53ea38.csv,WARNING,,2.307753920416206,0.4816697729080124,0
2014-02-18 20:45:00,trace-174740,span-76617,ec2-compute-service,ec2_cpu_utilization_53ea38.csv,WARNING,,2.2855275624591607,0.4712283790304844,0
2014-02-18 20:50:00,trace-277247,span-17805,ec2-compute-service,ec2_cpu_utilization_53ea38.csv,WARNING,,1.653322349848188,0.496073169603343,0
2014-02-18 20:55:00,trace-120056,span-55543,ec2-compute-service,ec2_cpu_utilization_53ea38.csv,WARNING,,2.1903958876143594,0.3756456676182156,0
2014-02-19 03:25:00,trace-473632,span-13343,ec2-compute-service,ec2_cpu_utilization_53ea38.csv,WARNING,,2.4160284071295037,0.7694676132999538,0
2014-02-19 03:30:00,trace-653663,span-19662,ec2-compute-service,ec2_cpu_utilization_53ea38.csv,WARNING,,1.7790154851943318,0.6006463474021171,0
2014-02-19 03:35:00,trace-352764,span-69638,ec2-compute-service,ec2_cpu_utilization_53ea38.csv,WARNING,,1.5005663783724403,0.5409511018590065,0
2014-02-19 03:40:00,trace-612153,span-77215,ec2-compute-service,ec2_cpu_utilization_53ea38.csv,WARNING,,1.6181213771528113,0.5473073917195295,0
2014-02-19 03:45:00,trace-303861,span-94664,ec2-compute-service,ec2_cpu_utilization_53ea38.csv,WARNING,,1.7180029235031522,0.5444661619089626,0
2014-02-19 11:05:00,trace-109435,span-64340,ec2-compute-service,ec2_cpu_utilization_53ea38.csv,WARNING,,1.345286449263723,0.3644047504599195,0
2014-02-19 11:35:00,trace-675581,span-88781,ec2-compute-service,ec2_cpu_utilization_53ea38.csv,WARNING,,1.8082063763533598,0.3527442782559721,0
2014-02-19 14:05:00,trace-326507,span-53919,ec2-compute-service,ec2_cpu_utilization_53ea38.csv,WARNING,,1.3476486648022035,0.3603156814983776,0
2014-02-19 14:10:00,trace-790607,span-72752,ec2-compute-service,ec2_cpu_utilization_53ea38.csv,WARNING,,1.967795572250986,0.3635218706256505,0
2014-02-19 19:10:00,trace-595972,span-36646,ec2-compute-service,ec2_cpu_utilization_53ea38.csv,ERROR,CPUUtilizationHigh: CPU usage spike detected (2.1%),1.6859621063989985,0.3613936443343626,1
2014-02-19 19:40:00,trace-834965,span-78385,ec2-compute-service,ec2_cpu_utilization_53ea38.csv,WARNING,,1.953412090567241,0.4907024995599973,0
2014-02-19 19:45:00,trace-820777,span-33289,ec2-compute-service,ec2_cpu_utilization_53ea38.csv,WARNING,,2.227064845093943,0.4549720629679401,0
2014-02-19 19:50:00,trace-371967,span-70160,ec2-compute-service,ec2_cpu_utilization_53ea38.csv,WARNING,,1.994934923463089,0.4500434879512343,0
2014-02-19 19:55:00,trace-640652,span-14611,ec2-compute-service,ec2_cpu_utilization_53ea38.csv,WARNING,,2.0215297798405256,0.425303326781792,0
2014-02-19 20:00:00,trace-288751,span-40977,ec2-compute-service,ec2_cpu_utilization_53ea38.csv,WARNING,,1.5936484946099314,0.4575758997467144,0
2014-02-19 20:05:00,trace-453151,span-98223,ec2-compute-service,ec2_cpu_utilization_53ea38.csv,WARNING,,2.467441218603825,0.4552157289388598,0
2014-02-19 20:10:00,trace-249143,span-69275,ec2-compute-service,ec2_cpu_utilization_53ea38.csv,WARNING,,2.006062738013479,0.5441225200586485,0
2014-02-19 20:15:00,trace-453824,span-14000,ec2-compute-service,ec2_cpu_utilization_53ea38.csv,WARNING,,1.9858346304463126,0.4350239578931075,0
2014-02-19 20:20:00,trace-455754,span-48304,ec2-compute-service,ec2_cpu_utilization_53ea38.csv,WARNING,,1.9727046702621942,0.3700824684548343,0
2014-02-19 20:25:00,trace-707274,span-99643,ec2-compute-service,ec2_cpu_utilization_53ea38.csv,WARNING,,1.7955197061327672,0.3948067717664137,0
2014-02-19 20:40:00,trace-924926,span-13373,ec2-compute-service,ec2_cpu_utilization_53ea38.csv,WARNING,,1.7437436573629392,0.5181951204467616,0
2014-02-19 20:45:00,trace-979090,span-37350,ec2-compute-service,ec2_cpu_utilization_53ea38.csv,WARNING,,1.5790742255860786,0.4887207751262049,0
2014-02-19 20:50:00,trace-649639,span-98668,ec2-compute-service,ec2_cpu_utilization_53ea38.csv,WARNING,,2.273624348526788,0.4831506977015265,0
2014-02-19 20:55:00,trace-437497,span-86797,ec2-compute-service,ec2_cpu_utilization_53ea38.csv,WARNING,,2.1750212433447293,0.4576595634891617,0
2014-02-19 21:00:00,trace-600328,span-30358,ec2-compute-service,ec2_cpu_utilization_53ea38.csv,WARNING,,1.7233389037529798,0.529598536902032,0
2014-02-19 21:05:00,trace-976020,span-48513,ec2-compute-service,ec2_cpu_utilization_53ea38.csv,WARNING,,2.1010511231464832,0.4258398507191077,0
2014-02-19 21:10:00,trace-231484,span-17543,ec2-compute-service,ec2_cpu_utilization_53ea38.csv,WARNING,,2.433119200567937,0.6623045292032235,0
2014-02-19 21:15:00,trace-160692,span-99084,ec2-compute-service,ec2_cpu_utilization_53ea38.csv,WARNING,,1.6175061050385418,0.5431289833847324,0
2014-02-19 21:20:00,trace-930857,span-48756,ec2-compute-service,ec2_cpu_utilization_53ea38.csv,WARNING,,1.9430342605591024,0.4264681409006529,0
2014-02-19 21:25:00,trace-933727,span-93042,ec2-compute-service,ec2_cpu_utilization_53ea38.csv,WARNING,,1.7698963277822226,0.3560118860433342,0
2014-02-19 21:30:00,trace-924273,span-80640,ec2-compute-service,ec2_cpu_utilization_53ea38.csv,WARNING,,1.956815854730959,0.354002707248314,0
2014-02-20 03:10:00,trace-844086,span-17357,ec2-compute-service,ec2_cpu_utilization_53ea38.csv,WARNING,,2.7217271737335453,0.9999999990293996,0
2014-02-20 03:15:00,trace-406955,span-46208,ec2-compute-service,ec2_cpu_utilization_53ea38.csv,WARNING,,1.8908984766976134,0.8708800818651148,0
2014-02-20 03:20:00,trace-798646,span-78450,ec2-compute-service,ec2_cpu_utilization_53ea38.csv,WARNING,,1.4587267154246029,0.8458544556915278,0
2014-02-20 03:25:00,trace-998320,span-24397,ec2-compute-service,ec2_cpu_utilization_53ea38.csv,WARNING,,1.8035158041494552,0.8163491817382698,0
2014-02-20 03:30:00,trace-219180,span-76234,ec2-compute-service,ec2_cpu_utilization_53ea38.csv,WARNING,,1.5338289615830252,0.8156408120221181,0
2014-02-20 04:45:00,trace-179459,span-26779,ec2-compute-service,ec2_cpu_utilization_53ea38.csv,WARNING,,1.9786725531154827,0.3681558543128213,0
2014-02-20 14:40:00,trace-825256,span-45270,ec2-compute-service,ec2_cpu_utilization_53ea38.csv,WARNING,,2.5735994904140673,0.5796623258078716,0
2014-02-20 14:45:00,trace-151934,span-74895,ec2-compute-service,ec2_cpu_utilization_53ea38.csv,WARNING,,1.9780726926752576,0.5813869469895163,0
2014-02-20 14:50:00,trace-554137,span-15486,ec2-compute-service,ec2_cpu_utilization_53ea38.csv,WARNING,,1.6716274115430763,0.5827843742258374,0
2014-02-20 14:55:00,trace-750308,span-99112,ec2-compute-service,ec2_cpu_utilization_53ea38.csv,WARNING,,2.008232080364738,0.5527971785501844,0
2014-02-20 15:00:00,trace-449652,span-70566,ec2-compute-service,ec2_cpu_utilization_53ea38.csv,WARNING,,2.3362886823958102,0.639217810067715,0
2014-02-20 15:05:00,trace-887494,span-94076,ec2-compute-service,ec2_cpu_utilization_53ea38.csv,WARNING,,2.304882648712487,0.5236477650028861,0
2014-02-20 15:10:00,trace-645977,span-21174,ec2-compute-service,ec2_cpu_utilization_53ea38.csv,WARNING,,2.4350929135222517,0.5442535598569078,0
2014-02-20 15:15:00,trace-989465,span-19348,ec2-compute-service,ec2_cpu_utilization_53ea38.csv,WARNING,,1.9597174586623622,0.4055457996120465,0
2014-02-21 03:25:00,trace-174460,span-99930,ec2-compute-service,ec2_cpu_utilization_53ea38.csv,WARNING,,2.0323843357705016,0.7699292695160006,0
2014-02-21 03:30:00,trace-827627,span-58136,ec2-compute-service,ec2_cpu_utilization_53ea38.csv,WARNING,,2.0899112460837825,0.597330819329346,0
2014-02-21 03:35:00,trace-331915,span-82592,ec2-compute-service,ec2_cpu_utilization_53ea38.csv,WARNING,,1.462381382581462,0.5710355991567304,0
2014-02-21 03:40:00,trace-625830,span-31677,ec2-compute-service,ec2_cpu_utilization_53ea38.csv,WARNING,,2.160775305167296,0.5742313699780905,0
2014-02-21 03:45:00,trace-139081,span-72856,ec2-compute-service,ec2_cpu_utilization_53ea38.csv,WARNING,,1.9933619458827079,0.5650094518517224,0
2014-02-21 19:25:00,trace-905497,span-93460,ec2-compute-service,ec2_cpu_utilization_53ea38.csv,WARNING,,2.147385878530781,0.4528591895669549,0
2014-02-21 23:10:00,trace-416837,span-36962,ec2-compute-service,ec2_cpu_utilization_53ea38.csv,WARNING,,2.1889469938083117,0.4067794838615841,0
2014-02-21 23:15:00,trace-535564,span-36432,ec2-compute-service,ec2_cpu_utilization_53ea38.csv,WARNING,,1.8872118514518905,0.4801082264096388,0
2014-02-22 03:10:00,trace-585008,span-67854,ec2-compute-service,ec2_cpu_utilization_53ea38.csv,WARNING,,3.068198398938986,0.9846970520138132,0
2014-02-22 03:15:00,trace-494540,span-45909,ec2-compute-service,ec2_cpu_utilization_53ea38.csv,WARNING,,1.9477239158634372,0.8207126909098579,0
2014-02-22 03:20:00,trace-303196,span-36790,ec2-compute-service,ec2_cpu_utilization_53ea38.csv,WARNING,,1.869560013531268,0.7876678896705147,0
2014-02-22 03:25:00,trace-548345,span-25485,ec2-compute-service,ec2_cpu_utilization_53ea38.csv,WARNING,,1.7328729725030056,0.7992793896307895,0
2014-02-22 03:30:00,trace-629036,span-96769,ec2-compute-service,ec2_cpu_utilization_53ea38.csv,WARNING,,1.909755872646656,0.789321238950894,0
2014-02-22 04:15:00,trace-748249,span-40355,ec2-compute-service,ec2_cpu_utilization_53ea38.csv,WARNING,,1.3831643357397974,0.3520888530528256,0
2014-02-22 07:55:00,trace-506332,span-35470,ec2-compute-service,ec2_cpu_utilization_53ea38.csv,WARNING,,2.3249469611370572,0.5563987197042741,0
2014-02-22 08:00:00,trace-938656,span-49298,ec2-compute-service,ec2_cpu_utilization_53ea38.csv,WARNING,,1.9282264462685201,0.4375289954478121,0
2014-02-22 18:10:00,trace-161629,span-76040,ec2-compute-service,ec2_cpu_utilization_53ea38.csv,WARNING,,2.01579014789972,0.4276818447337615,0
2014-02-22 18:15:00,trace-390160,span-33960,ec2-compute-service,ec2_cpu_utilization_53ea38.csv,WARNING,,1.9575320450764875,0.3972257758605466,0
2014-02-22 21:40:00,trace-989765,span-77641,ec2-compute-service,ec2_cpu_utilization_53ea38.csv,WARNING,,1.6853805880001902,0.3578890192077711,0
2014-02-22 21:45:00,trace-753983,span-32700,ec2-compute-service,ec2_cpu_utilization_53ea38.csv,WARNING,,1.3926177959855126,0.3525041650079939,0
2014-02-23 03:10:00,trace-228148,span-30559,ec2-compute-service,ec2_cpu_utilization_53ea38.csv,WARNING,,2.6793631756314777,0.9945727842304602,0
2014-02-23 03:15:00,trace-292714,span-86539,ec2-compute-service,ec2_cpu_utilization_53ea38.csv,WARNING,,1.4931335266094874,0.8277257112250576,0
2014-02-23 03:20:00,trace-715650,span-40354,ec2-compute-service,ec2_cpu_utilization_53ea38.csv,WARNING,,2.171154014044685,0.7873903524607619,0
2014-02-23 03:25:00,trace-738353,span-81726,ec2-compute-service,ec2_cpu_utilization_53ea38.csv,WARNING,,1.863717754710274,0.797380040866519,0
2014-02-23 03:30:00,trace-924845,span-62638,ec2-compute-service,ec2_cpu_utilization_53ea38.csv,WARNING,,2.195345231621523,0.7935187789035458,0
2014-02-23 04:10:00,trace-734421,span-78866,ec2-compute-service,ec2_cpu_utilization_53ea38.csv,WARNING,,2.478749404163501,0.4606985244474793,0
2014-02-23 04:15:00,trace-255576,span-17114,ec2-compute-service,ec2_cpu_utilization_53ea38.csv,WARNING,,1.5255081811992834,0.4612949235947566,0
2014-02-23 07:40:00,trace-111023,span-31447,ec2-compute-service,ec2_cpu_utilization_53ea38.csv,WARNING,,2.0056514585141696,0.3604755541290108,0
2014-02-23 08:40:00,trace-386103,span-76203,ec2-compute-service,ec2_cpu_utilization_53ea38.csv,WARNING,,2.004930599621713,0.4529856918941115,0
2014-02-23 17:10:00,trace-109337,span-56427,ec2-compute-service,ec2_cpu_utilization_53ea38.csv,WARNING,,2.217000187733723,0.3726084361173469,0
2014-02-23 20:30:00,trace-464167,span-94665,ec2-compute-service,ec2_cpu_utilization_53ea38.csv,WARNING,,1.8940937759509255,0.4492984638798515,0
2014-02-23 20:35:00,trace-395451,span-37355,ec2-compute-service,ec2_cpu_utilization_53ea38.csv,WARNING,,1.831627793879288,0.4072631702757198,0
2014-02-23 20:40:00,trace-891267,span-30159,ec2-compute-service,ec2_cpu_utilization_53ea38.csv,WARNING,,2.1588519452093715,0.63672310958077,0
2014-02-23 20:45:00,trace-483934,span-48088,ec2-compute-service,ec2_cpu_utilization_53ea38.csv,WARNING,,1.8771840465175271,0.6631303427315447,0
2014-02-23 20:50:00,trace-419187,span-45547,ec2-compute-service,ec2_cpu_utilization_53ea38.csv,WARNING,,1.7858810900738982,0.6300888168894726,0
2014-02-23 20:55:00,trace-651820,span-44349,ec2-compute-service,ec2_cpu_utilization_53ea38.csv,WARNING,,1.6592993433756513,0.5741824241558312,0
2014-02-23 21:00:00,trace-538661,span-15713,ec2-compute-service,ec2_cpu_utilization_53ea38.csv,WARNING,,2.0222435635155596,0.6650059030662848,0
2014-02-23 21:05:00,trace-563556,span-60990,ec2-compute-service,ec2_cpu_utilization_53ea38.csv,WARNING,,2.258274980499989,0.5139126905523224,0
2014-02-23 21:10:00,trace-578007,span-68141,ec2-compute-service,ec2_cpu_utilization_53ea38.csv,WARNING,,2.7101500139115857,0.7731393117843864,0
2014-02-23 21:15:00,trace-326156,span-47892,ec2-compute-service,ec2_cpu_utilization_53ea38.csv,WARNING,,1.5384178070383137,0.7070048806141545,0
2014-02-23 21:20:00,trace-161813,span-37712,ec2-compute-service,ec2_cpu_utilization_53ea38.csv,WARNING,,2.016044802540973,0.6989548621776543,0
2014-02-23 21:25:00,trace-867214,span-72292,ec2-compute-service,ec2_cpu_utilization_53ea38.csv,WARNING,,2.1688673630211257,0.650080536552617,0
2014-02-23 21:30:00,trace-818040,span-30309,ec2-compute-service,ec2_cpu_utilization_53ea38.csv,WARNING,,2.331231317862168,0.703040165720564,0
2014-02-23 21:35:00,trace-932972,span-30384,ec2-compute-service,ec2_cpu_utilization_53ea38.csv,WARNING,,1.9453302099184364,0.4605727706744946,0
2014-02-23 21:40:00,trace-205570,span-18702,ec2-compute-service,ec2_cpu_utilization_53ea38.csv,WARNING,,1.9987794976414768,0.6768513929070941,0
2014-02-23 21:45:00,trace-803286,span-39189,ec2-compute-service,ec2_cpu_utilization_53ea38.csv,WARNING,,2.149064774699659,0.6234542075627978,0
2014-02-23 21:50:00,trace-815460,span-19860,ec2-compute-service,ec2_cpu_utilization_53ea38.csv,WARNING,,2.397309469659124,0.6179631226188761,0
2014-02-23 21:55:00,trace-150612,span-33574,ec2-compute-service,ec2_cpu_utilization_53ea38.csv,WARNING,,2.2151899321444084,0.5894230586711754,0
2014-02-23 22:00:00,trace-897348,span-14809,ec2-compute-service,ec2_cpu_utilization_53ea38.csv,WARNING,,2.3549486036558123,0.6475634704763997,0
2014-02-23 22:05:00,trace-244528,span-66397,ec2-compute-service,ec2_cpu_utilization_53ea38.csv,WARNING,,1.7022949936070373,0.4975711064196431,0
2014-02-23 22:10:00,trace-931538,span-63932,ec2-compute-service,ec2_cpu_utilization_53ea38.csv,WARNING,,2.291348738609214,0.6653014208749475,0
2014-02-23 22:15:00,trace-646237,span-80080,ec2-compute-service,ec2_cpu_utilization_53ea38.csv,WARNING,,2.201481363950426,0.6530388318656398,0
2014-02-23 22:20:00,trace-994751,span-46187,ec2-compute-service,ec2_cpu_utilization_53ea38.csv,WARNING,,1.7895288538215623,0.6164891602784542,0
2014-02-23 22:25:00,trace-900921,span-68017,ec2-compute-service,ec2_cpu_utilization_53ea38.csv,WARNING,,1.9076727208062563,0.5464495488229022,0
2014-02-23 22:30:00,trace-412066,span-42049,ec2-compute-service,ec2_cpu_utilization_53ea38.csv,WARNING,,2.2885904358555966,0.58789665245662,0
2014-02-23 22:35:00,trace-740053,span-83963,ec2-compute-service,ec2_cpu_utilization_53ea38.csv,WARNING,,1.9708978628936333,0.4341258582382391,0
2014-02-23 22:40:00,trace-910717,span-47626,ec2-compute-service,ec2_cpu_utilization_53ea38.csv,WARNING,,2.028539539083263,0.5010960747562951,0
2014-02-23 22:45:00,trace-381342,span-29758,ec2-compute-service,ec2_cpu_utilization_53ea38.csv,WARNING,,1.8686536211294378,0.4516304880324731,0
2014-02-23 22:50:00,trace-101252,span-49764,ec2-compute-service,ec2_cpu_utilization_53ea38.csv,WARNING,,2.067147814782227,0.4496558064057256,0
2014-02-23 22:55:00,trace-585450,span-63682,ec2-compute-service,ec2_cpu_utilization_53ea38.csv,WARNING,,2.166911950196234,0.3611125794003434,0
2014-02-23 23:00:00,trace-427359,span-88587,ec2-compute-service,ec2_cpu_utilization_53ea38.csv,WARNING,,2.339067146652498,0.3973385323487794,0
2014-02-24 01:45:00,trace-863185,span-65393,ec2-compute-service,ec2_cpu_utilization_53ea38.csv,WARNING,,1.7612784068436846,0.3781862296497714,0
2014-02-24 02:10:00,trace-650222,span-33386,ec2-compute-service,ec2_cpu_utilization_53ea38.csv,WARNING,,1.8049530049955085,0.4863832037988544,0
2014-02-24 02:15:00,trace-437889,span-93251,ec2-compute-service,ec2_cpu_utilization_53ea38.csv,WARNING,,1.80562994233009,0.3808285695819945,0
2014-02-24 02:45:00,trace-983671,span-52318,ec2-compute-service,ec2_cpu_utilization_53ea38.csv,WARNING,,1.6028078128164653,0.3585683307806628,0
2014-02-24 03:10:00,trace-170390,span-62329,ec2-compute-service,ec2_cpu_utilization_53ea38.csv,WARNING,,2.404385515347266,0.3611240061326374,0
2014-02-24 03:40:00,trace-347940,span-49811,ec2-compute-service,ec2_cpu_utilization_53ea38.csv,WARNING,,2.5577206802640196,0.947137709651478,0
2014-02-24 03:45:00,trace-316464,span-97369,ec2-compute-service,ec2_cpu_utilization_53ea38.csv,WARNING,,1.955963492465197,0.8123575930066467,0
2014-02-24 03:50:00,trace-417267,span-83477,ec2-compute-service,ec2_cpu_utilization_53ea38.csv,WARNING,,1.7946850276748663,0.7611865805864834,0
2014-02-24 03:55:00,trace-694124,span-46586,ec2-compute-service,ec2_cpu_utilization_53ea38.csv,WARNING,,1.9192595512469734,0.7641388249152088,0
2014-02-24 04:00:00,trace-145002,span-16254,ec2-compute-service,ec2_cpu_utilization_53ea38.csv,WARNING,,1.537902711108253,0.7477195612642416,0
2014-02-24 12:10:00,trace-598870,span-90719,ec2-compute-service,ec2_cpu_utilization_53ea38.csv,WARNING,,1.7989906517762781,0.357868611940303,0
2014-02-24 12:15:00,trace-766997,span-32415,ec2-compute-service,ec2_cpu_utilization_53ea38.csv,WARNING,,1.7915694268745006,0.3713809692065878,0
2014-02-24 17:15:00,trace-994647,span-51240,ec2-compute-service,ec2_cpu_utilization_53ea38.csv,WARNING,,1.9373720885451404,0.361078552337133,0
2014-02-25 03:40:00,trace-463714,span-43434,ec2-compute-service,ec2_cpu_utilization_53ea38.csv,WARNING,,2.748651493772066,0.9237542247593402,0
2014-02-25 03:45:00,trace-962129,span-38732,ec2-compute-service,ec2_cpu_utilization_53ea38.csv,WARNING,,1.7222622531760918,0.7614265407964012,0
2014-02-25 03:50:00,trace-517170,span-67108,ec2-compute-service,ec2_cpu_utilization_53ea38.csv,WARNING,,1.4436431779808327,0.7711695075791082,0
2014-02-25 03:55:00,trace-211195,span-46668,ec2-compute-service,ec2_cpu_utilization_53ea38.csv,WARNING,,1.4677757019048836,0.7402779515952604,0
2014-02-25 04:00:00,trace-664037,span-26907,ec2-compute-service,ec2_cpu_utilization_53ea38.csv,WARNING,,1.6415122864939098,0.7368302451062647,0
2014-02-25 05:40:00,trace-151745,span-91818,ec2-compute-service,ec2_cpu_utilization_53ea38.csv,WARNING,,1.7048649489071588,0.4096689660793662,0
2014-02-25 05:45:00,trace-503704,span-32574,ec2-compute-service,ec2_cpu_utilization_53ea38.csv,WARNING,,1.757539780491519,0.4172624429939172,0
2014-02-25 07:40:00,trace-883415,span-65645,ec2-compute-service,ec2_cpu_utilization_53ea38.csv,WARNING,,1.8342938213818512,0.4383171398368788,0
2014-02-25 07:45:00,trace-480975,span-62796,ec2-compute-service,ec2_cpu_utilization_53ea38.csv,WARNING,,1.3649687686198935,0.4048609561357839,0
2014-02-25 08:10:00,trace-688579,span-89104,ec2-compute-service,ec2_cpu_utilization_53ea38.csv,WARNING,,1.772673263331652,0.4074033656042483,0
2014-02-25 08:15:00,trace-572930,span-60428,ec2-compute-service,ec2_cpu_utilization_53ea38.csv,WARNING,,2.0330437627861278,0.4079942473242171,0
2014-02-26 00:40:00,trace-575774,span-10055,ec2-compute-service,ec2_cpu_utilization_53ea38.csv,WARNING,,2.0790488340078466,0.3770185182116123,0
2014-02-26 00:45:00,trace-489593,span-38699,ec2-compute-service,ec2_cpu_utilization_53ea38.csv,WARNING,,1.6165466676424127,0.362715941047316,0
2014-02-26 03:15:00,trace-668535,span-26748,ec2-compute-service,ec2_cpu_utilization_53ea38.csv,WARNING,,1.9517998654806392,0.7209510180691319,0
2014-02-26 03:20:00,trace-246106,span-15126,ec2-compute-service,ec2_cpu_utilization_53ea38.csv,WARNING,,1.9326094314860758,0.5622929165389257,0
2014-02-26 03:25:00,trace-969270,span-94717,ec2-compute-service,ec2_cpu_utilization_53ea38.csv,WARNING,,2.0171184678014997,0.5094395010769115,0
2014-02-26 03:30:00,trace-953499,span-98869,ec2-compute-service,ec2_cpu_utilization_53ea38.csv,WARNING,,1.8234844318476169,0.5077597553960513,0
2014-02-26 03:35:00,trace-266926,span-56271,ec2-compute-service,ec2_cpu_utilization_53ea38.csv,WARNING,,1.6338551262835543,0.5023606776829703,0
2014-02-26 07:10:00,trace-473220,span-20267,ec2-compute-service,ec2_cpu_utilization_53ea38.csv,WARNING,,1.7728144831697326,0.5456261224405615,0
2014-02-26 07:15:00,trace-347736,span-60448,ec2-compute-service,ec2_cpu_utilization_53ea38.csv,WARNING,,1.5621668721423592,0.4262626736976899,0
2014-02-26 19:40:00,trace-550009,span-57915,ec2-compute-service,ec2_cpu_utilization_53ea38.csv,WARNING,,1.8651823469263942,0.3522370271852714,0
2014-02-26 20:45:00,trace-758956,span-16168,ec2-compute-service,ec2_cpu_utilization_53ea38.csv,WARNING,,1.7532045576481539,0.4212717982348007,0
2014-02-27 03:15:00,trace-567010,span-92152,ec2-compute-service,ec2_cpu_utilization_53ea38.csv,WARNING,,2.464463385023622,0.8188774994109291,0
2014-02-27 03:20:00,trace-126734,span-16371,ec2-compute-service,ec2_cpu_utilization_53ea38.csv,WARNING,,1.7922120611406223,0.6654338810209736,0
2014-02-27 03:25:00,trace-835265,span-22910,ec2-compute-service,ec2_cpu_utilization_53ea38.csv,WARNING,,1.9767164214127178,0.6152146385918538,0
2014-02-27 03:30:00,trace-181264,span-33275,ec2-compute-service,ec2_cpu_utilization_53ea38.csv,WARNING,,1.5607929101308258,0.6146569123124758,0
2014-02-27 03:35:00,trace-462920,span-70004,ec2-compute-service,ec2_cpu_utilization_53ea38.csv,WARNING,,1.725995309289563,0.6077711548500006,0
2014-02-27 09:10:00,trace-809913,span-58447,ec2-compute-service,ec2_cpu_utilization_53ea38.csv,WARNING,,2.157397153278151,0.3699946714957673,0
2014-02-27 09:40:00,trace-699991,span-86090,ec2-compute-service,ec2_cpu_utilization_53ea38.csv,WARNING,,2.501505172389,0.361555695309238,0
2014-02-27 09:45:00,trace-365956,span-38024,ec2-compute-service,ec2_cpu_utilization_53ea38.csv,WARNING,,1.5266835626806425,0.3574482386535986,0
2014-02-27 12:10:00,trace-216421,span-11605,ec2-compute-service,ec2_cpu_utilization_53ea38.csv,WARNING,,1.8776206609294486,0.3874081805028551,0
2014-02-27 15:40:00,trace-258211,span-87149,ec2-compute-service,ec2_cpu_utilization_53ea38.csv,WARNING,,1.8577073436339895,0.4298105157882025,0
2014-02-27 15:45:00,trace-886237,span-86125,ec2-compute-service,ec2_cpu_utilization_53ea38.csv,WARNING,,1.4257330785133593,0.4813726195887924,0
2014-02-27 22:10:00,trace-258518,span-23046,ec2-compute-service,ec2_cpu_utilization_53ea38.csv,WARNING,,1.7447108103844857,0.4171999473234723,0
2014-02-28 02:10:00,trace-856254,span-14324,ec2-compute-service,ec2_cpu_utilization_53ea38.csv,WARNING,,2.5409865816061323,0.4167760414689337,0
2014-02-28 03:35:00,trace-640677,span-51427,ec2-compute-service,ec2_cpu_utilization_53ea38.csv,WARNING,,2.9552169751956465,0.8426711247594612,0
2014-02-28 03:40:00,trace-222883,span-97886,ec2-compute-service,ec2_cpu_utilization_53ea38.csv,WARNING,,2.1883015847134004,0.6822372777263342,0
2014-02-28 03:45:00,trace-487952,span-94471,ec2-compute-service,ec2_cpu_utilization_53ea38.csv,WARNING,,1.8886007326168637,0.6546861886671491,0
2014-02-28 03:50:00,trace-360669,span-63441,ec2-compute-service,ec2_cpu_utilization_53ea38.csv,WARNING,,1.8388238726556183,0.6257084784918983,0
2014-02-28 03:55:00,trace-441383,span-56514,ec2-compute-service,ec2_cpu_utilization_53ea38.csv,WARNING,,2.0051747194675342,0.6471949196665762,0
2014-02-14 15:07:00,trace-237541,span-40105,ec2-compute-service,ec2_cpu_utilization_5f5533.csv,WARNING,,49.63750637637289,0.4183137515601907,0
2014-02-14 17:22:00,trace-716210,span-68067,ec2-compute-service,ec2_cpu_utilization_5f5533.csv,WARNING,,52.76614063242978,0.3642389801826408,0
2014-02-14 18:02:00,trace-335659,span-77584,ec2-compute-service,ec2_cpu_utilization_5f5533.csv,WARNING,,55.28249001874401,0.372991218368664,0
2014-02-14 18:42:00,trace-341983,span-52533,ec2-compute-service,ec2_cpu_utilization_5f5533.csv,WARNING,,54.89777449321611,0.3718155716930541,0
2014-02-14 18:57:00,trace-382762,span-42254,ec2-compute-service,ec2_cpu_utilization_5f5533.csv,WARNING,,52.79072171914458,0.3963046983741879,0
2014-02-14 19:22:00,trace-609930,span-57362,ec2-compute-service,ec2_cpu_utilization_5f5533.csv,WARNING,,43.11784053220121,0.3639532621655471,0
2014-02-14 19:52:00,trace-866641,span-69383,ec2-compute-service,ec2_cpu_utilization_5f5533.csv,WARNING,,45.44595730138464,0.3848647634452722,0
2014-02-14 20:02:00,trace-712246,span-19865,ec2-compute-service,ec2_cpu_utilization_5f5533.csv,WARNING,,63.16709585356295,0.4046707803389484,0
2014-02-14 20:07:00,trace-478892,span-15287,ec2-compute-service,ec2_cpu_utilization_5f5533.csv,WARNING,,55.14322402500804,0.3594136400611865,0
2014-02-14 20:17:00,trace-108512,span-11342,ec2-compute-service,ec2_cpu_utilization_5f5533.csv,WARNING,,53.90678552541209,0.3725316507944292,0
2014-02-14 22:32:00,trace-872042,span-89767,ec2-compute-service,ec2_cpu_utilization_5f5533.csv,WARNING,,55.93945565648736,0.4033150785600973,0
2014-02-14 23:12:00,trace-529474,span-52078,ec2-compute-service,ec2_cpu_utilization_5f5533.csv,WARNING,,62.743483399842226,0.4335108076691178,0
2014-02-15 00:07:00,trace-327645,span-22219,ec2-compute-service,ec2_cpu_utilization_5f5533.csv,WARNING,,62.89177880752953,0.3822131559786889,0
2014-02-15 01:52:00,trace-227309,span-77444,ec2-compute-service,ec2_cpu_utilization_5f5533.csv,WARNING,,57.28049146589149,0.3591855267618997,0
2014-02-15 02:57:00,trace-564008,span-75441,ec2-compute-service,ec2_cpu_utilization_5f5533.csv,WARNING,,46.16361661233003,0.3987842637062873,0
2014-02-15 03:37:00,trace-486594,span-15415,ec2-compute-service,ec2_cpu_utilization_5f5533.csv,WARNING,,59.05646787406213,0.4727779450647323,0
2014-02-15 03:52:00,trace-237023,span-97388,ec2-compute-service,ec2_cpu_utilization_5f5533.csv,WARNING,,44.1203945881328,0.4014514509977347,0
2014-02-15 04:12:00,trace-535048,span-68596,ec2-compute-service,ec2_cpu_utilization_5f5533.csv,WARNING,,35.11155250012143,0.3692255056692025,0
2014-02-15 04:57:00,trace-451005,span-96740,ec2-compute-service,ec2_cpu_utilization_5f5533.csv,WARNING,,47.12839677121581,0.4653149763627583,0
2014-02-15 05:02:00,trace-512498,span-33930,ec2-compute-service,ec2_cpu_utilization_5f5533.csv,WARNING,,45.5619161455081,0.3573230624012082,0
2014-02-15 06:57:00,trace-749789,span-30611,ec2-compute-service,ec2_cpu_utilization_5f5533.csv,WARNING,,49.9557278869708,0.4391890348648628,0
2014-02-15 08:07:00,trace-838345,span-94056,ec2-compute-service,ec2_cpu_utilization_5f5533.csv,WARNING,,57.63904026480294,0.457362302700071,0
2014-02-15 10:07:00,trace-290279,span-85046,ec2-compute-service,ec2_cpu_utilization_5f5533.csv,WARNING,,57.76665884703241,0.3917830116519553,0
2014-02-15 12:07:00,trace-139711,span-21954,ec2-compute-service,ec2_cpu_utilization_5f5533.csv,WARNING,,55.809391641659325,0.4038044663403149,0
2014-02-15 14:07:00,trace-318134,span-28574,ec2-compute-service,ec2_cpu_utilization_5f5533.csv,WARNING,,56.86347111422259,0.5418449442056957,0
2014-02-15 14:12:00,trace-692016,span-44016,ec2-compute-service,ec2_cpu_utilization_5f5533.csv,WARNING,,42.08625876817011,0.4143201586955723,0
2014-02-15 14:17:00,trace-611937,span-28381,ec2-compute-service,ec2_cpu_utilization_5f5533.csv,WARNING,,35.58883441065978,0.3528707292489125,0
2014-02-15 14:22:00,trace-192263,span-14018,ec2-compute-service,ec2_cpu_utilization_5f5533.csv,WARNING,,49.095300209875205,0.3650628376816742,0
2014-02-15 16:07:00,trace-665445,span-64917,ec2-compute-service,ec2_cpu_utilization_5f5533.csv,WARNING,,49.83267769234813,0.4174601959301214,0
2014-02-15 17:02:00,trace-445266,span-34519,ec2-compute-service,ec2_cpu_utilization_5f5533.csv,WARNING,,57.738220684126134,0.3982091233510562,0
2014-02-15 17:42:00,trace-443054,span-81324,ec2-compute-service,ec2_cpu_utilization_5f5533.csv,WARNING,,52.322046259537224,0.39312304139346,0
2014-02-15 17:57:00,trace-125053,span-19446,ec2-compute-service,ec2_cpu_utilization_5f5533.csv,WARNING,,53.90236399024377,0.3688079498865637,0
2014-02-15 18:22:00,trace-675644,span-20789,ec2-compute-service,ec2_cpu_utilization_5f5533.csv,WARNING,,57.67275401604547,0.3542071630191499,0
2014-02-15 18:47:00,trace-930460,span-74484,ec2-compute-service,ec2_cpu_utilization_5f5533.csv,WARNING,,59.09466799973138,0.3970701049737902,0
2014-02-15 19:27:00,trace-364480,span-77779,ec2-compute-service,ec2_cpu_utilization_5f5533.csv,WARNING,,54.46110220179294,0.3653298946217955,0
2014-02-15 20:07:00,trace-132265,span-53872,ec2-compute-service,ec2_cpu_utilization_5f5533.csv,WARNING,,45.64505419692012,0.4835241408710377,0
2014-02-15 20:22:00,trace-548396,span-33710,ec2-compute-service,ec2_cpu_utilization_5f5533.csv,WARNING,,48.51463853659396,0.3628120241556013,0
2014-02-15 20:47:00,trace-302967,span-74435,ec2-compute-service,ec2_cpu_utilization_5f5533.csv,WARNING,,51.32304414614879,0.4214879240262971,0
2014-02-15 22:07:00,trace-856892,span-30103,ec2-compute-service,ec2_cpu_utilization_5f5533.csv,WARNING,,47.05911258375185,0.5335164704675248,0
2014-02-15 22:12:00,trace-114382,span-94291,ec2-compute-service,ec2_cpu_utilization_5f5533.csv,WARNING,,49.638642233106545,0.3532748541185225,0
2014-02-15 22:17:00,trace-382753,span-26478,ec2-compute-service,ec2_cpu_utilization_5f5533.csv,WARNING,,43.46674950576104,0.3727301233389531,0
2014-02-15 22:22:00,trace-437827,span-81315,ec2-compute-service,ec2_cpu_utilization_5f5533.csv,WARNING,,42.66856078428901,0.3668921437887014,0
2014-02-15 23:27:00,trace-114153,span-86325,ec2-compute-service,ec2_cpu_utilization_5f5533.csv,WARNING,,47.4853410774129,0.4032166334142639,0
2014-02-16 00:47:00,trace-155318,span-10814,ec2-compute-service,ec2_cpu_utilization_5f5533.csv,WARNING,,47.97147785456985,0.3572502161049903,0
2014-02-16 01:07:00,trace-976906,span-12443,ec2-compute-service,ec2_cpu_utilization_5f5533.csv,WARNING,,59.877003453519656,0.364072262874632,0
2014-02-16 01:27:00,trace-959751,span-27368,ec2-compute-service,ec2_cpu_utilization_5f5533.csv,WARNING,,48.035082704228174,0.4270551776094396,0
2014-02-16 02:32:00,trace-191751,span-37306,ec2-compute-service,ec2_cpu_utilization_5f5533.csv,WARNING,,61.919301042175924,0.4692135506538046,0
2014-02-16 02:47:00,trace-923651,span-90879,ec2-compute-service,ec2_cpu_utilization_5f5533.csv,WARNING,,55.07208178554344,0.3766002864156075,0
2014-02-16 03:27:00,trace-684567,span-63028,ec2-compute-service,ec2_cpu_utilization_5f5533.csv,WARNING,,60.88038240843971,0.5872043907346569,0
2014-02-16 03:32:00,trace-938761,span-37632,ec2-compute-service,ec2_cpu_utilization_5f5533.csv,WARNING,,46.68852817828705,0.4271735467534439,0
2014-02-16 03:37:00,trace-209945,span-65176,ec2-compute-service,ec2_cpu_utilization_5f5533.csv,WARNING,,42.08678706288351,0.3625074057964894,0
2014-02-16 03:42:00,trace-598716,span-54327,ec2-compute-service,ec2_cpu_utilization_5f5533.csv,WARNING,,57.20872653979129,0.4245305473169191,0
2014-02-16 03:47:00,trace-278954,span-23718,ec2-compute-service,ec2_cpu_utilization_5f5533.csv,WARNING,,40.31642236881418,0.3790780639879412,0
2014-02-16 04:07:00,trace-384260,span-46244,ec2-compute-service,ec2_cpu_utilization_5f5533.csv,WARNING,,46.95887916321261,0.4883730698717869,0
2014-02-16 04:22:00,trace-278595,span-29256,ec2-compute-service,ec2_cpu_utilization_5f5533.csv,WARNING,,49.26052938666268,0.4465289223198824,0
2014-02-16 05:02:00,trace-808533,span-47430,ec2-compute-service,ec2_cpu_utilization_5f5533.csv,WARNING,,47.24573399354861,0.3611952589089564,0
2014-02-16 05:42:00,trace-430388,span-21694,ec2-compute-service,ec2_cpu_utilization_5f5533.csv,WARNING,,43.274923922903035,0.3619542957795167,0
2014-02-16 06:22:00,trace-157545,span-49224,ec2-compute-service,ec2_cpu_utilization_5f5533.csv,WARNING,,42.475747009039935,0.359693728014248,0
2014-02-16 07:02:00,trace-113224,span-50738,ec2-compute-service,ec2_cpu_utilization_5f5533.csv,WARNING,,50.57641848035556,0.3501480256345816,0
2014-02-16 07:57:00,trace-280760,span-83509,ec2-compute-service,ec2_cpu_utilization_5f5533.csv,WARNING,,51.458183271638774,0.5397107759019744,0
2014-02-16 08:02:00,trace-226161,span-18666,ec2-compute-service,ec2_cpu_utilization_5f5533.csv,WARNING,,49.50716257181518,0.3547074095542911,0
2014-02-16 08:17:00,trace-398512,span-16783,ec2-compute-service,ec2_cpu_utilization_5f5533.csv,WARNING,,35.3640979493123,0.3776011940744911,0
2014-02-16 11:17:00,trace-301579,span-89026,ec2-compute-service,ec2_cpu_utilization_5f5533.csv,WARNING,,46.94836386823195,0.3669499687479193,0
2014-02-16 11:57:00,trace-429670,span-80835,ec2-compute-service,ec2_cpu_utilization_5f5533.csv,WARNING,,51.8075777073086,0.4486807570689691,0
2014-02-16 13:17:00,trace-318967,span-56240,ec2-compute-service,ec2_cpu_utilization_5f5533.csv,WARNING,,49.621611372165056,0.3746214922409511,0
2014-02-16 13:57:00,trace-194270,span-14757,ec2-compute-service,ec2_cpu_utilization_5f5533.csv,WARNING,,48.769319521162274,0.5567349434324634,0
2014-02-16 14:02:00,trace-247313,span-37696,ec2-compute-service,ec2_cpu_utilization_5f5533.csv,WARNING,,40.04275564370701,0.3683211794662129,0
2014-02-16 14:12:00,trace-670451,span-29816,ec2-compute-service,ec2_cpu_utilization_5f5533.csv,WARNING,,41.904079981732316,0.3577732207258502,0
2014-02-16 14:37:00,trace-414997,span-34917,ec2-compute-service,ec2_cpu_utilization_5f5533.csv,WARNING,,43.527086551871925,0.3665572032400386,0
2014-02-16 15:57:00,trace-306524,span-72823,ec2-compute-service,ec2_cpu_utilization_5f5533.csv,WARNING,,53.38082747240259,0.4010187281085025,0
2014-02-16 17:32:00,trace-830880,span-11759,ec2-compute-service,ec2_cpu_utilization_5f5533.csv,WARNING,,43.421835314612274,0.3661405836726894,0
2014-02-16 19:07:00,trace-978806,span-12482,ec2-compute-service,ec2_cpu_utilization_5f5533.csv,WARNING,,47.18590422377695,0.4493585034338545,0
2014-02-16 19:12:00,trace-551282,span-12079,ec2-compute-service,ec2_cpu_utilization_5f5533.csv,WARNING,,43.57120282110998,0.3510098447704727,0
2014-02-16 22:57:00,trace-841804,span-52460,ec2-compute-service,ec2_cpu_utilization_5f5533.csv,WARNING,,52.31882482630802,0.3806506651849121,0
2014-02-17 01:52:00,trace-717895,span-99106,ec2-compute-service,ec2_cpu_utilization_5f5533.csv,WARNING,,43.28403254712592,0.3651541209434343,0
2014-02-17 02:32:00,trace-688365,span-48258,ec2-compute-service,ec2_cpu_utilization_5f5533.csv,WARNING,,51.599533403488316,0.3579595576353674,0
2014-02-17 02:52:00,trace-237717,span-48000,ec2-compute-service,ec2_cpu_utilization_5f5533.csv,WARNING,,38.07418153503397,0.3690884866502887,0
2014-02-17 02:57:00,trace-400709,span-35522,ec2-compute-service,ec2_cpu_utilization_5f5533.csv,WARNING,,46.384218476822426,0.4985141212908895,0
2014-02-17 03:12:00,trace-286240,span-62487,ec2-compute-service,ec2_cpu_utilization_5f5533.csv,WARNING,,60.541647169665175,0.4255487676573322,0
2014-02-17 03:17:00,trace-402950,span-58770,ec2-compute-service,ec2_cpu_utilization_5f5533.csv,WARNING,,41.62784540754687,0.3560899491228343,0
2014-02-17 04:17:00,trace-962061,span-62603,ec2-compute-service,ec2_cpu_utilization_5f5533.csv,WARNING,,59.35572975715106,0.4074345704834611,0
2014-02-17 04:57:00,trace-837334,span-36399,ec2-compute-service,ec2_cpu_utilization_5f5533.csv,WARNING,,57.763297363126455,0.3838051015554349,0
2014-02-17 05:37:00,trace-209575,span-86534,ec2-compute-service,ec2_cpu_utilization_5f5533.csv,WARNING,,47.77342200346188,0.3688074509520282,0
2014-02-17 06:57:00,trace-392822,span-86218,ec2-compute-service,ec2_cpu_utilization_5f5533.csv,WARNING,,54.11897018869033,0.4504222683401589,0
2014-02-17 08:17:00,trace-436199,span-66373,ec2-compute-service,ec2_cpu_utilization_5f5533.csv,WARNING,,49.20890992867228,0.3939852091646449,0
2014-02-17 08:57:00,trace-562052,span-82258,ec2-compute-service,ec2_cpu_utilization_5f5533.csv,WARNING,,61.11021365191578,0.3741120753471013,0
2014-02-17 10:57:00,trace-447739,span-89111,ec2-compute-service,ec2_cpu_utilization_5f5533.csv,WARNING,,45.8518000178641,0.5013154499668219,0
2014-02-17 11:02:00,trace-134911,span-97127,ec2-compute-service,ec2_cpu_utilization_5f5533.csv,WARNING,,47.774695747294075,0.3732547749418455,0
2014-02-17 14:57:00,trace-999885,span-94458,ec2-compute-service,ec2_cpu_utilization_5f5533.csv,WARNING,,63.398325297619486,0.4557735798563193,0
2014-02-17 15:12:00,trace-416915,span-96925,ec2-compute-service,ec2_cpu_utilization_5f5533.csv,WARNING,,47.95613985340252,0.3846338947905914,0
2014-02-17 16:57:00,trace-510543,span-57057,ec2-compute-service,ec2_cpu_utilization_5f5533.csv,WARNING,,43.54847841246186,0.4808235420164187,0
2014-02-17 17:12:00,trace-354726,span-26032,ec2-compute-service,ec2_cpu_utilization_5f5533.csv,WARNING,,46.74890041195992,0.4327458669311467,0
2014-02-17 17:17:00,trace-808754,span-30079,ec2-compute-service,ec2_cpu_utilization_5f5533.csv,WARNING,,38.29029990504419,0.3697086696617043,0
2014-02-17 17:32:00,trace-244931,span-60460,ec2-compute-service,ec2_cpu_utilization_5f5533.csv,WARNING,,38.60719303464679,0.3773913754886415,0
2014-02-17 17:37:00,trace-501921,span-52880,ec2-compute-service,ec2_cpu_utilization_5f5533.csv,WARNING,,61.46084083318704,0.5488437522361569,0
2014-02-17 17:42:00,trace-187955,span-95514,ec2-compute-service,ec2_cpu_utilization_5f5533.csv,WARNING,,41.62400226004464,0.376996155043,0
2014-02-17 17:47:00,trace-330785,span-86918,ec2-compute-service,ec2_cpu_utilization_5f5533.csv,WARNING,,39.12137612782563,0.3703562493311315,0
2014-02-17 17:52:00,trace-638884,span-43572,ec2-compute-service,ec2_cpu_utilization_5f5533.csv,WARNING,,47.32855496632297,0.35086437009803,0
2014-02-17 18:12:00,trace-294269,span-72516,ec2-compute-service,ec2_cpu_utilization_5f5533.csv,WARNING,,36.823422081736325,0.3702405157881935,0
2014-02-17 18:17:00,trace-881817,span-27771,ec2-compute-service,ec2_cpu_utilization_5f5533.csv,WARNING,,44.24898002214717,0.3556257725731193,0
2014-02-17 18:57:00,trace-356713,span-58285,ec2-compute-service,ec2_cpu_utilization_5f5533.csv,WARNING,,56.124407612343425,0.599637647525584,0
2014-02-17 19:02:00,trace-190093,span-96143,ec2-compute-service,ec2_cpu_utilization_5f5533.csv,WARNING,,39.38092395574088,0.4400714254281407,0
2014-02-17 19:07:00,trace-783889,span-45954,ec2-compute-service,ec2_cpu_utilization_5f5533.csv,WARNING,,45.39910485872397,0.3981050765284713,0
2014-02-17 19:12:00,trace-659655,span-70774,ec2-compute-service,ec2_cpu_utilization_5f5533.csv,WARNING,,43.71457382097945,0.4292262233891476,0
2014-02-17 19:17:00,trace-248757,span-61693,ec2-compute-service,ec2_cpu_utilization_5f5533.csv,WARNING,,54.418783123820866,0.3643110758088914,0
2014-02-17 19:37:00,trace-338009,span-86908,ec2-compute-service,ec2_cpu_utilization_5f5533.csv,WARNING,,57.73639724441447,0.4394958317747435,0
2014-02-17 21:22:00,trace-436676,span-91994,ec2-compute-service,ec2_cpu_utilization_5f5533.csv,WARNING,,59.47297129900934,0.3633553545346665,0
2014-02-17 22:17:00,trace-618271,span-71268,ec2-compute-service,ec2_cpu_utilization_5f5533.csv,WARNING,,59.086866430396206,0.3754856587188598,0
2014-02-17 23:22:00,trace-288456,span-41653,ec2-compute-service,ec2_cpu_utilization_5f5533.csv,WARNING,,44.46907720298676,0.4328609142973741,0
2014-02-18 00:02:00,trace-328504,span-88411,ec2-compute-service,ec2_cpu_utilization_5f5533.csv,WARNING,,47.73283522476019,0.4411184345792841,0
2014-02-18 01:22:00,trace-140809,span-26725,ec2-compute-service,ec2_cpu_utilization_5f5533.csv,WARNING,,44.94468808011121,0.3580336447739231,0
2014-02-18 01:47:00,trace-599512,span-91182,ec2-compute-service,ec2_cpu_utilization_5f5533.csv,WARNING,,59.58148908802607,0.3721027849705763,0
2014-02-18 02:27:00,trace-104263,span-56828,ec2-compute-service,ec2_cpu_utilization_5f5533.csv,WARNING,,58.12977994520293,0.5017876677334291,0
2014-02-18 03:07:00,trace-436326,span-69052,ec2-compute-service,ec2_cpu_utilization_5f5533.csv,WARNING,,62.422459790928706,0.5597218609929063,0
2014-02-18 03:12:00,trace-463476,span-99563,ec2-compute-service,ec2_cpu_utilization_5f5533.csv,WARNING,,50.098077697322005,0.3864916413697453,0
2014-02-18 03:17:00,trace-791757,span-96145,ec2-compute-service,ec2_cpu_utilization_5f5533.csv,WARNING,,36.563397211212624,0.3863349658666491,0
2014-02-18 03:22:00,trace-292192,span-29250,ec2-compute-service,ec2_cpu_utilization_5f5533.csv,WARNING,,42.11610908171764,0.4180745817751369,0
2014-02-18 05:07:00,trace-677564,span-67492,ec2-compute-service,ec2_cpu_utilization_5f5533.csv,WARNING,,60.65901848442332,0.4158806406653442,0
2014-02-18 07:07:00,trace-880298,span-99599,ec2-compute-service,ec2_cpu_utilization_5f5533.csv,WARNING,,62.252048037536944,0.4215500588706394,0
2014-02-18 09:07:00,trace-517978,span-21046,ec2-compute-service,ec2_cpu_utilization_5f5533.csv,WARNING,,55.49302657312196,0.4277748491530822,0
2014-02-18 09:22:00,trace-478165,span-38769,ec2-compute-service,ec2_cpu_utilization_5f5533.csv,WARNING,,50.07079870180352,0.3898561142991831,0
2014-02-18 10:02:00,trace-366997,span-99399,ec2-compute-service,ec2_cpu_utilization_5f5533.csv,WARNING,,47.086088544233746,0.3505637895752462,0
2014-02-18 10:27:00,trace-861379,span-84478,ec2-compute-service,ec2_cpu_utilization_5f5533.csv,WARNING,,48.38892300195554,0.3978222185192098,0
2014-02-18 10:52:00,trace-560514,span-41987,ec2-compute-service,ec2_cpu_utilization_5f5533.csv,WARNING,,43.35729485315233,0.3753886152407824,0
2014-02-18 11:32:00,trace-221789,span-34058,ec2-compute-service,ec2_cpu_utilization_5f5533.csv,WARNING,,55.2296537107644,0.391053489665673,0
2014-02-18 12:52:00,trace-166017,span-57304,ec2-compute-service,ec2_cpu_utilization_5f5533.csv,WARNING,,59.06033107551994,0.3987880868471293,0
2014-02-18 13:57:00,trace-756884,span-25048,ec2-compute-service,ec2_cpu_utilization_5f5533.csv,WARNING,,50.785742551983496,0.4515074274780876,0
2014-02-18 16:12:00,trace-941344,span-44008,ec2-compute-service,ec2_cpu_utilization_5f5533.csv,WARNING,,56.63897707004692,0.3708391836638631,0
2014-02-18 17:57:00,trace-707847,span-65337,ec2-compute-service,ec2_cpu_utilization_5f5533.csv,WARNING,,53.16454008942419,0.4567993829618122,0
2014-02-18 18:12:00,trace-124354,span-55186,ec2-compute-service,ec2_cpu_utilization_5f5533.csv,WARNING,,43.8907151283239,0.4234149197038885,0
2014-02-18 18:52:00,trace-710411,span-85186,ec2-compute-service,ec2_cpu_utilization_5f5533.csv,WARNING,,48.029512768821846,0.3971238139327379,0
2014-02-18 19:17:00,trace-713217,span-33051,ec2-compute-service,ec2_cpu_utilization_5f5533.csv,WARNING,,49.67677957073571,0.3541423852021144,0
2014-02-18 19:57:00,trace-225995,span-79626,ec2-compute-service,ec2_cpu_utilization_5f5533.csv,WARNING,,66.16854751591316,0.5776566044859622,0
2014-02-18 20:02:00,trace-280553,span-46408,ec2-compute-service,ec2_cpu_utilization_5f5533.csv,WARNING,,44.073110419465635,0.4222640080474373,0
2014-02-18 20:07:00,trace-419278,span-30491,ec2-compute-service,ec2_cpu_utilization_5f5533.csv,WARNING,,46.13651895529617,0.3669758265272306,0
2014-02-18 20:12:00,trace-714615,span-10338,ec2-compute-service,ec2_cpu_utilization_5f5533.csv,WARNING,,53.47947703662618,0.3898665259273877,0
2014-02-18 21:17:00,trace-807220,span-21344,ec2-compute-service,ec2_cpu_utilization_5f5533.csv,WARNING,,56.521480322883114,0.422730383289672,0
2014-02-18 21:42:00,trace-692245,span-68053,ec2-compute-service,ec2_cpu_utilization_5f5533.csv,WARNING,,62.885401560917465,0.3898753994439469,0
2014-02-18 23:27:00,trace-286833,span-72552,ec2-compute-service,ec2_cpu_utilization_5f5533.csv,WARNING,,56.37184544526029,0.398392556467706,0
2014-02-19 00:07:00,trace-357594,span-37935,ec2-compute-service,ec2_cpu_utilization_5f5533.csv,WARNING,,57.457758823681175,0.367775934313606,0
2014-02-19 00:17:00,trace-956774,span-22182,ec2-compute-service,ec2_cpu_utilization_5f5533.csv,WARNING,,55.822189403275495,0.5099096938498755,0
2014-02-19 00:22:00,trace-381685,span-92310,ec2-compute-service,ec2_cpu_utilization_5f5533.csv,ERROR,CPUUtilizationHigh: CPU usage spike detected (62.1%),50.48742065884813,0.7349098227623245,1
2014-02-19 00:27:00,trace-764180,span-34070,ec2-compute-service,ec2_cpu_utilization_5f5533.csv,WARNING,,38.67449212971248,0.67061444492957,0
2014-02-19 00:32:00,trace-442703,span-83543,ec2-compute-service,ec2_cpu_utilization_5f5533.csv,WARNING,,60.39804885431773,0.5786238606119756,0
2014-02-19 00:37:00,trace-850294,span-16737,ec2-compute-service,ec2_cpu_utilization_5f5533.csv,WARNING,,48.895089731117366,0.6062088667650174,0
2014-02-19 00:42:00,trace-938003,span-35510,ec2-compute-service,ec2_cpu_utilization_5f5533.csv,WARNING,,43.34016044320625,0.6027626947559495,0
2014-02-19 00:57:00,trace-349321,span-76150,ec2-compute-service,ec2_cpu_utilization_5f5533.csv,WARNING,,44.046623486980046,0.5034365142645856,0
2014-02-19 21:57:00,trace-437054,span-62375,ec2-compute-service,ec2_cpu_utilization_5f5533.csv,WARNING,,45.09613071116684,0.3720041912035143,0
2014-02-19 23:57:00,trace-982875,span-67132,ec2-compute-service,ec2_cpu_utilization_5f5533.csv,WARNING,,42.331629374325885,0.4136956427830506,0
2014-02-20 05:57:00,trace-234055,span-30662,ec2-compute-service,ec2_cpu_utilization_5f5533.csv,WARNING,,48.58599479045136,0.3558683736435906,0
2014-02-20 17:57:00,trace-796358,span-66846,ec2-compute-service,ec2_cpu_utilization_5f5533.csv,WARNING,,57.26393946411688,0.3758893973795504,0
2014-02-21 02:57:00,trace-406691,span-64620,ec2-compute-service,ec2_cpu_utilization_5f5533.csv,WARNING,,55.18143508976979,0.4155078671982847,0
2014-02-21 16:57:00,trace-369708,span-37345,ec2-compute-service,ec2_cpu_utilization_5f5533.csv,WARNING,,51.3892519621592,0.3769377948441067,0
2014-02-22 05:07:00,trace-354444,span-89273,ec2-compute-service,ec2_cpu_utilization_5f5533.csv,WARNING,,58.612632407022986,0.3701162567791998,0
2014-02-22 10:42:00,trace-210017,span-84038,ec2-compute-service,ec2_cpu_utilization_5f5533.csv,WARNING,,49.03008425778294,0.3529240085062011,0
2014-02-23 06:07:00,trace-559297,span-39430,ec2-compute-service,ec2_cpu_utilization_5f5533.csv,WARNING,,45.01025166731451,0.3886980492501359,0
2014-02-23 13:57:00,trace-850865,span-58543,ec2-compute-service,ec2_cpu_utilization_5f5533.csv,WARNING,,59.85767915926072,0.3871096821294658,0
2014-02-24 07:57:00,trace-982554,span-49974,ec2-compute-service,ec2_cpu_utilization_5f5533.csv,WARNING,,41.52239941215238,0.3857218717783456,0
2014-02-24 14:07:00,trace-931516,span-39629,ec2-compute-service,ec2_cpu_utilization_5f5533.csv,WARNING,,42.30052282120398,0.3610780970897739,0
2014-02-24 14:57:00,trace-698260,span-72187,ec2-compute-service,ec2_cpu_utilization_5f5533.csv,WARNING,,53.64525354143682,0.3891109386575183,0
2014-02-24 18:37:00,trace-709719,span-93691,ec2-compute-service,ec2_cpu_utilization_5f5533.csv,ERROR,CPUUtilizationHigh: CPU usage spike detected (34.8%),41.497858356073074,0.4308084779247071,1
2014-02-24 18:42:00,trace-989097,span-60072,ec2-compute-service,ec2_cpu_utilization_5f5533.csv,WARNING,,40.279026796402,0.3739942878910769,0
2014-02-24 19:02:00,trace-350195,span-22676,ec2-compute-service,ec2_cpu_utilization_5f5533.csv,WARNING,,38.441971418365085,0.4407492326346474,0
2014-02-24 19:07:00,trace-841040,span-12050,ec2-compute-service,ec2_cpu_utilization_5f5533.csv,WARNING,,44.18065350992983,0.3916541216302846,0
2014-02-24 19:17:00,trace-649239,span-42413,ec2-compute-service,ec2_cpu_utilization_5f5533.csv,WARNING,,40.229352200770506,0.4141885965858177,0
2014-02-24 19:22:00,trace-999005,span-50600,ec2-compute-service,ec2_cpu_utilization_5f5533.csv,WARNING,,39.00136235446122,0.3609527329890636,0
2014-02-24 19:42:00,trace-885332,span-45400,ec2-compute-service,ec2_cpu_utilization_5f5533.csv,WARNING,,30.44383638413699,0.3672427225718498,0
2014-02-24 20:22:00,trace-222744,span-99431,ec2-compute-service,ec2_cpu_utilization_5f5533.csv,WARNING,,30.539214773653775,0.3742118797898108,0
2014-02-24 20:47:00,trace-601946,span-53001,ec2-compute-service,ec2_cpu_utilization_5f5533.csv,WARNING,,40.038108004142956,0.3830446829913396,0
2014-02-24 20:52:00,trace-931460,span-47573,ec2-compute-service,ec2_cpu_utilization_5f5533.csv,WARNING,,52.11443635271539,0.3579042432315328,0
2014-02-24 21:02:00,trace-811998,span-39757,ec2-compute-service,ec2_cpu_utilization_5f5533.csv,WARNING,,37.61639817174324,0.3878187271613216,0
2014-02-24 21:07:00,trace-279352,span-34262,ec2-compute-service,ec2_cpu_utilization_5f5533.csv,WARNING,,53.412699923202766,0.3691790433753297,0
2014-02-24 21:27:00,trace-550195,span-91470,ec2-compute-service,ec2_cpu_utilization_5f5533.csv,WARNING,,31.103056866305188,0.4225264703172613,0
2014-02-24 21:32:00,trace-426898,span-44157,ec2-compute-service,ec2_cpu_utilization_5f5533.csv,WARNING,,38.76904132765465,0.3805797195261466,0
2014-02-24 21:42:00,trace-161665,span-92856,ec2-compute-service,ec2_cpu_utilization_5f5533.csv,WARNING,,30.56990520599611,0.4217430861176789,0
2014-02-24 21:47:00,trace-286626,span-24199,ec2-compute-service,ec2_cpu_utilization_5f5533.csv,WARNING,,47.686861658803956,0.5911782452221387,0
2014-02-24 21:52:00,trace-698069,span-82750,ec2-compute-service,ec2_cpu_utilization_5f5533.csv,WARNING,,40.68461682607741,0.3755027424561153,0
2014-02-24 21:57:00,trace-933032,span-86898,ec2-compute-service,ec2_cpu_utilization_5f5533.csv,WARNING,,70.74143445597072,0.9667652876518404,0
2014-02-24 22:02:00,trace-654736,span-36172,ec2-compute-service,ec2_cpu_utilization_5f5533.csv,WARNING,,34.189194016981986,0.9534825742709502,0
2014-02-24 22:07:00,trace-577602,span-35425,ec2-compute-service,ec2_cpu_utilization_5f5533.csv,WARNING,,43.61729996712147,0.8602631578538743,0
2014-02-24 22:12:00,trace-474999,span-34578,ec2-compute-service,ec2_cpu_utilization_5f5533.csv,WARNING,,41.5369175933616,0.890820881326001,0
2014-02-24 22:17:00,trace-423557,span-64028,ec2-compute-service,ec2_cpu_utilization_5f5533.csv,WARNING,,33.686389229333095,0.909580096580472,0
2014-02-25 07:27:00,trace-568974,span-70504,ec2-compute-service,ec2_cpu_utilization_5f5533.csv,WARNING,,36.62268363970422,0.3547504796603699,0
2014-02-26 00:22:00,trace-134701,span-93300,ec2-compute-service,ec2_cpu_utilization_5f5533.csv,WARNING,,29.5133890598872,0.3579160244986978,0
2014-02-27 08:12:00,trace-183560,span-33874,ec2-compute-service,ec2_cpu_utilization_5f5533.csv,WARNING,,32.37603333545335,0.3984970463942738,0
2014-02-27 11:27:00,trace-591036,span-75160,ec2-compute-service,ec2_cpu_utilization_5f5533.csv,WARNING,,28.928747539660716,0.3519773257307566,0
2014-04-02 15:00:00,trace-713089,span-35931,ec2-compute-service,ec2_cpu_utilization_77c1ca.csv,WARNING,,23.72325478839183,0.4902127690216563,0
2014-04-02 15:05:00,trace-932974,span-52520,ec2-compute-service,ec2_cpu_utilization_77c1ca.csv,WARNING,,94.23683401388756,0.7123596343814056,0
2014-04-02 15:10:00,trace-412250,span-91121,ec2-compute-service,ec2_cpu_utilization_77c1ca.csv,WARNING,,86.03572905859673,0.5606814396836852,0
2014-04-02 15:15:00,trace-658030,span-79669,ec2-compute-service,ec2_cpu_utilization_77c1ca.csv,WARNING,,81.17939492780596,0.571613535567892,0
2014-04-02 15:20:00,trace-235044,span-80831,ec2-compute-service,ec2_cpu_utilization_77c1ca.csv,WARNING,,20.206609951197727,0.7833153630691922,0
2014-04-02 15:25:00,trace-992964,span-19903,ec2-compute-service,ec2_cpu_utilization_77c1ca.csv,WARNING,,0.10733035054638385,0.5353230637507265,0
2014-04-02 15:30:00,trace-972388,span-96988,ec2-compute-service,ec2_cpu_utilization_77c1ca.csv,WARNING,,0.11632924209318975,0.4977327276385321,0
2014-04-02 15:35:00,trace-225991,span-19516,ec2-compute-service,ec2_cpu_utilization_77c1ca.csv,WARNING,,0.10120793235492724,0.4435363117755976,0
2014-04-02 17:05:00,trace-626684,span-94082,ec2-compute-service,ec2_cpu_utilization_77c1ca.csv,WARNING,,82.67276251069727,0.8217050243247137,0
2014-04-02 17:10:00,trace-756951,span-21303,ec2-compute-service,ec2_cpu_utilization_77c1ca.csv,WARNING,,90.0349030490357,0.5772144197485982,0
2014-04-02 17:15:00,trace-349690,span-96231,ec2-compute-service,ec2_cpu_utilization_77c1ca.csv,WARNING,,106.1567226679397,0.5899004537153674,0
2014-04-02 17:20:00,trace-119623,span-77675,ec2-compute-service,ec2_cpu_utilization_77c1ca.csv,WARNING,,78.4799357000394,0.5340339402079863,0
2014-04-02 17:25:00,trace-558298,span-93624,ec2-compute-service,ec2_cpu_utilization_77c1ca.csv,WARNING,,0.0952275622528057,0.7618084181999837,0
2014-04-02 17:30:00,trace-807116,span-36292,ec2-compute-service,ec2_cpu_utilization_77c1ca.csv,WARNING,,0.07075571637447194,0.5026382851582895,0
2014-04-02 17:35:00,trace-972638,span-79274,ec2-compute-service,ec2_cpu_utilization_77c1ca.csv,WARNING,,0.11010866558230566,0.4850601141106401,0
2014-04-02 17:40:00,trace-777894,span-73620,ec2-compute-service,ec2_cpu_utilization_77c1ca.csv,WARNING,,9.334021259804528,0.4400778009496306,0
2014-04-02 17:45:00,trace-174553,span-78344,ec2-compute-service,ec2_cpu_utilization_77c1ca.csv,WARNING,,76.7087940943592,0.903443600204852,0
2014-04-02 17:50:00,trace-671926,span-88249,ec2-compute-service,ec2_cpu_utilization_77c1ca.csv,WARNING,,0.11581052079055543,0.927428308617432,0
2014-04-02 17:55:00,trace-778250,span-87236,ec2-compute-service,ec2_cpu_utilization_77c1ca.csv,WARNING,,0.07462342457113175,0.4691953264365965,0
2014-04-02 18:00:00,trace-595518,span-28787,ec2-compute-service,ec2_cpu_utilization_77c1ca.csv,WARNING,,0.10429221478962208,0.4625815551596145,0
2014-04-02 18:05:00,trace-289004,span-43062,ec2-compute-service,ec2_cpu_utilization_77c1ca.csv,WARNING,,0.08947982087516156,0.4664165157882715,0
2014-04-02 18:15:00,trace-588972,span-70461,ec2-compute-service,ec2_cpu_utilization_77c1ca.csv,WARNING,,88.55336765602134,0.9650777597753438,0
2014-04-02 18:20:00,trace-228232,span-44832,ec2-compute-service,ec2_cpu_utilization_77c1ca.csv,WARNING,,6.374614371707561,0.8984135703992083,0
2014-04-02 18:25:00,trace-268383,span-41575,ec2-compute-service,ec2_cpu_utilization_77c1ca.csv,WARNING,,86.22002105778554,0.7653407950226017,0
2014-04-02 18:30:00,trace-232079,span-80981,ec2-compute-service,ec2_cpu_utilization_77c1ca.csv,WARNING,,78.74975827414201,0.550157515043566,0
2014-04-02 18:35:00,trace-603238,span-39257,ec2-compute-service,ec2_cpu_utilization_77c1ca.csv,WARNING,,91.52619359418878,0.6110013583640267,0
2014-04-02 18:40:00,trace-244353,span-71246,ec2-compute-service,ec2_cpu_utilization_77c1ca.csv,WARNING,,62.0830219603949,0.5560561094981401,0
2014-04-02 18:45:00,trace-331758,span-36660,ec2-compute-service,ec2_cpu_utilization_77c1ca.csv,WARNING,,0.0857823969020197,0.7354219620719828,0
2014-04-02 18:50:00,trace-827955,span-93807,ec2-compute-service,ec2_cpu_utilization_77c1ca.csv,WARNING,,0.07315054846548213,0.5041474790465149,0
2014-04-02 18:55:00,trace-238563,span-60192,ec2-compute-service,ec2_cpu_utilization_77c1ca.csv,WARNING,,0.11305615913531111,0.4767346531933996,0
2014-04-02 19:00:00,trace-426032,span-83609,ec2-compute-service,ec2_cpu_utilization_77c1ca.csv,WARNING,,0.09894295553740355,0.3849841553468279,0
2014-04-02 21:25:00,trace-353973,span-30953,ec2-compute-service,ec2_cpu_utilization_77c1ca.csv,WARNING,,28.57435127689537,0.5423200654190006,0
2014-04-02 21:30:00,trace-614257,span-77889,ec2-compute-service,ec2_cpu_utilization_77c1ca.csv,WARNING,,111.07324751354464,0.6776243824110904,0
2014-04-02 21:35:00,trace-215374,span-34860,ec2-compute-service,ec2_cpu_utilization_77c1ca.csv,WARNING,,89.18551017353315,0.5647970333035917,0
2014-04-02 21:40:00,trace-584090,span-97266,ec2-compute-service,ec2_cpu_utilization_77c1ca.csv,WARNING,,92.46426842290535,0.5648477182777843,0
2014-04-02 21:45:00,trace-389227,span-97046,ec2-compute-service,ec2_cpu_utilization_77c1ca.csv,WARNING,,12.641632004792962,0.81288248825368,0
2014-04-02 21:50:00,trace-632101,span-41598,ec2-compute-service,ec2_cpu_utilization_77c1ca.csv,WARNING,,0.09954572761618663,0.5384531080392851,0
2014-04-02 21:55:00,trace-717394,span-37082,ec2-compute-service,ec2_cpu_utilization_77c1ca.csv,WARNING,,0.25115644725036873,0.5200916530071178,0
2014-04-02 22:00:00,trace-537785,span-21745,ec2-compute-service,ec2_cpu_utilization_77c1ca.csv,WARNING,,0.9712933118355277,0.4708720487283617,0
2014-04-02 22:05:00,trace-332732,span-24288,ec2-compute-service,ec2_cpu_utilization_77c1ca.csv,WARNING,,82.21258807898197,0.97622189619926,0
2014-04-02 22:10:00,trace-984200,span-91958,ec2-compute-service,ec2_cpu_utilization_77c1ca.csv,WARNING,,81.70778631727588,0.5843823211381007,0
2014-04-02 22:15:00,trace-438076,span-27482,ec2-compute-service,ec2_cpu_utilization_77c1ca.csv,WARNING,,83.15627399695258,0.6023816986458375,0
2014-04-02 22:20:00,trace-553761,span-88797,ec2-compute-service,ec2_cpu_utilization_77c1ca.csv,WARNING,,46.03722823250092,0.5677807192409409,0
2014-04-02 22:25:00,trace-384186,span-62930,ec2-compute-service,ec2_cpu_utilization_77c1ca.csv,WARNING,,0.08026348889321117,0.6270374239289339,0
2014-04-02 22:30:00,trace-868747,span-43756,ec2-compute-service,ec2_cpu_utilization_77c1ca.csv,WARNING,,75.24588759769225,0.7388750853232537,0
2014-04-02 22:35:00,trace-312943,span-38602,ec2-compute-service,ec2_cpu_utilization_77c1ca.csv,WARNING,,98.50271463621667,0.5671914932429748,0
2014-04-02 22:40:00,trace-462130,span-73416,ec2-compute-service,ec2_cpu_utilization_77c1ca.csv,WARNING,,94.92140677919151,0.6032502358409831,0
2014-04-02 22:45:00,trace-892058,span-17424,ec2-compute-service,ec2_cpu_utilization_77c1ca.csv,WARNING,,69.38835134490766,0.512555945784367,0
2014-04-02 22:50:00,trace-346693,span-29982,ec2-compute-service,ec2_cpu_utilization_77c1ca.csv,WARNING,,6.772332406473171,0.7641784078715093,0
2014-04-02 22:55:00,trace-803650,span-36431,ec2-compute-service,ec2_cpu_utilization_77c1ca.csv,WARNING,,0.11701941079041367,0.5124834939679737,0
2014-04-02 23:00:00,trace-444855,span-36385,ec2-compute-service,ec2_cpu_utilization_77c1ca.csv,WARNING,,0.07561905779576641,0.5068674836932041,0
2014-04-02 23:05:00,trace-380783,span-95530,ec2-compute-service,ec2_cpu_utilization_77c1ca.csv,WARNING,,0.11872773711658886,0.4224300265954431,0
2014-04-03 00:40:00,trace-477816,span-15776,ec2-compute-service,ec2_cpu_utilization_77c1ca.csv,WARNING,,46.30172768077774,0.703850106821925,0
2014-04-03 00:45:00,trace-501927,span-84318,ec2-compute-service,ec2_cpu_utilization_77c1ca.csv,WARNING,,85.54950078669394,0.5972837174618044,0
2014-04-03 00:50:00,trace-447697,span-40707,ec2-compute-service,ec2_cpu_utilization_77c1ca.csv,WARNING,,78.71921385985023,0.5971921148843231,0
2014-04-03 00:55:00,trace-817148,span-92879,ec2-compute-service,ec2_cpu_utilization_77c1ca.csv,WARNING,,70.64936157270708,0.5201056135815408,0
2014-04-03 01:00:00,trace-931291,span-63625,ec2-compute-service,ec2_cpu_utilization_77c1ca.csv,WARNING,,8.762638573267047,0.7634771909491083,0
2014-04-03 01:05:00,trace-746701,span-10526,ec2-compute-service,ec2_cpu_utilization_77c1ca.csv,WARNING,,0.06749740796114137,0.5286797394042764,0
2014-04-03 01:10:00,trace-618349,span-21536,ec2-compute-service,ec2_cpu_utilization_77c1ca.csv,WARNING,,0.10637810308911698,0.5052702585607138,0
2014-04-03 01:15:00,trace-658819,span-18712,ec2-compute-service,ec2_cpu_utilization_77c1ca.csv,WARNING,,0.08802098906801348,0.4223169581536656,0
2014-04-03 05:10:00,trace-699032,span-15109,ec2-compute-service,ec2_cpu_utilization_77c1ca.csv,WARNING,,25.774975621331315,0.4739862389317509,0
2014-04-03 05:15:00,trace-856097,span-64615,ec2-compute-service,ec2_cpu_utilization_77c1ca.csv,WARNING,,58.36482981953372,0.5427124433704505,0
2014-04-03 05:20:00,trace-709996,span-70112,ec2-compute-service,ec2_cpu_utilization_77c1ca.csv,WARNING,,0.0820741180282505,0.7149105103853342,0
2014-04-03 05:25:00,trace-878513,span-36589,ec2-compute-service,ec2_cpu_utilization_77c1ca.csv,WARNING,,0.0956997422562674,0.3765650091616345,0
2014-04-03 05:30:00,trace-969741,span-72046,ec2-compute-service,ec2_cpu_utilization_77c1ca.csv,WARNING,,0.1088755051170774,0.3765709427984122,0
2014-04-03 05:35:00,trace-106154,span-31804,ec2-compute-service,ec2_cpu_utilization_77c1ca.csv,WARNING,,0.07499201207902528,0.3782242826593984,0
2014-04-03 06:00:00,trace-151195,span-30581,ec2-compute-service,ec2_cpu_utilization_77c1ca.csv,WARNING,,16.942114599749708,0.3826168412749218,0
2014-04-03 06:05:00,trace-805290,span-42981,ec2-compute-service,ec2_cpu_utilization_77c1ca.csv,WARNING,,102.16324516762623,0.8368296504087942,0
2014-04-03 06:10:00,trace-830664,span-53408,ec2-compute-service,ec2_cpu_utilization_77c1ca.csv,WARNING,,74.71305524858623,0.5688618141449004,0
2014-04-03 06:15:00,trace-545485,span-48559,ec2-compute-service,ec2_cpu_utilization_77c1ca.csv,WARNING,,73.94168735873453,0.5790278060810065,0
2014-04-03 06:20:00,trace-867285,span-58787,ec2-compute-service,ec2_cpu_utilization_77c1ca.csv,WARNING,,33.87272561028325,0.6777600114517577,0
2014-04-03 06:25:00,trace-830023,span-32431,ec2-compute-service,ec2_cpu_utilization_77c1ca.csv,WARNING,,0.12000249017268136,0.5314030207415732,0
2014-04-03 06:30:00,trace-747008,span-59153,ec2-compute-service,ec2_cpu_utilization_77c1ca.csv,WARNING,,0.06893138800255931,0.4990801414984591,0
2014-04-03 06:35:00,trace-998792,span-55004,ec2-compute-service,ec2_cpu_utilization_77c1ca.csv,WARNING,,34.73457634763868,0.569654143976858,0
2014-04-03 06:40:00,trace-319724,span-66985,ec2-compute-service,ec2_cpu_utilization_77c1ca.csv,WARNING,,85.75999728387214,0.6214650831816095,0
2014-04-03 06:45:00,trace-733025,span-91061,ec2-compute-service,ec2_cpu_utilization_77c1ca.csv,WARNING,,97.29336588768417,0.5769751524926521,0
2014-04-03 06:50:00,trace-150861,span-85897,ec2-compute-service,ec2_cpu_utilization_77c1ca.csv,WARNING,,94.93092722236076,0.5484320277062649,0
2014-04-03 06:55:00,trace-955009,span-75641,ec2-compute-service,ec2_cpu_utilization_77c1ca.csv,WARNING,,12.028661338504934,0.7832726584306914,0
2014-04-03 07:00:00,trace-424912,span-61047,ec2-compute-service,ec2_cpu_utilization_77c1ca.csv,WARNING,,0.10545720998174546,0.5261031764234783,0
2014-04-03 07:05:00,trace-859746,span-59786,ec2-compute-service,ec2_cpu_utilization_77c1ca.csv,WARNING,,0.05525914313925747,0.5089257894230678,0
2014-04-03 07:10:00,trace-860581,span-36015,ec2-compute-service,ec2_cpu_utilization_77c1ca.csv,WARNING,,0.0901143667444227,0.4438290034078137,0
2014-04-03 08:00:00,trace-715115,span-36289,ec2-compute-service,ec2_cpu_utilization_77c1ca.csv,WARNING,,89.29606259065312,0.9090135707485736,0
2014-04-03 08:05:00,trace-506845,span-71550,ec2-compute-service,ec2_cpu_utilization_77c1ca.csv,WARNING,,95.91572871593512,0.5803880320623307,0
2014-04-03 08:10:00,trace-257702,span-56163,ec2-compute-service,ec2_cpu_utilization_77c1ca.csv,WARNING,,94.77149872253766,0.5931793268214883,0
2014-04-03 08:15:00,trace-373797,span-37961,ec2-compute-service,ec2_cpu_utilization_77c1ca.csv,WARNING,,70.56904169614678,0.5530586650579726,0
2014-04-03 08:20:00,trace-920094,span-66446,ec2-compute-service,ec2_cpu_utilization_77c1ca.csv,WARNING,,0.10307722856619342,0.7261191288217468,0
2014-04-03 08:25:00,trace-719369,span-46877,ec2-compute-service,ec2_cpu_utilization_77c1ca.csv,WARNING,,0.0832651992812236,0.4904523575428421,0
2014-04-03 08:30:00,trace-311957,span-82715,ec2-compute-service,ec2_cpu_utilization_77c1ca.csv,WARNING,,0.06112120796507599,0.4790229750314055,0
2014-04-03 08:35:00,trace-619052,span-11560,ec2-compute-service,ec2_cpu_utilization_77c1ca.csv,WARNING,,0.11487134266368806,0.3809490503993404,0
2014-04-03 08:50:00,trace-787250,span-30022,ec2-compute-service,ec2_cpu_utilization_77c1ca.csv,WARNING,,80.78880380370005,0.8814451815751764,0
2014-04-03 08:55:00,trace-694604,span-93847,ec2-compute-service,ec2_cpu_utilization_77c1ca.csv,WARNING,,95.79515164165063,0.5661213430756712,0
2014-04-03 09:00:00,trace-364500,span-80326,ec2-compute-service,ec2_cpu_utilization_77c1ca.csv,WARNING,,76.98555211049938,0.5979365459860457,0
2014-04-03 09:05:00,trace-320971,span-30049,ec2-compute-service,ec2_cpu_utilization_77c1ca.csv,WARNING,,55.681999487583326,0.5402875631648003,0
2014-04-03 09:10:00,trace-902514,span-10661,ec2-compute-service,ec2_cpu_utilization_77c1ca.csv,WARNING,,0.09329258501420436,0.7651086189131313,0
2014-04-03 09:15:00,trace-889352,span-70315,ec2-compute-service,ec2_cpu_utilization_77c1ca.csv,WARNING,,0.08974133199790912,0.493171318646793,0
2014-04-03 09:20:00,trace-325314,span-55500,ec2-compute-service,ec2_cpu_utilization_77c1ca.csv,WARNING,,0.05470603799705025,0.4887666795315075,0
2014-04-03 09:25:00,trace-679518,span-40027,ec2-compute-service,ec2_cpu_utilization_77c1ca.csv,WARNING,,0.08870708813239274,0.4029604019945854,0
2014-04-03 16:35:00,trace-474484,span-69321,ec2-compute-service,ec2_cpu_utilization_77c1ca.csv,WARNING,,76.87696670662699,0.7985002161840393,0
2014-04-03 16:40:00,trace-960563,span-57908,ec2-compute-service,ec2_cpu_utilization_77c1ca.csv,WARNING,,79.24380730024237,0.581353061349441,0
2014-04-03 16:45:00,trace-912395,span-49443,ec2-compute-service,ec2_cpu_utilization_77c1ca.csv,WARNING,,96.58281089398375,0.5954439786414967,0
2014-04-03 16:50:00,trace-476369,span-90818,ec2-compute-service,ec2_cpu_utilization_77c1ca.csv,WARNING,,73.53144501052351,0.5269661844912497,0
2014-04-03 16:55:00,trace-696387,span-35849,ec2-compute-service,ec2_cpu_utilization_77c1ca.csv,WARNING,,4.691803588170698,0.7540142372878811,0
2014-04-03 17:00:00,trace-515231,span-87539,ec2-compute-service,ec2_cpu_utilization_77c1ca.csv,WARNING,,0.11493692952326642,0.5109412032904205,0
2014-04-03 17:05:00,trace-388161,span-86707,ec2-compute-service,ec2_cpu_utilization_77c1ca.csv,WARNING,,79.77342470795313,0.8706816282091939,0
2014-04-03 17:10:00,trace-915858,span-27778,ec2-compute-service,ec2_cpu_utilization_77c1ca.csv,WARNING,,77.97079360669913,0.57503977647992,0
2014-04-03 17:15:00,trace-186652,span-58364,ec2-compute-service,ec2_cpu_utilization_77c1ca.csv,WARNING,,91.46981923897752,0.5812070852588397,0
2014-04-03 17:20:00,trace-360116,span-94878,ec2-compute-service,ec2_cpu_utilization_77c1ca.csv,WARNING,,59.67597393828407,0.5472933613143734,0
2014-04-03 17:25:00,trace-620985,span-29975,ec2-compute-service,ec2_cpu_utilization_77c1ca.csv,WARNING,,0.09813665546989833,0.7517637825837578,0
2014-04-03 17:30:00,trace-309373,span-21561,ec2-compute-service,ec2_cpu_utilization_77c1ca.csv,WARNING,,0.087711698337016,0.4957786208285218,0
2014-04-03 17:35:00,trace-974829,span-59153,ec2-compute-service,ec2_cpu_utilization_77c1ca.csv,WARNING,,0.08898385967054719,0.4738586043829174,0
2014-04-03 17:40:00,trace-688612,span-54965,ec2-compute-service,ec2_cpu_utilization_77c1ca.csv,WARNING,,0.1016849365430798,0.391133371717957,0
2014-04-03 18:55:00,trace-790493,span-60677,ec2-compute-service,ec2_cpu_utilization_77c1ca.csv,WARNING,,87.65892238533641,0.8413928893802445,0
2014-04-03 19:00:00,trace-722605,span-80135,ec2-compute-service,ec2_cpu_utilization_77c1ca.csv,WARNING,,86.36087436193989,0.5723740772694996,0
2014-04-03 19:05:00,trace-201459,span-79350,ec2-compute-service,ec2_cpu_utilization_77c1ca.csv,WARNING,,81.54927262457275,0.5945476450925964,0
2014-04-03 19:10:00,trace-685560,span-77649,ec2-compute-service,ec2_cpu_utilization_77c1ca.csv,WARNING,,83.63839612379718,0.5346101598622929,0
2014-04-03 19:15:00,trace-244832,span-31927,ec2-compute-service,ec2_cpu_utilization_77c1ca.csv,WARNING,,1.7317829963387115,0.7900978621183186,0
2014-04-03 19:20:00,trace-853315,span-22588,ec2-compute-service,ec2_cpu_utilization_77c1ca.csv,WARNING,,0.09127073657002012,0.503077187694832,0
2014-04-03 19:25:00,trace-335806,span-62233,ec2-compute-service,ec2_cpu_utilization_77c1ca.csv,WARNING,,0.08293986989320051,0.4867936308880934,0
2014-04-03 19:30:00,trace-444333,span-86367,ec2-compute-service,ec2_cpu_utilization_77c1ca.csv,WARNING,,0.06652203224187887,0.4177048519328843,0
2014-04-03 20:10:00,trace-482729,span-86619,ec2-compute-service,ec2_cpu_utilization_77c1ca.csv,WARNING,,39.7378904172262,0.5476698709278702,0
2014-04-03 20:15:00,trace-869299,span-89530,ec2-compute-service,ec2_cpu_utilization_77c1ca.csv,WARNING,,109.00558832883169,0.6704161293032556,0
2014-04-03 20:20:00,trace-471000,span-92495,ec2-compute-service,ec2_cpu_utilization_77c1ca.csv,WARNING,,84.11766986650501,0.5597339274223652,0
2014-04-03 20:25:00,trace-994235,span-95112,ec2-compute-service,ec2_cpu_utilization_77c1ca.csv,WARNING,,91.76080062067442,0.5620838422505041,0
2014-04-03 20:30:00,trace-282958,span-81652,ec2-compute-service,ec2_cpu_utilization_77c1ca.csv,WARNING,,29.119172664624585,0.7108314507953097,0
2014-04-03 20:35:00,trace-323536,span-19847,ec2-compute-service,ec2_cpu_utilization_77c1ca.csv,WARNING,,0.11222680611800213,0.5235413246257203,0
2014-04-03 20:40:00,trace-741179,span-93310,ec2-compute-service,ec2_cpu_utilization_77c1ca.csv,WARNING,,0.07572236180555003,0.507078847146627,0
2014-04-03 20:45:00,trace-231691,span-93194,ec2-compute-service,ec2_cpu_utilization_77c1ca.csv,WARNING,,0.08616632047142729,0.4451858530729115,0
2014-04-03 21:25:00,trace-618477,span-91537,ec2-compute-service,ec2_cpu_utilization_77c1ca.csv,WARNING,,48.4122263177096,0.7215826234739663,0
2014-04-03 21:30:00,trace-846788,span-10281,ec2-compute-service,ec2_cpu_utilization_77c1ca.csv,WARNING,,69.65908092473867,0.5928807900767938,0
2014-04-03 21:35:00,trace-270102,span-11058,ec2-compute-service,ec2_cpu_utilization_77c1ca.csv,WARNING,,95.50432423513799,0.5950447089159394,0
2014-04-03 21:40:00,trace-259476,span-39856,ec2-compute-service,ec2_cpu_utilization_77c1ca.csv,WARNING,,79.1183016229709,0.5229462824541973,0
2014-04-03 21:45:00,trace-396141,span-35611,ec2-compute-service,ec2_cpu_utilization_77c1ca.csv,WARNING,,64.70809721297812,0.6309822773792109,0
2014-04-03 21:50:00,trace-348500,span-45057,ec2-compute-service,ec2_cpu_utilization_77c1ca.csv,WARNING,,99.78454646742296,0.6760278364526972,0
2014-04-03 21:55:00,trace-345546,span-75661,ec2-compute-service,ec2_cpu_utilization_77c1ca.csv,WARNING,,115.0521775980845,0.6791556927066549,0
2014-04-03 22:00:00,trace-975825,span-71212,ec2-compute-service,ec2_cpu_utilization_77c1ca.csv,WARNING,,86.29680864942527,0.6639888071539417,0
2014-04-03 22:05:00,trace-744318,span-66503,ec2-compute-service,ec2_cpu_utilization_77c1ca.csv,WARNING,,8.383978444048925,0.7524283713041777,0
2014-04-03 22:10:00,trace-430929,span-19110,ec2-compute-service,ec2_cpu_utilization_77c1ca.csv,WARNING,,1.1222164795754008,0.5222982159265201,0
2014-04-03 22:15:00,trace-112115,span-49062,ec2-compute-service,ec2_cpu_utilization_77c1ca.csv,WARNING,,0.07957496472300898,0.5028720199021756,0
2014-04-03 22:20:00,trace-394700,span-88131,ec2-compute-service,ec2_cpu_utilization_77c1ca.csv,WARNING,,0.07140357213624747,0.4232907856125793,0
2014-04-03 23:05:00,trace-930185,span-92811,ec2-compute-service,ec2_cpu_utilization_77c1ca.csv,WARNING,,105.88503432724,0.9922967364754404,0
2014-04-03 23:10:00,trace-896657,span-33196,ec2-compute-service,ec2_cpu_utilization_77c1ca.csv,WARNING,,83.65250250705861,0.599425139428315,0
2014-04-03 23:15:00,trace-734965,span-58320,ec2-compute-service,ec2_cpu_utilization_77c1ca.csv,WARNING,,105.08292146839504,0.6032707369299724,0
2014-04-03 23:20:00,trace-246649,span-98009,ec2-compute-service,ec2_cpu_utilization_77c1ca.csv,WARNING,,41.20251857178138,0.5661204400981273,0
2014-04-03 23:25:00,trace-128625,span-91040,ec2-compute-service,ec2_cpu_utilization_77c1ca.csv,WARNING,,0.11549978940674156,0.6289710762185148,0
2014-04-03 23:30:00,trace-559054,span-60138,ec2-compute-service,ec2_cpu_utilization_77c1ca.csv,WARNING,,0.11958270677668467,0.4812082939643211,0
2014-04-03 23:35:00,trace-416205,span-40659,ec2-compute-service,ec2_cpu_utilization_77c1ca.csv,WARNING,,0.07065995338451932,0.4653096208169678,0
2014-04-04 00:15:00,trace-525106,span-89134,ec2-compute-service,ec2_cpu_utilization_77c1ca.csv,WARNING,,47.97267520812569,0.6333627339037319,0
2014-04-04 00:20:00,trace-381652,span-52287,ec2-compute-service,ec2_cpu_utilization_77c1ca.csv,WARNING,,93.74547708180553,0.6093347114988039,0
2014-04-04 00:25:00,trace-734457,span-18125,ec2-compute-service,ec2_cpu_utilization_77c1ca.csv,WARNING,,98.66134398310838,0.5695832540308889,0
2014-04-04 00:30:00,trace-727697,span-27087,ec2-compute-service,ec2_cpu_utilization_77c1ca.csv,WARNING,,71.86766401953919,0.5618387109154808,0
2014-04-04 00:35:00,trace-629992,span-70576,ec2-compute-service,ec2_cpu_utilization_77c1ca.csv,WARNING,,16.112804652263186,0.793324450769742,0
2014-04-04 00:40:00,trace-735567,span-82460,ec2-compute-service,ec2_cpu_utilization_77c1ca.csv,WARNING,,0.11352132774957754,0.5275472542004064,0
2014-04-04 00:45:00,trace-622828,span-95150,ec2-compute-service,ec2_cpu_utilization_77c1ca.csv,WARNING,,0.07448581849163607,0.5087692215046288,0
2014-04-04 00:50:00,trace-519139,span-39165,ec2-compute-service,ec2_cpu_utilization_77c1ca.csv,WARNING,,0.11936753309993303,0.4458670183800828,0
2014-04-04 06:15:00,trace-890546,span-74965,ec2-compute-service,ec2_cpu_utilization_77c1ca.csv,WARNING,,86.81380163672559,0.8268069327672289,0
2014-04-04 06:20:00,trace-983084,span-35426,ec2-compute-service,ec2_cpu_utilization_77c1ca.csv,WARNING,,99.45904688624051,0.5850820993169712,0
2014-04-04 06:25:00,trace-890144,span-11367,ec2-compute-service,ec2_cpu_utilization_77c1ca.csv,WARNING,,86.09033540135862,0.5889860693010456,0
2014-04-04 06:30:00,trace-739430,span-61924,ec2-compute-service,ec2_cpu_utilization_77c1ca.csv,WARNING,,67.48365647633683,0.5365190392375448,0
2014-04-04 06:35:00,trace-127723,span-19108,ec2-compute-service,ec2_cpu_utilization_77c1ca.csv,WARNING,,3.9991051031111002,0.7717748146774073,0
2014-04-04 06:40:00,trace-786684,span-93360,ec2-compute-service,ec2_cpu_utilization_77c1ca.csv,WARNING,,0.09129180053967255,0.509318114345874,0
2014-04-04 06:45:00,trace-980112,span-32443,ec2-compute-service,ec2_cpu_utilization_77c1ca.csv,WARNING,,0.05318721030602137,0.489122483455491,0
2014-04-04 06:50:00,trace-734122,span-86743,ec2-compute-service,ec2_cpu_utilization_77c1ca.csv,WARNING,,0.10672851194220066,0.4116397878406126,0
2014-04-04 10:50:00,trace-553449,span-35537,ec2-compute-service,ec2_cpu_utilization_77c1ca.csv,WARNING,,93.67780990717809,0.965177585616798,0
2014-04-04 10:55:00,trace-731810,span-32612,ec2-compute-service,ec2_cpu_utilization_77c1ca.csv,WARNING,,94.01584238350114,0.5803168935044718,0
2014-04-04 11:00:00,trace-266703,span-41348,ec2-compute-service,ec2_cpu_utilization_77c1ca.csv,WARNING,,104.91746634583008,0.6052729287439194,0
2014-04-04 11:05:00,trace-235832,span-42779,ec2-compute-service,ec2_cpu_utilization_77c1ca.csv,WARNING,,52.57981353839395,0.5510956594261716,0
2014-04-04 11:10:00,trace-153551,span-21556,ec2-compute-service,ec2_cpu_utilization_77c1ca.csv,WARNING,,0.09163964207895833,0.7027630198609284,0
2014-04-04 11:15:00,trace-671107,span-83770,ec2-compute-service,ec2_cpu_utilization_77c1ca.csv,WARNING,,0.07299291810471219,0.4931050356083958,0
2014-04-04 11:20:00,trace-312781,span-69889,ec2-compute-service,ec2_cpu_utilization_77c1ca.csv,WARNING,,0.11079202900965039,0.4705716678676266,0
2014-04-04 11:25:00,trace-813708,span-34596,ec2-compute-service,ec2_cpu_utilization_77c1ca.csv,WARNING,,0.059725161210592466,0.3781991377351884,0
2014-04-04 18:45:00,trace-159182,span-97163,ec2-compute-service,ec2_cpu_utilization_77c1ca.csv,WARNING,,114.57935223666762,0.9744504358577836,0
2014-04-04 18:50:00,trace-753091,span-18906,ec2-compute-service,ec2_cpu_utilization_77c1ca.csv,WARNING,,81.66321249104621,0.5701109344152135,0
2014-04-04 18:55:00,trace-669667,span-88612,ec2-compute-service,ec2_cpu_utilization_77c1ca.csv,WARNING,,93.16572241590693,0.6106167988110023,0
2014-04-04 19:00:00,trace-540097,span-56413,ec2-compute-service,ec2_cpu_utilization_77c1ca.csv,WARNING,,55.478691572816736,0.5548571091512468,0
2014-04-04 19:05:00,trace-893583,span-67716,ec2-compute-service,ec2_cpu_utilization_77c1ca.csv,WARNING,,0.06214854293336431,0.6559527229362678,0
2014-04-04 19:10:00,trace-791738,span-52652,ec2-compute-service,ec2_cpu_utilization_77c1ca.csv,WARNING,,0.11212103591330654,0.4832010227592024,0
2014-04-04 19:15:00,trace-524226,span-64691,ec2-compute-service,ec2_cpu_utilization_77c1ca.csv,WARNING,,0.1087054314363452,0.4651491607519749,0
2014-04-04 19:20:00,trace-112289,span-54976,ec2-compute-service,ec2_cpu_utilization_77c1ca.csv,WARNING,,0.11906900954650315,0.3620662992938651,0
2014-04-04 19:35:00,trace-855801,span-96365,ec2-compute-service,ec2_cpu_utilization_77c1ca.csv,WARNING,,80.09180411491346,0.9435042177496932,0
2014-04-04 19:40:00,trace-275211,span-58713,ec2-compute-service,ec2_cpu_utilization_77c1ca.csv,WARNING,,93.87330039225294,0.5694101192625447,0
2014-04-04 19:45:00,trace-163646,span-13654,ec2-compute-service,ec2_cpu_utilization_77c1ca.csv,WARNING,,86.82762334725727,0.6133493184482215,0
2014-04-04 19:50:00,trace-934800,span-84172,ec2-compute-service,ec2_cpu_utilization_77c1ca.csv,WARNING,,61.08966768036333,0.5553082802034435,0
2014-04-04 19:55:00,trace-255683,span-22149,ec2-compute-service,ec2_cpu_utilization_77c1ca.csv,WARNING,,0.11448449603082644,0.7569787798661523,0
2014-04-04 20:00:00,trace-863264,span-31675,ec2-compute-service,ec2_cpu_utilization_77c1ca.csv,WARNING,,0.05394609086736723,0.5008950825120503,0
2014-04-04 20:05:00,trace-506889,span-86666,ec2-compute-service,ec2_cpu_utilization_77c1ca.csv,WARNING,,0.08170542780567529,0.479735027690374,0
2014-04-04 20:10:00,trace-296501,span-33669,ec2-compute-service,ec2_cpu_utilization_77c1ca.csv,WARNING,,10.08484636297013,0.4392921283320056,0
2014-04-04 20:50:00,trace-240507,span-62249,ec2-compute-service,ec2_cpu_utilization_77c1ca.csv,WARNING,,11.198255797551408,0.370468744748203,0
2014-04-04 20:55:00,trace-706217,span-86153,ec2-compute-service,ec2_cpu_utilization_77c1ca.csv,WARNING,,88.17768651580384,0.8552199469778323,0
2014-04-04 21:00:00,trace-655689,span-81831,ec2-compute-service,ec2_cpu_utilization_77c1ca.csv,WARNING,,81.65619091339056,0.5654977513875659,0
2014-04-04 21:05:00,trace-332601,span-44084,ec2-compute-service,ec2_cpu_utilization_77c1ca.csv,WARNING,,83.1504253262728,0.5691892087682059,0
2014-04-04 21:10:00,trace-205111,span-65826,ec2-compute-service,ec2_cpu_utilization_77c1ca.csv,WARNING,,100.3522102243828,0.5871605484460356,0
2014-04-04 21:15:00,trace-262982,span-46041,ec2-compute-service,ec2_cpu_utilization_77c1ca.csv,WARNING,,76.09555748769309,0.7014381723541421,0
2014-04-04 21:20:00,trace-334386,span-91571,ec2-compute-service,ec2_cpu_utilization_77c1ca.csv,WARNING,,3.2107978465405123,0.7526151410113198,0
2014-04-04 21:25:00,trace-601174,span-74174,ec2-compute-service,ec2_cpu_utilization_77c1ca.csv,WARNING,,0.0876212349242378,0.5202834046411077,0
2014-04-04 21:30:00,trace-611083,span-27633,ec2-compute-service,ec2_cpu_utilization_77c1ca.csv,WARNING,,0.06726266146522256,0.4790138782915243,0
2014-04-04 21:35:00,trace-966964,span-59104,ec2-compute-service,ec2_cpu_utilization_77c1ca.csv,WARNING,,0.08539508183692868,0.3955613521863514,0
2014-04-04 23:10:00,trace-168388,span-26014,ec2-compute-service,ec2_cpu_utilization_77c1ca.csv,WARNING,,16.080966972832314,0.4140525313924812,0
2014-04-04 23:15:00,trace-664678,span-33711,ec2-compute-service,ec2_cpu_utilization_77c1ca.csv,WARNING,,98.2524325235293,0.8084409070302561,0
2014-04-04 23:20:00,trace-305768,span-37213,ec2-compute-service,ec2_cpu_utilization_77c1ca.csv,WARNING,,97.05609745010013,0.5820758343528891,0
2014-04-04 23:25:00,trace-551000,span-17421,ec2-compute-service,ec2_cpu_utilization_77c1ca.csv,WARNING,,77.51167201150322,0.5683032536291517,0
2014-04-04 23:30:00,trace-642015,span-14358,ec2-compute-service,ec2_cpu_utilization_77c1ca.csv,WARNING,,43.91791953711635,0.6374148468410734,0
2014-04-04 23:35:00,trace-194018,span-42117,ec2-compute-service,ec2_cpu_utilization_77c1ca.csv,WARNING,,0.06456888014483884,0.558660527077229,0
2014-04-04 23:40:00,trace-751176,span-65754,ec2-compute-service,ec2_cpu_utilization_77c1ca.csv,WARNING,,0.11965023974808753,0.4935097115222169,0
2014-04-04 23:45:00,trace-544717,span-70946,ec2-compute-service,ec2_cpu_utilization_77c1ca.csv,WARNING,,0.10412877640853489,0.4492476489549887,0
2014-04-05 05:30:00,trace-396037,span-86329,ec2-compute-service,ec2_cpu_utilization_77c1ca.csv,WARNING,,113.28292502318318,0.9391776295691624,0
2014-04-05 05:35:00,trace-794892,span-64253,ec2-compute-service,ec2_cpu_utilization_77c1ca.csv,WARNING,,73.06190329514145,0.5647108462628347,0
2014-04-05 05:40:00,trace-212356,span-83379,ec2-compute-service,ec2_cpu_utilization_77c1ca.csv,WARNING,,81.97759143834077,0.5927736594386288,0
2014-04-05 05:45:00,trace-655655,span-64624,ec2-compute-service,ec2_cpu_utilization_77c1ca.csv,WARNING,,51.20240930049003,0.558289822402782,0
2014-04-05 05:50:00,trace-168008,span-82240,ec2-compute-service,ec2_cpu_utilization_77c1ca.csv,WARNING,,0.0770266766804387,0.6661698552792439,0
2014-04-05 05:55:00,trace-825947,span-20756,ec2-compute-service,ec2_cpu_utilization_77c1ca.csv,WARNING,,0.08445320951294491,0.4781632525878075,0
2014-04-05 06:00:00,trace-235327,span-24484,ec2-compute-service,ec2_cpu_utilization_77c1ca.csv,WARNING,,0.06177521027280503,0.4749231362966389,0
2014-04-05 06:05:00,trace-265575,span-83794,ec2-compute-service,ec2_cpu_utilization_77c1ca.csv,WARNING,,0.10131831146205342,0.3675072441425442,0
2014-04-05 16:45:00,trace-593948,span-55113,ec2-compute-service,ec2_cpu_utilization_77c1ca.csv,WARNING,,71.45891539620739,0.8439024276704593,0
2014-04-05 16:50:00,trace-329189,span-15249,ec2-compute-service,ec2_cpu_utilization_77c1ca.csv,WARNING,,99.64256262995147,0.5699436904919379,0
2014-04-05 16:55:00,trace-749829,span-68576,ec2-compute-service,ec2_cpu_utilization_77c1ca.csv,WARNING,,112.7978133579595,0.5927632935687739,0
2014-04-05 17:00:00,trace-371830,span-63363,ec2-compute-service,ec2_cpu_utilization_77c1ca.csv,WARNING,,61.530683374926184,0.5350043489305938,0
2014-04-05 17:05:00,trace-275915,span-70963,ec2-compute-service,ec2_cpu_utilization_77c1ca.csv,WARNING,,8.934753192228483,0.7632129732744499,0
2014-04-05 17:10:00,trace-935036,span-20526,ec2-compute-service,ec2_cpu_utilization_77c1ca.csv,WARNING,,0.1101935127976339,0.508991354989867,0
2014-04-05 17:15:00,trace-391126,span-10207,ec2-compute-service,ec2_cpu_utilization_77c1ca.csv,WARNING,,0.09637911412020816,0.4801899882913289,0
2014-04-05 17:20:00,trace-450877,span-78619,ec2-compute-service,ec2_cpu_utilization_77c1ca.csv,WARNING,,0.06385394545930032,0.4227182624407829,0
2014-04-05 22:00:00,trace-601643,span-30103,ec2-compute-service,ec2_cpu_utilization_77c1ca.csv,WARNING,,63.418695990460115,0.7190018903295883,0
2014-04-05 22:05:00,trace-855343,span-91437,ec2-compute-service,ec2_cpu_utilization_77c1ca.csv,WARNING,,76.29068067454519,0.5929387542134977,0
2014-04-05 22:10:00,trace-727035,span-65922,ec2-compute-service,ec2_cpu_utilization_77c1ca.csv,WARNING,,83.8512401481104,0.5951427977838193,0
2014-04-05 22:15:00,trace-322724,span-72711,ec2-compute-service,ec2_cpu_utilization_77c1ca.csv,WARNING,,83.84906478482183,0.5348683760443442,0
2014-04-05 22:20:00,trace-837565,span-23395,ec2-compute-service,ec2_cpu_utilization_77c1ca.csv,WARNING,,16.587358153828646,0.7568307168987812,0
2014-04-05 22:25:00,trace-156273,span-14895,ec2-compute-service,ec2_cpu_utilization_77c1ca.csv,WARNING,,0.0851085393454094,0.5156943817662561,0
2014-04-05 22:30:00,trace-700847,span-20699,ec2-compute-service,ec2_cpu_utilization_77c1ca.csv,WARNING,,0.0756711639846345,0.5126326208781762,0
2014-04-05 22:35:00,trace-119169,span-26163,ec2-compute-service,ec2_cpu_utilization_77c1ca.csv,WARNING,,0.0939676369225694,0.4370715716919926,0
2014-04-05 23:00:00,trace-843537,span-94328,ec2-compute-service,ec2_cpu_utilization_77c1ca.csv,WARNING,,29.173554800376586,0.5458960204195085,0
2014-04-05 23:05:00,trace-917114,span-57864,ec2-compute-service,ec2_cpu_utilization_77c1ca.csv,WARNING,,93.72862831772935,0.6674654407827338,0
2014-04-05 23:10:00,trace-548330,span-48067,ec2-compute-service,ec2_cpu_utilization_77c1ca.csv,WARNING,,81.834061979803,0.5637161265209683,0
2014-04-05 23:15:00,trace-118073,span-46035,ec2-compute-service,ec2_cpu_utilization_77c1ca.csv,WARNING,,102.55972946890633,0.5674934193328459,0
2014-04-05 23:20:00,trace-714661,span-93362,ec2-compute-service,ec2_cpu_utilization_77c1ca.csv,WARNING,,39.96411330295837,0.6790032161185293,0
2014-04-05 23:25:00,trace-634670,span-14437,ec2-compute-service,ec2_cpu_utilization_77c1ca.csv,WARNING,,0.10471627477659388,0.5330925792423931,0
2014-04-05 23:30:00,trace-845715,span-71929,ec2-compute-service,ec2_cpu_utilization_77c1ca.csv,WARNING,,0.06803136157775067,0.5088408884159504,0
2014-04-05 23:35:00,trace-985296,span-22329,ec2-compute-service,ec2_cpu_utilization_77c1ca.csv,WARNING,,0.09955751865538977,0.4501929326858777,0
2014-04-06 00:30:00,trace-187468,span-44594,ec2-compute-service,ec2_cpu_utilization_77c1ca.csv,WARNING,,60.64465255717671,0.7190645184787485,0
2014-04-06 00:35:00,trace-145033,span-73133,ec2-compute-service,ec2_cpu_utilization_77c1ca.csv,WARNING,,89.95497358231084,0.5804222429268076,0
2014-04-06 00:40:00,trace-807650,span-41750,ec2-compute-service,ec2_cpu_utilization_77c1ca.csv,WARNING,,88.8481464271964,0.5905580531027101,0
2014-04-06 00:45:00,trace-567016,span-88222,ec2-compute-service,ec2_cpu_utilization_77c1ca.csv,WARNING,,81.27071202998077,0.5514495206476342,0
2014-04-06 00:50:00,trace-893153,span-66154,ec2-compute-service,ec2_cpu_utilization_77c1ca.csv,WARNING,,19.68176679247246,0.7567398950236905,0
2014-04-06 00:55:00,trace-754801,span-82909,ec2-compute-service,ec2_cpu_utilization_77c1ca.csv,WARNING,,0.12140489619508453,0.5131456205329388,0
2014-04-06 01:00:00,trace-542111,span-15656,ec2-compute-service,ec2_cpu_utilization_77c1ca.csv,WARNING,,0.103006534019865,0.5059688930129276,0
2014-04-06 01:05:00,trace-556956,span-74309,ec2-compute-service,ec2_cpu_utilization_77c1ca.csv,WARNING,,0.06108241104752414,0.4467982754906477,0
2014-04-06 05:45:00,trace-829182,span-15901,ec2-compute-service,ec2_cpu_utilization_77c1ca.csv,WARNING,,65.98826930498187,0.8464908207218944,0
2014-04-06 05:50:00,trace-393199,span-47685,ec2-compute-service,ec2_cpu_utilization_77c1ca.csv,WARNING,,91.79938748425201,0.5646895885440323,0
2014-04-06 05:55:00,trace-738387,span-21138,ec2-compute-service,ec2_cpu_utilization_77c1ca.csv,WARNING,,112.21103052489335,0.593408410817595,0
2014-04-06 06:00:00,trace-123429,span-60200,ec2-compute-service,ec2_cpu_utilization_77c1ca.csv,WARNING,,81.65938120833826,0.5320809805449467,0
2014-04-06 06:05:00,trace-872577,span-27347,ec2-compute-service,ec2_cpu_utilization_77c1ca.csv,WARNING,,9.244415965524723,0.7560494923159797,0
2014-04-06 06:10:00,trace-664396,span-99099,ec2-compute-service,ec2_cpu_utilization_77c1ca.csv,WARNING,,0.08067036278336759,0.5100969606805353,0
2014-04-06 06:15:00,trace-636159,span-87452,ec2-compute-service,ec2_cpu_utilization_77c1ca.csv,WARNING,,0.11980712629445335,0.4820844166255063,0
2014-04-06 06:20:00,trace-652467,span-62188,ec2-compute-service,ec2_cpu_utilization_77c1ca.csv,WARNING,,0.08422658737046977,0.4192538057040614,0
2014-04-07 04:00:00,trace-964645,span-28268,ec2-compute-service,ec2_cpu_utilization_77c1ca.csv,WARNING,,13.6944507014071,0.4042738568636953,0
2014-04-07 04:05:00,trace-160545,span-82146,ec2-compute-service,ec2_cpu_utilization_77c1ca.csv,WARNING,,87.86566983413394,0.8086116250649285,0
2014-04-07 04:10:00,trace-667201,span-65677,ec2-compute-service,ec2_cpu_utilization_77c1ca.csv,WARNING,,107.01735503121759,0.5744151623478355,0
2014-04-07 04:15:00,trace-801692,span-35032,ec2-compute-service,ec2_cpu_utilization_77c1ca.csv,WARNING,,88.47010607055076,0.5762296334094414,0
2014-04-07 04:20:00,trace-144936,span-39794,ec2-compute-service,ec2_cpu_utilization_77c1ca.csv,WARNING,,42.581362013305736,0.5867224106659715,0
2014-04-07 04:25:00,trace-325469,span-38141,ec2-compute-service,ec2_cpu_utilization_77c1ca.csv,WARNING,,0.08572266908923439,0.640157126003335,0
2014-04-07 04:30:00,trace-197359,span-33291,ec2-compute-service,ec2_cpu_utilization_77c1ca.csv,WARNING,,0.10681650831091719,0.4941022335147876,0
2014-04-07 04:35:00,trace-671139,span-64823,ec2-compute-service,ec2_cpu_utilization_77c1ca.csv,WARNING,,0.07653999133056372,0.4653658184197764,0
2014-04-07 04:40:00,trace-527387,span-51779,ec2-compute-service,ec2_cpu_utilization_77c1ca.csv,WARNING,,0.08868910590302162,0.3505202598791126,0
2014-04-07 08:00:00,trace-985155,span-22411,ec2-compute-service,ec2_cpu_utilization_77c1ca.csv,WARNING,,67.19494759022028,0.7321588201900058,0
2014-04-07 08:05:00,trace-943441,span-25422,ec2-compute-service,ec2_cpu_utilization_77c1ca.csv,WARNING,,16.395173817441908,0.6146905371367677,0
2014-04-07 08:10:00,trace-157022,span-81229,ec2-compute-service,ec2_cpu_utilization_77c1ca.csv,WARNING,,0.07219086163411835,0.4020696318347313,0
2014-04-07 08:15:00,trace-458918,span-36715,ec2-compute-service,ec2_cpu_utilization_77c1ca.csv,WARNING,,0.10125070173862237,0.365288975559,0
2014-04-07 08:20:00,trace-655462,span-19956,ec2-compute-service,ec2_cpu_utilization_77c1ca.csv,WARNING,,0.06301887927286065,0.367905350976261,0
2014-04-07 15:40:00,trace-955684,span-71949,ec2-compute-service,ec2_cpu_utilization_77c1ca.csv,WARNING,,73.00510494328257,0.8750831363818414,0
2014-04-07 15:45:00,trace-163037,span-99818,ec2-compute-service,ec2_cpu_utilization_77c1ca.csv,WARNING,,79.2830076413299,0.5640804145718509,0
2014-04-07 15:50:00,trace-334213,span-83294,ec2-compute-service,ec2_cpu_utilization_77c1ca.csv,WARNING,,98.70623109086114,0.601812272230063,0
2014-04-07 15:55:00,trace-386166,span-15542,ec2-compute-service,ec2_cpu_utilization_77c1ca.csv,WARNING,,76.35386319822433,0.5361723709684802,0
2014-04-07 16:00:00,trace-160428,span-32740,ec2-compute-service,ec2_cpu_utilization_77c1ca.csv,WARNING,,6.500758200153855,0.7551211847770938,0
2014-04-07 16:05:00,trace-737420,span-66532,ec2-compute-service,ec2_cpu_utilization_77c1ca.csv,WARNING,,0.08795425111101185,0.5026578980083098,0
2014-04-07 16:10:00,trace-802436,span-63420,ec2-compute-service,ec2_cpu_utilization_77c1ca.csv,WARNING,,0.08333943493891094,0.4850251660878323,0
2014-04-07 16:15:00,trace-403568,span-63744,ec2-compute-service,ec2_cpu_utilization_77c1ca.csv,WARNING,,0.10191837955894772,0.4102844738007056,0
2014-04-07 17:40:00,trace-235870,span-32420,ec2-compute-service,ec2_cpu_utilization_77c1ca.csv,WARNING,,19.111804110344025,0.4034416739869432,0
2014-04-07 17:45:00,trace-882518,span-39300,ec2-compute-service,ec2_cpu_utilization_77c1ca.csv,WARNING,,92.68797765051606,0.8201634852578109,0
2014-04-07 17:50:00,trace-728419,span-35121,ec2-compute-service,ec2_cpu_utilization_77c1ca.csv,WARNING,,81.28182884852558,0.5625894552785327,0
2014-04-07 17:55:00,trace-325019,span-43361,ec2-compute-service,ec2_cpu_utilization_77c1ca.csv,WARNING,,90.37070009295299,0.5721982735910276,0
2014-04-07 18:00:00,trace-769416,span-38380,ec2-compute-service,ec2_cpu_utilization_77c1ca.csv,WARNING,,48.59637496883458,0.5819506804309261,0
2014-04-07 18:05:00,trace-356553,span-65316,ec2-compute-service,ec2_cpu_utilization_77c1ca.csv,WARNING,,0.07567928808061308,0.6321208420184252,0
2014-04-07 18:10:00,trace-479504,span-63352,ec2-compute-service,ec2_cpu_utilization_77c1ca.csv,WARNING,,0.0824042615625755,0.490748305768671,0
2014-04-07 18:15:00,trace-103191,span-43160,ec2-compute-service,ec2_cpu_utilization_77c1ca.csv,WARNING,,0.11535898074339984,0.4567890424293264,0
2014-04-07 19:05:00,trace-295713,span-59723,ec2-compute-service,ec2_cpu_utilization_77c1ca.csv,WARNING,,79.86895921491278,0.8995168988508221,0
2014-04-07 19:10:00,trace-404224,span-99097,ec2-compute-service,ec2_cpu_utilization_77c1ca.csv,WARNING,,101.09834578201281,0.5700804665022042,0
2014-04-07 19:15:00,trace-652959,span-61431,ec2-compute-service,ec2_cpu_utilization_77c1ca.csv,WARNING,,89.8872494621802,0.5749722304391065,0
2014-04-07 19:20:00,trace-489878,span-38602,ec2-compute-service,ec2_cpu_utilization_77c1ca.csv,WARNING,,55.825595167797744,0.5708993550509984,0
2014-04-07 19:25:00,trace-778832,span-59230,ec2-compute-service,ec2_cpu_utilization_77c1ca.csv,WARNING,,0.11788714937805685,0.6621182559953305,0
2014-04-07 19:30:00,trace-873974,span-35431,ec2-compute-service,ec2_cpu_utilization_77c1ca.csv,WARNING,,0.115298377618244,0.4904930825116292,0
2014-04-07 19:35:00,trace-654399,span-73936,ec2-compute-service,ec2_cpu_utilization_77c1ca.csv,WARNING,,0.09773092349774473,0.4640163512411801,0
2014-04-07 19:40:00,trace-825836,span-70920,ec2-compute-service,ec2_cpu_utilization_77c1ca.csv,WARNING,,0.10984829029927355,0.3633982482382822,0
2014-04-08 17:50:00,trace-529440,span-17788,ec2-compute-service,ec2_cpu_utilization_77c1ca.csv,WARNING,,48.50824251785829,0.6212239495575946,0
2014-04-08 17:55:00,trace-713858,span-86816,ec2-compute-service,ec2_cpu_utilization_77c1ca.csv,WARNING,,106.61617082491654,0.6149572903850051,0
2014-04-08 18:00:00,trace-974772,span-54857,ec2-compute-service,ec2_cpu_utilization_77c1ca.csv,WARNING,,93.03205084292208,0.5763590395412966,0
2014-04-08 18:05:00,trace-672643,span-19866,ec2-compute-service,ec2_cpu_utilization_77c1ca.csv,WARNING,,104.09983171671254,0.5573771331856869,0
2014-04-08 18:10:00,trace-858994,span-74027,ec2-compute-service,ec2_cpu_utilization_77c1ca.csv,WARNING,,27.12777247015938,0.7084547606800178,0
2014-04-08 18:15:00,trace-192601,span-39956,ec2-compute-service,ec2_cpu_utilization_77c1ca.csv,WARNING,,0.10198464174875699,0.5222777284816313,0
2014-04-08 18:20:00,trace-569511,span-15439,ec2-compute-service,ec2_cpu_utilization_77c1ca.csv,WARNING,,0.09697187543539554,0.488097472801171,0
2014-04-08 18:25:00,trace-521486,span-88815,ec2-compute-service,ec2_cpu_utilization_77c1ca.csv,WARNING,,0.09857457739368165,0.4399506376993813,0
2014-04-08 19:45:00,trace-248702,span-71063,ec2-compute-service,ec2_cpu_utilization_77c1ca.csv,WARNING,,23.59821197661744,0.4366498091090532,0
2014-04-08 19:50:00,trace-752184,span-45144,ec2-compute-service,ec2_cpu_utilization_77c1ca.csv,WARNING,,90.93102213167722,0.7963913568680807,0
2014-04-08 19:55:00,trace-619089,span-87360,ec2-compute-service,ec2_cpu_utilization_77c1ca.csv,WARNING,,79.51144482369885,0.5627521580844022,0
2014-04-08 20:00:00,trace-797960,span-69560,ec2-compute-service,ec2_cpu_utilization_77c1ca.csv,WARNING,,109.82377098790371,0.5763994551728583,0
2014-04-08 20:05:00,trace-972637,span-16910,ec2-compute-service,ec2_cpu_utilization_77c1ca.csv,WARNING,,69.23465745758932,0.5931598970552667,0
2014-04-08 20:10:00,trace-659252,span-95667,ec2-compute-service,ec2_cpu_utilization_77c1ca.csv,WARNING,,0.09171288146803859,0.675209137902324,0
2014-04-08 20:15:00,trace-903585,span-69765,ec2-compute-service,ec2_cpu_utilization_77c1ca.csv,WARNING,,0.10142943252148362,0.4930470095185107,0
2014-04-08 20:20:00,trace-663359,span-79519,ec2-compute-service,ec2_cpu_utilization_77c1ca.csv,WARNING,,0.1124707915236055,0.4636043254801281,0
2014-04-08 20:25:00,trace-719745,span-67866,ec2-compute-service,ec2_cpu_utilization_77c1ca.csv,WARNING,,0.08174942503519879,0.3675160612150078,0
2014-04-08 21:35:00,trace-551495,span-99489,ec2-compute-service,ec2_cpu_utilization_77c1ca.csv,WARNING,,28.68330385286989,0.5216030859984072,0
2014-04-08 21:40:00,trace-515384,span-80119,ec2-compute-service,ec2_cpu_utilization_77c1ca.csv,WARNING,,90.17946515806443,0.6922623244574442,0
2014-04-08 21:45:00,trace-941851,span-59145,ec2-compute-service,ec2_cpu_utilization_77c1ca.csv,WARNING,,93.55786951496599,0.5581757404133076,0
2014-04-08 21:50:00,trace-979381,span-87811,ec2-compute-service,ec2_cpu_utilization_77c1ca.csv,WARNING,,79.95867128320059,0.5646997310385851,0
2014-04-08 21:55:00,trace-802164,span-86971,ec2-compute-service,ec2_cpu_utilization_77c1ca.csv,WARNING,,37.624210739185905,0.6292343377435504,0
2014-04-08 22:00:00,trace-985421,span-94080,ec2-compute-service,ec2_cpu_utilization_77c1ca.csv,WARNING,,10.162030169246115,0.5595650283969187,0
2014-04-08 22:05:00,trace-177794,span-40841,ec2-compute-service,ec2_cpu_utilization_77c1ca.csv,WARNING,,37.456599803384954,0.5118752240539802,0
2014-04-08 22:10:00,trace-279830,span-86272,ec2-compute-service,ec2_cpu_utilization_77c1ca.csv,WARNING,,83.50054061072534,0.7011108635874093,0
2014-04-08 22:15:00,trace-406094,span-66849,ec2-compute-service,ec2_cpu_utilization_77c1ca.csv,WARNING,,97.64638765838568,0.5864052979363513,0
2014-04-08 22:20:00,trace-598685,span-25997,ec2-compute-service,ec2_cpu_utilization_77c1ca.csv,WARNING,,101.14559169793611,0.572021873532759,0
2014-04-08 22:25:00,trace-941965,span-92566,ec2-compute-service,ec2_cpu_utilization_77c1ca.csv,WARNING,,34.202190153459966,0.6511735579275171,0
2014-04-08 22:30:00,trace-732543,span-67941,ec2-compute-service,ec2_cpu_utilization_77c1ca.csv,WARNING,,0.11233004330526683,0.5465230759649841,0
2014-04-08 22:35:00,trace-289784,span-53541,ec2-compute-service,ec2_cpu_utilization_77c1ca.csv,WARNING,,80.00008423556119,0.8501930587281397,0
2014-04-08 22:40:00,trace-804268,span-95457,ec2-compute-service,ec2_cpu_utilization_77c1ca.csv,WARNING,,70.08491262456565,0.5636637398151616,0
2014-04-08 22:45:00,trace-743534,span-65731,ec2-compute-service,ec2_cpu_utilization_77c1ca.csv,WARNING,,106.47847204463423,0.5980273957740376,0
2014-04-08 22:50:00,trace-668926,span-56486,ec2-compute-service,ec2_cpu_utilization_77c1ca.csv,WARNING,,90.21163791994607,0.5420793856365633,0
2014-04-08 22:55:00,trace-682092,span-13754,ec2-compute-service,ec2_cpu_utilization_77c1ca.csv,WARNING,,14.750773439237319,0.7642878937600581,0
2014-04-08 23:00:00,trace-166912,span-18706,ec2-compute-service,ec2_cpu_utilization_77c1ca.csv,WARNING,,15.134411158527334,0.494351662715681,0
2014-04-08 23:05:00,trace-446130,span-91942,ec2-compute-service,ec2_cpu_utilization_77c1ca.csv,WARNING,,105.64522796342725,0.8659794645557657,0
2014-04-08 23:10:00,trace-236998,span-19496,ec2-compute-service,ec2_cpu_utilization_77c1ca.csv,WARNING,,93.25080544625116,0.538225463487048,0
2014-04-08 23:15:00,trace-785166,span-98199,ec2-compute-service,ec2_cpu_utilization_77c1ca.csv,WARNING,,91.7353547106972,0.5801543487065512,0
2014-04-08 23:20:00,trace-333103,span-75095,ec2-compute-service,ec2_cpu_utilization_77c1ca.csv,WARNING,,60.85983442525334,0.5709492661587587,0
2014-04-08 23:25:00,trace-715684,span-59666,ec2-compute-service,ec2_cpu_utilization_77c1ca.csv,WARNING,,0.11727895009289505,0.7521449064080421,0
2014-04-08 23:30:00,trace-344839,span-72946,ec2-compute-service,ec2_cpu_utilization_77c1ca.csv,WARNING,,0.09798096808714056,0.4929628244204929,0
2014-04-08 23:35:00,trace-195081,span-78056,ec2-compute-service,ec2_cpu_utilization_77c1ca.csv,WARNING,,0.10220339797209146,0.4770432608910016,0
2014-04-08 23:40:00,trace-792095,span-90102,ec2-compute-service,ec2_cpu_utilization_77c1ca.csv,WARNING,,0.10459912961364531,0.394744072641907,0
2014-04-09 01:15:00,trace-701153,span-41656,ec2-compute-service,ec2_cpu_utilization_77c1ca.csv,WARNING,,29.696449429303993,0.5100971569700665,0
2014-04-09 01:20:00,trace-621608,span-94899,ec2-compute-service,ec2_cpu_utilization_77c1ca.csv,WARNING,,78.9515045281024,0.7595138349764314,0
2014-04-09 01:25:00,trace-119033,span-20805,ec2-compute-service,ec2_cpu_utilization_77c1ca.csv,WARNING,,99.18913931465607,0.5645104571625141,0
2014-04-09 01:30:00,trace-294509,span-23944,ec2-compute-service,ec2_cpu_utilization_77c1ca.csv,WARNING,,97.32061749592759,0.5237769456176292,0
2014-04-09 01:35:00,trace-189464,span-25379,ec2-compute-service,ec2_cpu_utilization_77c1ca.csv,WARNING,,92.61746296613475,0.6532669229890198,0
2014-04-09 01:40:00,trace-986514,span-99822,ec2-compute-service,ec2_cpu_utilization_77c1ca.csv,WARNING,,82.14775595623016,0.7004714665655688,0
2014-04-09 01:45:00,trace-898519,span-33762,ec2-compute-service,ec2_cpu_utilization_77c1ca.csv,WARNING,,81.85985410397639,0.668443331700922,0
2014-04-09 01:50:00,trace-724771,span-19596,ec2-compute-service,ec2_cpu_utilization_77c1ca.csv,WARNING,,0.10573460719647138,0.765605469124806,0
2014-04-09 01:55:00,trace-642601,span-76549,ec2-compute-service,ec2_cpu_utilization_77c1ca.csv,WARNING,,0.10164733790012195,0.5408614470918411,0
2014-04-09 02:00:00,trace-822724,span-83445,ec2-compute-service,ec2_cpu_utilization_77c1ca.csv,WARNING,,0.09650487363394496,0.47751981974384,0
2014-04-09 02:05:00,trace-364167,span-69796,ec2-compute-service,ec2_cpu_utilization_77c1ca.csv,WARNING,,25.03549431923584,0.5091251562387037,0
2014-04-09 02:10:00,trace-688717,span-71627,ec2-compute-service,ec2_cpu_utilization_77c1ca.csv,WARNING,,109.55712432257694,0.7573188114218898,0
2014-04-09 02:15:00,trace-389910,span-78099,ec2-compute-service,ec2_cpu_utilization_77c1ca.csv,WARNING,,85.09271925371017,0.5465103337958177,0
2014-04-09 02:20:00,trace-169122,span-26087,ec2-compute-service,ec2_cpu_utilization_77c1ca.csv,WARNING,,67.42329418731137,0.5125843739964765,0
2014-04-09 02:25:00,trace-516441,span-16643,ec2-compute-service,ec2_cpu_utilization_77c1ca.csv,WARNING,,101.8569129716487,0.6578641662152589,0
2014-04-09 02:30:00,trace-209079,span-75697,ec2-compute-service,ec2_cpu_utilization_77c1ca.csv,WARNING,,91.81179136238735,0.6896528541974718,0
2014-04-09 02:35:00,trace-507442,span-73646,ec2-compute-service,ec2_cpu_utilization_77c1ca.csv,WARNING,,54.70010321668786,0.6633728191873414,0
2014-04-09 02:40:00,trace-471602,span-78926,ec2-compute-service,ec2_cpu_utilization_77c1ca.csv,WARNING,,0.10966867713829269,0.754359000215167,0
2014-04-09 02:45:00,trace-964661,span-59815,ec2-compute-service,ec2_cpu_utilization_77c1ca.csv,WARNING,,0.09150214209288558,0.5355768225018737,0
2014-04-09 02:50:00,trace-252889,span-47861,ec2-compute-service,ec2_cpu_utilization_77c1ca.csv,WARNING,,0.08839367979425639,0.4745092671270632,0
2014-04-09 02:55:00,trace-870915,span-20258,ec2-compute-service,ec2_cpu_utilization_77c1ca.csv,WARNING,,0.09760795991821963,0.3939462816513718,0
2014-04-09 03:00:00,trace-367613,span-38854,ec2-compute-service,ec2_cpu_utilization_77c1ca.csv,WARNING,,64.19028035959397,0.7301961143357997,0
2014-04-09 03:05:00,trace-176256,span-43937,ec2-compute-service,ec2_cpu_utilization_77c1ca.csv,WARNING,,93.23482742564067,0.6421057457321128,0
2014-04-09 03:10:00,trace-281360,span-94730,ec2-compute-service,ec2_cpu_utilization_77c1ca.csv,WARNING,,85.0741515931398,0.5233549912512319,0
2014-04-09 03:15:00,trace-342634,span-26184,ec2-compute-service,ec2_cpu_utilization_77c1ca.csv,WARNING,,107.81655307885903,0.5817822315404614,0
2014-04-09 03:20:00,trace-702272,span-69792,ec2-compute-service,ec2_cpu_utilization_77c1ca.csv,WARNING,,105.15397354789913,0.6574225723458191,0
2014-04-09 03:25:00,trace-411955,span-40447,ec2-compute-service,ec2_cpu_utilization_77c1ca.csv,WARNING,,73.68243924650317,0.6811152487166392,0
2014-04-09 03:30:00,trace-616494,span-40254,ec2-compute-service,ec2_cpu_utilization_77c1ca.csv,WARNING,,47.165708201664835,0.656377749429647,0
2014-04-09 03:35:00,trace-288490,span-24472,ec2-compute-service,ec2_cpu_utilization_77c1ca.csv,WARNING,,0.1156522599148792,0.5638231254656477,0
2014-04-09 03:40:00,trace-338404,span-18329,ec2-compute-service,ec2_cpu_utilization_77c1ca.csv,WARNING,,0.09524806058067083,0.5099215418197941,0
2014-04-09 03:45:00,trace-416364,span-16397,ec2-compute-service,ec2_cpu_utilization_77c1ca.csv,WARNING,,0.10552834696129924,0.4441246242227851,0
2014-04-09 03:55:00,trace-790885,span-63072,ec2-compute-service,ec2_cpu_utilization_77c1ca.csv,WARNING,,80.69336852368784,0.7894763157635232,0
2014-04-09 04:00:00,trace-577746,span-33284,ec2-compute-service,ec2_cpu_utilization_77c1ca.csv,WARNING,,77.10839369587335,0.5996061689929346,0
2014-04-09 04:05:00,trace-911554,span-80553,ec2-compute-service,ec2_cpu_utilization_77c1ca.csv,WARNING,,91.00119978275103,0.5336715815781591,0
2014-04-09 04:10:00,trace-687100,span-17999,ec2-compute-service,ec2_cpu_utilization_77c1ca.csv,WARNING,,83.53355849760767,0.6105176610983515,0
2014-04-09 04:15:00,trace-757456,span-35279,ec2-compute-service,ec2_cpu_utilization_77c1ca.csv,WARNING,,96.27364185868872,0.6788958115591105,0
2014-04-09 04:20:00,trace-869605,span-36201,ec2-compute-service,ec2_cpu_utilization_77c1ca.csv,WARNING,,66.98038841208037,0.7067163174956954,0
2014-04-09 04:25:00,trace-770438,span-66614,ec2-compute-service,ec2_cpu_utilization_77c1ca.csv,WARNING,,20.786534138971167,0.7177729148985466,0
2014-04-09 04:30:00,trace-456992,span-12839,ec2-compute-service,ec2_cpu_utilization_77c1ca.csv,WARNING,,0.11136393572901776,0.5283975857219675,0
2014-04-09 04:35:00,trace-667109,span-23493,ec2-compute-service,ec2_cpu_utilization_77c1ca.csv,WARNING,,0.0890089480907396,0.4881876224352205,0
2014-04-09 04:40:00,trace-107531,span-47051,ec2-compute-service,ec2_cpu_utilization_77c1ca.csv,WARNING,,0.09787251001191216,0.429496226302518,0
2014-04-09 10:10:00,trace-167155,span-23975,ec2-compute-service,ec2_cpu_utilization_77c1ca.csv,WARNING,,26.360074821929434,0.4578318790055702,0
2014-04-09 10:15:00,trace-574013,span-11431,ec2-compute-service,ec2_cpu_utilization_77c1ca.csv,ERROR,CPUUtilizationHigh: CPU usage spike detected (34.9%),28.688507963063852,0.39149037846246,1
2014-04-09 10:20:00,trace-979005,span-19557,ec2-compute-service,ec2_cpu_utilization_77c1ca.csv,WARNING,,10.61554179718285,0.4636894053035733,0
2014-04-09 11:15:00,trace-755522,span-44742,ec2-compute-service,ec2_cpu_utilization_77c1ca.csv,WARNING,,15.458949364707498,0.3744925554344376,0
2014-04-09 11:25:00,trace-248087,span-60057,ec2-compute-service,ec2_cpu_utilization_77c1ca.csv,WARNING,,0.06179703255069877,0.4089199974312796,0
2014-04-09 11:30:00,trace-619349,span-19833,ec2-compute-service,ec2_cpu_utilization_77c1ca.csv,WARNING,,21.847982870676645,0.4147839080612071,0
2014-04-09 11:35:00,trace-411877,span-51800,ec2-compute-service,ec2_cpu_utilization_77c1ca.csv,WARNING,,40.625022678118775,0.4606120377930612,0
2014-04-09 11:40:00,trace-814423,span-12643,ec2-compute-service,ec2_cpu_utilization_77c1ca.csv,WARNING,,18.059160060958693,0.4793379872141873,0
2014-04-09 11:45:00,trace-466008,span-25892,ec2-compute-service,ec2_cpu_utilization_77c1ca.csv,WARNING,,32.51425562386797,0.4208013692623252,0
2014-04-09 11:50:00,trace-988736,span-40682,ec2-compute-service,ec2_cpu_utilization_77c1ca.csv,WARNING,,0.09577160771136078,0.5234397691602382,0
2014-04-09 16:30:00,trace-852254,span-24289,ec2-compute-service,ec2_cpu_utilization_77c1ca.csv,WARNING,,18.106298276651916,0.4031712925322377,0
2014-04-09 16:35:00,trace-166707,span-87454,ec2-compute-service,ec2_cpu_utilization_77c1ca.csv,WARNING,,112.08740689367502,0.8559136658736912,0
2014-04-09 16:40:00,trace-689716,span-60601,ec2-compute-service,ec2_cpu_utilization_77c1ca.csv,WARNING,,95.3964429204683,0.5567107312152452,0
2014-04-09 16:45:00,trace-595479,span-32669,ec2-compute-service,ec2_cpu_utilization_77c1ca.csv,WARNING,,90.51469937686525,0.5234621612089136,0
2014-04-09 16:50:00,trace-511961,span-38228,ec2-compute-service,ec2_cpu_utilization_77c1ca.csv,WARNING,,105.85272978614843,0.652445403133723,0
2014-04-09 16:55:00,trace-527737,span-36928,ec2-compute-service,ec2_cpu_utilization_77c1ca.csv,WARNING,,86.05826274906084,0.6873766065912272,0
2014-04-09 17:00:00,trace-450040,span-72292,ec2-compute-service,ec2_cpu_utilization_77c1ca.csv,WARNING,,69.18857738100108,0.6605611147292766,0
2014-04-09 17:05:00,trace-706200,span-16588,ec2-compute-service,ec2_cpu_utilization_77c1ca.csv,WARNING,,2.6925123916332723,0.7369730592495027,0
2014-04-09 17:10:00,trace-631633,span-39300,ec2-compute-service,ec2_cpu_utilization_77c1ca.csv,WARNING,,0.09079293074201039,0.5332983395452479,0
2014-04-09 17:15:00,trace-229350,span-43365,ec2-compute-service,ec2_cpu_utilization_77c1ca.csv,WARNING,,0.10449788976192702,0.466591788212766,0
2014-04-09 17:20:00,trace-948464,span-85415,ec2-compute-service,ec2_cpu_utilization_77c1ca.csv,WARNING,,0.08289893977727333,0.3889222712396746,0
2014-04-09 20:45:00,trace-238593,span-81707,ec2-compute-service,ec2_cpu_utilization_77c1ca.csv,WARNING,,97.98210638953921,0.934041828731569,0
2014-04-09 20:50:00,trace-277832,span-65718,ec2-compute-service,ec2_cpu_utilization_77c1ca.csv,WARNING,,99.97327178972306,0.60638104750278,0
2014-04-09 20:55:00,trace-448688,span-77169,ec2-compute-service,ec2_cpu_utilization_77c1ca.csv,WARNING,,64.08882918429863,0.5647595359882659,0
2014-04-09 21:00:00,trace-309093,span-79184,ec2-compute-service,ec2_cpu_utilization_77c1ca.csv,WARNING,,96.62646639398614,0.6398741444162643,0
2014-04-09 21:05:00,trace-488612,span-93457,ec2-compute-service,ec2_cpu_utilization_77c1ca.csv,WARNING,,95.76796444997753,0.6838059758492501,0
2014-04-09 21:10:00,trace-211672,span-78673,ec2-compute-service,ec2_cpu_utilization_77c1ca.csv,WARNING,,63.55278796023442,0.6644374811651927,0
2014-04-09 21:15:00,trace-832303,span-88258,ec2-compute-service,ec2_cpu_utilization_77c1ca.csv,WARNING,,15.02571761181161,0.7241463791313605,0
2014-04-09 21:20:00,trace-193269,span-84071,ec2-compute-service,ec2_cpu_utilization_77c1ca.csv,WARNING,,0.11370838150464077,0.5266463256776884,0
2014-04-09 21:25:00,trace-613317,span-40651,ec2-compute-service,ec2_cpu_utilization_77c1ca.csv,WARNING,,0.09423893495179411,0.4717544797192695,0
2014-04-09 21:30:00,trace-248066,span-77263,ec2-compute-service,ec2_cpu_utilization_77c1ca.csv,WARNING,,0.11399478042781463,0.4161249409099574,0
2014-04-09 21:35:00,trace-897232,span-47823,ec2-compute-service,ec2_cpu_utilization_77c1ca.csv,WARNING,,64.43559974483706,0.7819731667414057,0
2014-04-09 21:40:00,trace-380852,span-22819,ec2-compute-service,ec2_cpu_utilization_77c1ca.csv,WARNING,,100.26700170792992,0.6445739129272707,0
2014-04-09 21:45:00,trace-633571,span-40573,ec2-compute-service,ec2_cpu_utilization_77c1ca.csv,WARNING,,82.32799006615502,0.5316957348574494,0
2014-04-09 21:50:00,trace-630062,span-82055,ec2-compute-service,ec2_cpu_utilization_77c1ca.csv,WARNING,,79.60694162775545,0.5984268261970169,0
2014-04-09 21:55:00,trace-982766,span-28133,ec2-compute-service,ec2_cpu_utilization_77c1ca.csv,WARNING,,86.29186286653199,0.6723480528619414,0
2014-04-09 22:00:00,trace-625069,span-66700,ec2-compute-service,ec2_cpu_utilization_77c1ca.csv,WARNING,,78.81028640263179,0.68015869191201,0
2014-04-09 22:05:00,trace-642777,span-49961,ec2-compute-service,ec2_cpu_utilization_77c1ca.csv,WARNING,,68.55593018396577,0.6534502686841086,0
2014-04-09 22:10:00,trace-200417,span-91816,ec2-compute-service,ec2_cpu_utilization_77c1ca.csv,WARNING,,60.51596423804837,0.6564715729859447,0
2014-04-09 22:15:00,trace-775714,span-52951,ec2-compute-service,ec2_cpu_utilization_77c1ca.csv,WARNING,,7.94468547214801,0.7369382768555965,0
2014-04-09 22:20:00,trace-543945,span-51971,ec2-compute-service,ec2_cpu_utilization_77c1ca.csv,WARNING,,0.11417244287955258,0.4946157071512409,0
2014-04-09 22:25:00,trace-557382,span-58563,ec2-compute-service,ec2_cpu_utilization_77c1ca.csv,WARNING,,0.06472479602771643,0.4597895039617844,0
2014-04-09 22:30:00,trace-806938,span-89025,ec2-compute-service,ec2_cpu_utilization_77c1ca.csv,WARNING,,9.1942478129155,0.4523932154866898,0
2014-04-09 22:35:00,trace-762212,span-12551,ec2-compute-service,ec2_cpu_utilization_77c1ca.csv,WARNING,,84.93583156509817,0.9021906217600943,0
2014-04-09 22:40:00,trace-280231,span-61707,ec2-compute-service,ec2_cpu_utilization_77c1ca.csv,WARNING,,97.00588824895377,0.5716189867178705,0
2014-04-09 22:45:00,trace-962371,span-67828,ec2-compute-service,ec2_cpu_utilization_77c1ca.csv,WARNING,,89.13951534836399,0.5353119639613921,0
2014-04-09 22:50:00,trace-368854,span-31384,ec2-compute-service,ec2_cpu_utilization_77c1ca.csv,WARNING,,90.47567860049055,0.6191501359997844,0
2014-04-09 22:55:00,trace-319055,span-77821,ec2-compute-service,ec2_cpu_utilization_77c1ca.csv,WARNING,,78.18750865106006,0.7021049980302553,0
2014-04-09 23:00:00,trace-500187,span-39139,ec2-compute-service,ec2_cpu_utilization_77c1ca.csv,WARNING,,91.2916720341835,0.7045410047037819,0
2014-04-09 23:05:00,trace-180257,span-94742,ec2-compute-service,ec2_cpu_utilization_77c1ca.csv,WARNING,,87.17501001244837,0.6932074291251293,0
2014-04-09 23:10:00,trace-373260,span-75794,ec2-compute-service,ec2_cpu_utilization_77c1ca.csv,WARNING,,49.81538082108204,0.6560846550490309,0
2014-04-09 23:15:00,trace-757258,span-14135,ec2-compute-service,ec2_cpu_utilization_77c1ca.csv,WARNING,,0.10228768503770998,0.5895822559990913,0
2014-04-09 23:20:00,trace-578336,span-99087,ec2-compute-service,ec2_cpu_utilization_77c1ca.csv,WARNING,,0.06429245299336701,0.4949369188039637,0
2014-04-09 23:25:00,trace-379215,span-30074,ec2-compute-service,ec2_cpu_utilization_77c1ca.csv,WARNING,,0.0925264797926913,0.4473665259590133,0
2014-04-10 05:35:00,trace-139901,span-21205,ec2-compute-service,ec2_cpu_utilization_77c1ca.csv,WARNING,,87.25202278683962,0.8230170494547018,0
2014-04-10 05:40:00,trace-892338,span-12591,ec2-compute-service,ec2_cpu_utilization_77c1ca.csv,WARNING,,77.29061733743431,0.5924370294119059,0
2014-04-10 05:45:00,trace-442829,span-64400,ec2-compute-service,ec2_cpu_utilization_77c1ca.csv,WARNING,,78.14396905895462,0.5486165980321628,0
2014-04-10 05:50:00,trace-613012,span-62756,ec2-compute-service,ec2_cpu_utilization_77c1ca.csv,WARNING,,104.28740055191219,0.6086840638512161,0
2014-04-10 05:55:00,trace-156481,span-11283,ec2-compute-service,ec2_cpu_utilization_77c1ca.csv,WARNING,,112.25616178912506,0.6911787606131108,0
2014-04-10 06:00:00,trace-298137,span-36170,ec2-compute-service,ec2_cpu_utilization_77c1ca.csv,WARNING,,73.31355074982307,0.7115514878489269,0
2014-04-10 06:05:00,trace-771514,span-18004,ec2-compute-service,ec2_cpu_utilization_77c1ca.csv,WARNING,,25.736807545573754,0.7237707792659165,0
2014-04-10 06:10:00,trace-339968,span-36819,ec2-compute-service,ec2_cpu_utilization_77c1ca.csv,WARNING,,0.07396641852844112,0.5349955931318913,0
2014-04-10 06:15:00,trace-621121,span-34217,ec2-compute-service,ec2_cpu_utilization_77c1ca.csv,WARNING,,0.08317626338572119,0.4849888677527532,0
2014-04-10 06:20:00,trace-319780,span-42994,ec2-compute-service,ec2_cpu_utilization_77c1ca.csv,WARNING,,0.08924640731918135,0.4377905464174303,0
2014-04-10 08:50:00,trace-197756,span-59416,ec2-compute-service,ec2_cpu_utilization_77c1ca.csv,WARNING,,33.6122580884753,0.4260988505328165,0
2014-04-10 08:55:00,trace-195665,span-10645,ec2-compute-service,ec2_cpu_utilization_77c1ca.csv,WARNING,,38.5201388482734,0.3979017232368217,0
2014-04-10 09:00:00,trace-706123,span-40090,ec2-compute-service,ec2_cpu_utilization_77c1ca.csv,WARNING,,46.97778500646311,0.4404047751075471,0
2014-04-10 09:05:00,trace-343051,span-36475,ec2-compute-service,ec2_cpu_utilization_77c1ca.csv,WARNING,,0.09256243179970929,0.5937563713436154,0
2014-04-10 09:20:00,trace-836983,span-56305,ec2-compute-service,ec2_cpu_utilization_77c1ca.csv,WARNING,,42.8549329981301,0.5739940872504209,0
2014-04-10 09:25:00,trace-887019,span-22763,ec2-compute-service,ec2_cpu_utilization_77c1ca.csv,WARNING,,0.09899704857179116,0.5448031751610111,0
2014-04-10 10:40:00,trace-956047,span-46116,ec2-compute-service,ec2_cpu_utilization_77c1ca.csv,WARNING,,23.3995782672287,0.4726257459454782,0
2014-04-10 10:45:00,trace-191353,span-35556,ec2-compute-service,ec2_cpu_utilization_77c1ca.csv,WARNING,,36.10817141948805,0.4106802829979598,0
2014-04-10 10:50:00,trace-471233,span-55096,ec2-compute-service,ec2_cpu_utilization_77c1ca.csv,WARNING,,18.535520152196995,0.4480165830085468,0
2014-04-10 10:55:00,trace-522225,span-80969,ec2-compute-service,ec2_cpu_utilization_77c1ca.csv,WARNING,,73.35932254744894,0.6832504609814869,0
2014-04-10 11:00:00,trace-970678,span-86975,ec2-compute-service,ec2_cpu_utilization_77c1ca.csv,WARNING,,94.12528376723898,0.6207360297278035,0
2014-04-10 11:05:00,trace-237488,span-82516,ec2-compute-service,ec2_cpu_utilization_77c1ca.csv,WARNING,,53.9642692700553,0.609505074075867,0
2014-04-10 11:10:00,trace-533934,span-42602,ec2-compute-service,ec2_cpu_utilization_77c1ca.csv,WARNING,,29.97443022009485,0.5129762977879128,0
2014-04-10 11:15:00,trace-289139,span-37516,ec2-compute-service,ec2_cpu_utilization_77c1ca.csv,WARNING,,21.996038618210406,0.5007740892467596,0
2014-04-10 11:20:00,trace-756449,span-47346,ec2-compute-service,ec2_cpu_utilization_77c1ca.csv,WARNING,,40.85151494544482,0.5103717316730931,0
2014-04-10 11:25:00,trace-362299,span-77494,ec2-compute-service,ec2_cpu_utilization_77c1ca.csv,WARNING,,0.23058284602053797,0.5883846463684783,0
2014-04-10 11:35:00,trace-138547,span-38795,ec2-compute-service,ec2_cpu_utilization_77c1ca.csv,WARNING,,45.275836071171206,0.5811638923234592,0
2014-04-10 11:40:00,trace-791958,span-51814,ec2-compute-service,ec2_cpu_utilization_77c1ca.csv,WARNING,,32.12491936404607,0.4323679422709259,0
2014-04-10 11:45:00,trace-306402,span-97960,ec2-compute-service,ec2_cpu_utilization_77c1ca.csv,WARNING,,31.818553763633595,0.4247639318716769,0
2014-04-10 11:50:00,trace-212782,span-81906,ec2-compute-service,ec2_cpu_utilization_77c1ca.csv,WARNING,,2.2481031449682325,0.5522333778555361,0
2014-04-10 12:20:00,trace-543316,span-18179,ec2-compute-service,ec2_cpu_utilization_77c1ca.csv,WARNING,,19.550304940028827,0.4035971639465279,0
2014-04-10 12:30:00,trace-575595,span-33952,ec2-compute-service,ec2_cpu_utilization_77c1ca.csv,WARNING,,42.22342560085608,0.4158431785896245,0
2014-04-10 12:35:00,trace-603650,span-60939,ec2-compute-service,ec2_cpu_utilization_77c1ca.csv,WARNING,,24.564764846280337,0.4225400471697814,0
2014-04-10 12:40:00,trace-241521,span-60290,ec2-compute-service,ec2_cpu_utilization_77c1ca.csv,WARNING,,17.98739709398311,0.3704133261761457,0
2014-04-10 12:45:00,trace-435098,span-32746,ec2-compute-service,ec2_cpu_utilization_77c1ca.csv,WARNING,,76.21305164551138,0.7293212497548373,0
2014-04-10 12:50:00,trace-742650,span-93297,ec2-compute-service,ec2_cpu_utilization_77c1ca.csv,WARNING,,96.70763509122993,0.645079361605096,0
2014-04-10 12:55:00,trace-757957,span-75677,ec2-compute-service,ec2_cpu_utilization_77c1ca.csv,WARNING,,95.71996592492192,0.5407731713238741,0
2014-04-10 13:00:00,trace-174567,span-25037,ec2-compute-service,ec2_cpu_utilization_77c1ca.csv,WARNING,,58.85492749318358,0.5518019005808262,0
2014-04-10 13:05:00,trace-564894,span-22109,ec2-compute-service,ec2_cpu_utilization_77c1ca.csv,WARNING,,38.1102482660752,0.5990371299173219,0
2014-04-10 13:10:00,trace-863760,span-18472,ec2-compute-service,ec2_cpu_utilization_77c1ca.csv,WARNING,,16.35733878967613,0.5168168184351165,0
2014-04-10 13:15:00,trace-423853,span-79785,ec2-compute-service,ec2_cpu_utilization_77c1ca.csv,WARNING,,67.630349764115,0.5888656992428556,0
2014-04-10 13:20:00,trace-153909,span-28351,ec2-compute-service,ec2_cpu_utilization_77c1ca.csv,WARNING,,107.77032768928075,0.664035199444667,0
2014-04-10 13:25:00,trace-615693,span-25282,ec2-compute-service,ec2_cpu_utilization_77c1ca.csv,WARNING,,109.04667326322699,0.6064120693857896,0
2014-04-10 13:30:00,trace-514994,span-34264,ec2-compute-service,ec2_cpu_utilization_77c1ca.csv,WARNING,,68.4877971371585,0.5615566908270624,0
2014-04-10 13:35:00,trace-569164,span-58454,ec2-compute-service,ec2_cpu_utilization_77c1ca.csv,WARNING,,35.33782089857538,0.5757940295229822,0
2014-04-10 13:40:00,trace-541416,span-21002,ec2-compute-service,ec2_cpu_utilization_77c1ca.csv,WARNING,,1.490736656254773,0.5269677629731745,0
2014-04-10 13:45:00,trace-981272,span-88610,ec2-compute-service,ec2_cpu_utilization_77c1ca.csv,WARNING,,0.38379991296603455,0.4740936770135561,0
2014-04-10 13:50:00,trace-235565,span-60085,ec2-compute-service,ec2_cpu_utilization_77c1ca.csv,WARNING,,7.037524594237554,0.4277523129454376,0
2014-04-10 13:55:00,trace-524871,span-53472,ec2-compute-service,ec2_cpu_utilization_77c1ca.csv,WARNING,,67.15279097413396,0.7658636472114451,0
2014-04-10 14:00:00,trace-946143,span-16816,ec2-compute-service,ec2_cpu_utilization_77c1ca.csv,WARNING,,1.2817843276691716,0.8185832450166806,0
2014-04-10 14:05:00,trace-408877,span-21240,ec2-compute-service,ec2_cpu_utilization_77c1ca.csv,WARNING,,0.09383669974948497,0.4231175650633179,0
2014-04-10 14:10:00,trace-225149,span-81363,ec2-compute-service,ec2_cpu_utilization_77c1ca.csv,WARNING,,0.11230832515595472,0.4230061700985208,0
2014-04-10 14:15:00,trace-281211,span-24849,ec2-compute-service,ec2_cpu_utilization_77c1ca.csv,WARNING,,0.07043004363717713,0.4286907962462923,0
2014-04-10 14:25:00,trace-976141,span-64869,ec2-compute-service,ec2_cpu_utilization_77c1ca.csv,WARNING,,112.74195137748364,0.9708317698198292,0
2014-04-10 14:30:00,trace-217886,span-80910,ec2-compute-service,ec2_cpu_utilization_77c1ca.csv,WARNING,,76.53600232455805,0.6066195547371296,0
2014-04-10 14:35:00,trace-135292,span-84813,ec2-compute-service,ec2_cpu_utilization_77c1ca.csv,WARNING,,85.64376376035752,0.561253510247256,0
2014-04-10 14:40:00,trace-109885,span-69659,ec2-compute-service,ec2_cpu_utilization_77c1ca.csv,WARNING,,92.93765490817623,0.5807088993980054,0
2014-04-10 14:45:00,trace-427231,span-39165,ec2-compute-service,ec2_cpu_utilization_77c1ca.csv,WARNING,,113.8143389591139,0.6970843864462442,0
2014-04-10 14:50:00,trace-982430,span-59812,ec2-compute-service,ec2_cpu_utilization_77c1ca.csv,WARNING,,71.70739431589226,0.679903488708606,0
2014-04-10 14:55:00,trace-420787,span-54900,ec2-compute-service,ec2_cpu_utilization_77c1ca.csv,WARNING,,74.87137286356908,0.6587992130848765,0
2014-04-10 15:00:00,trace-902720,span-82692,ec2-compute-service,ec2_cpu_utilization_77c1ca.csv,WARNING,,12.25492791661414,0.6927491599832024,0
2014-04-10 15:05:00,trace-971868,span-56403,ec2-compute-service,ec2_cpu_utilization_77c1ca.csv,WARNING,,0.11474206025281156,0.5153344141814069,0
2014-04-10 15:10:00,trace-412023,span-69871,ec2-compute-service,ec2_cpu_utilization_77c1ca.csv,WARNING,,0.10492831196357154,0.4660410364274686,0
2014-04-10 15:15:00,trace-582604,span-42174,ec2-compute-service,ec2_cpu_utilization_77c1ca.csv,WARNING,,0.08328828254847127,0.4058622446164088,0
2014-04-10 16:30:00,trace-237653,span-81853,ec2-compute-service,ec2_cpu_utilization_77c1ca.csv,WARNING,,37.91782534196895,0.5383844796391697,0
2014-04-10 16:35:00,trace-601608,span-36649,ec2-compute-service,ec2_cpu_utilization_77c1ca.csv,WARNING,,84.27922240085987,0.7187242977158456,0
2014-04-10 16:40:00,trace-837685,span-24567,ec2-compute-service,ec2_cpu_utilization_77c1ca.csv,WARNING,,87.85362794110897,0.5143271291440978,0
2014-04-10 16:45:00,trace-863429,span-71944,ec2-compute-service,ec2_cpu_utilization_77c1ca.csv,WARNING,,0.11026745794188907,0.7842309071951825,0
2014-04-10 16:50:00,trace-653091,span-28230,ec2-compute-service,ec2_cpu_utilization_77c1ca.csv,WARNING,,0.10049455110183164,0.4709980651395289,0
2014-04-10 16:55:00,trace-330147,span-97445,ec2-compute-service,ec2_cpu_utilization_77c1ca.csv,WARNING,,13.420989614103767,0.5384251835482586,0
2014-04-10 17:00:00,trace-370914,span-21093,ec2-compute-service,ec2_cpu_utilization_77c1ca.csv,WARNING,,89.60557572793478,0.92120473494819,0
2014-04-10 17:05:00,trace-462455,span-27569,ec2-compute-service,ec2_cpu_utilization_77c1ca.csv,WARNING,,92.63868323050899,0.6161928643061535,0
2014-04-10 17:10:00,trace-949256,span-52752,ec2-compute-service,ec2_cpu_utilization_77c1ca.csv,WARNING,,66.38792358772588,0.5425221998842429,0
2014-04-10 17:15:00,trace-664485,span-12261,ec2-compute-service,ec2_cpu_utilization_77c1ca.csv,WARNING,,83.19787041265221,0.6146781063652169,0
2014-04-10 17:20:00,trace-257584,span-16716,ec2-compute-service,ec2_cpu_utilization_77c1ca.csv,WARNING,,98.60699098702777,0.6834553532341849,0
2014-04-10 17:25:00,trace-759738,span-50583,ec2-compute-service,ec2_cpu_utilization_77c1ca.csv,WARNING,,79.52418857747647,0.6748197720863822,0
2014-04-10 17:30:00,trace-784393,span-34000,ec2-compute-service,ec2_cpu_utilization_77c1ca.csv,WARNING,,64.92752863272554,0.6633277342964781,0
2014-04-10 17:35:00,trace-404748,span-78336,ec2-compute-service,ec2_cpu_utilization_77c1ca.csv,WARNING,,10.739742657952453,0.6834120498444072,0
2014-04-10 17:40:00,trace-173869,span-15410,ec2-compute-service,ec2_cpu_utilization_77c1ca.csv,WARNING,,0.1331422668879417,0.5295791776123638,0
2014-04-10 17:45:00,trace-818675,span-81344,ec2-compute-service,ec2_cpu_utilization_77c1ca.csv,WARNING,,0.10267616324059593,0.4627735201665227,0
2014-04-10 17:50:00,trace-678533,span-53056,ec2-compute-service,ec2_cpu_utilization_77c1ca.csv,WARNING,,0.08030656130596903,0.3833049214733957,0
2014-04-10 18:20:00,trace-420701,span-27543,ec2-compute-service,ec2_cpu_utilization_77c1ca.csv,WARNING,,30.2542738071322,0.5613780280773351,0
2014-04-10 18:25:00,trace-596507,span-26724,ec2-compute-service,ec2_cpu_utilization_77c1ca.csv,WARNING,,95.16347680747572,0.7004410643724426,0
2014-04-10 18:30:00,trace-117087,span-22605,ec2-compute-service,ec2_cpu_utilization_77c1ca.csv,WARNING,,80.85258612087097,0.5410247376136851,0
2014-04-10 18:35:00,trace-951765,span-98296,ec2-compute-service,ec2_cpu_utilization_77c1ca.csv,WARNING,,71.14915926001882,0.4941845198841322,0
2014-04-10 18:40:00,trace-867524,span-80448,ec2-compute-service,ec2_cpu_utilization_77c1ca.csv,WARNING,,103.96035028626355,0.6673584575461011,0
2014-04-10 18:45:00,trace-395767,span-69156,ec2-compute-service,ec2_cpu_utilization_77c1ca.csv,WARNING,,93.59316518292992,0.6835539389211668,0
2014-04-10 18:50:00,trace-476742,span-59334,ec2-compute-service,ec2_cpu_utilization_77c1ca.csv,WARNING,,97.04754870149004,0.668271789685096,0
2014-04-10 18:55:00,trace-694316,span-32207,ec2-compute-service,ec2_cpu_utilization_77c1ca.csv,WARNING,,59.981497377851646,0.6649284821379141,0
2014-04-10 19:00:00,trace-705842,span-31386,ec2-compute-service,ec2_cpu_utilization_77c1ca.csv,WARNING,,7.448275580571508,0.6160637473124713,0
2014-04-10 19:05:00,trace-414925,span-62780,ec2-compute-service,ec2_cpu_utilization_77c1ca.csv,WARNING,,0.12643361679155574,0.5180303645118693,0
2014-04-10 19:10:00,trace-947467,span-18210,ec2-compute-service,ec2_cpu_utilization_77c1ca.csv,WARNING,,0.09644084301062184,0.451402411903025,0
2014-04-10 19:15:00,trace-702567,span-70348,ec2-compute-service,ec2_cpu_utilization_77c1ca.csv,WARNING,,0.11073253189424773,0.3540581707964835,0
2014-04-10 19:55:00,trace-303196,span-78847,ec2-compute-service,ec2_cpu_utilization_77c1ca.csv,WARNING,,22.269071208145256,0.4521441341497104,0
2014-04-10 20:00:00,trace-819449,span-65398,ec2-compute-service,ec2_cpu_utilization_77c1ca.csv,WARNING,,115.18129648429382,0.7952197018945848,0
2014-04-10 20:05:00,trace-967780,span-47383,ec2-compute-service,ec2_cpu_utilization_77c1ca.csv,WARNING,,103.40266315639167,0.5702664509374408,0
2014-04-10 20:10:00,trace-747341,span-89190,ec2-compute-service,ec2_cpu_utilization_77c1ca.csv,WARNING,,82.31634668696988,0.5026734394071729,0
2014-04-10 20:15:00,trace-952694,span-13760,ec2-compute-service,ec2_cpu_utilization_77c1ca.csv,WARNING,,100.63148666558794,0.6432607215675444,0
2014-04-10 20:20:00,trace-385521,span-56737,ec2-compute-service,ec2_cpu_utilization_77c1ca.csv,WARNING,,84.07879484994221,0.6897528866971552,0
2014-04-10 20:25:00,trace-313981,span-13744,ec2-compute-service,ec2_cpu_utilization_77c1ca.csv,WARNING,,83.62601067850397,0.6845353868563123,0
2014-04-10 20:30:00,trace-772337,span-44542,ec2-compute-service,ec2_cpu_utilization_77c1ca.csv,WARNING,,62.072135454442765,0.6663499703630725,0
2014-04-10 20:35:00,trace-965363,span-26715,ec2-compute-service,ec2_cpu_utilization_77c1ca.csv,WARNING,,0.08320720056327614,0.7343239649107691,0
2014-04-10 20:40:00,trace-250158,span-24376,ec2-compute-service,ec2_cpu_utilization_77c1ca.csv,WARNING,,0.117669028464757,0.5238011831991136,0
2014-04-10 20:45:00,trace-596574,span-46636,ec2-compute-service,ec2_cpu_utilization_77c1ca.csv,WARNING,,45.21594886863289,0.5906060777060566,0
2014-04-10 20:50:00,trace-544865,span-44610,ec2-compute-service,ec2_cpu_utilization_77c1ca.csv,WARNING,,101.06147399728246,0.6560385731301188,0
2014-04-10 20:55:00,trace-621481,span-84637,ec2-compute-service,ec2_cpu_utilization_77c1ca.csv,WARNING,,87.0228026840718,0.53113441773179,0
2014-04-10 21:00:00,trace-963349,span-74200,ec2-compute-service,ec2_cpu_utilization_77c1ca.csv,WARNING,,80.46517276624576,0.5059499517844676,0
2014-04-10 21:05:00,trace-801979,span-27154,ec2-compute-service,ec2_cpu_utilization_77c1ca.csv,WARNING,,108.09596755467207,0.669599267235174,0
2014-04-10 21:10:00,trace-946490,span-72068,ec2-compute-service,ec2_cpu_utilization_77c1ca.csv,WARNING,,115.79395518483011,0.6823852464525715,0
2014-04-10 21:15:00,trace-261445,span-43154,ec2-compute-service,ec2_cpu_utilization_77c1ca.csv,WARNING,,90.87618226147495,0.6741640873684211,0
2014-04-10 21:20:00,trace-303047,span-32785,ec2-compute-service,ec2_cpu_utilization_77c1ca.csv,WARNING,,51.30334666950381,0.6731093730849296,0
2014-04-10 21:25:00,trace-784029,span-12282,ec2-compute-service,ec2_cpu_utilization_77c1ca.csv,WARNING,,11.769720737835371,0.6572690906015208,0
2014-04-10 21:30:00,trace-320972,span-77534,ec2-compute-service,ec2_cpu_utilization_77c1ca.csv,WARNING,,0.08011457163451075,0.5227149185296911,0
2014-04-10 21:35:00,trace-961396,span-47437,ec2-compute-service,ec2_cpu_utilization_77c1ca.csv,WARNING,,0.102345695858017,0.4575727086897427,0
2014-04-10 21:40:00,trace-743294,span-82982,ec2-compute-service,ec2_cpu_utilization_77c1ca.csv,WARNING,,0.11266892810234178,0.3750737368914604,0
2014-04-10 22:40:00,trace-107461,span-20516,ec2-compute-service,ec2_cpu_utilization_77c1ca.csv,WARNING,,104.81982273936359,0.9405429232208572,0
2014-04-10 22:45:00,trace-483395,span-46268,ec2-compute-service,ec2_cpu_utilization_77c1ca.csv,WARNING,,83.61024647671991,0.6005878235937205,0
2014-04-10 22:50:00,trace-792148,span-85749,ec2-compute-service,ec2_cpu_utilization_77c1ca.csv,WARNING,,84.48393846432067,0.5425539931908048,0
2014-04-10 22:55:00,trace-660315,span-52849,ec2-compute-service,ec2_cpu_utilization_77c1ca.csv,WARNING,,86.84545131558009,0.5940153048349431,0
2014-04-10 23:00:00,trace-839522,span-89003,ec2-compute-service,ec2_cpu_utilization_77c1ca.csv,WARNING,,102.90034703894068,0.694251342742593,0
2014-04-10 23:05:00,trace-416456,span-78670,ec2-compute-service,ec2_cpu_utilization_77c1ca.csv,WARNING,,74.74844546920652,0.6807224016070608,0
2014-04-10 23:10:00,trace-115434,span-74047,ec2-compute-service,ec2_cpu_utilization_77c1ca.csv,WARNING,,57.29609171203612,0.6618582958947942,0
2014-04-10 23:15:00,trace-870042,span-76677,ec2-compute-service,ec2_cpu_utilization_77c1ca.csv,WARNING,,15.672917785123145,0.6886239908773201,0
2014-04-10 23:20:00,trace-841280,span-55734,ec2-compute-service,ec2_cpu_utilization_77c1ca.csv,WARNING,,8.987800673743282,0.5224444075889165,0
2014-04-10 23:25:00,trace-533819,span-86708,ec2-compute-service,ec2_cpu_utilization_77c1ca.csv,WARNING,,0.21377583321572535,0.4964456814786628,0
2014-04-10 23:30:00,trace-532548,span-31312,ec2-compute-service,ec2_cpu_utilization_77c1ca.csv,WARNING,,0.0938350984295143,0.3978123657523019,0
2014-04-11 00:10:00,trace-799539,span-81442,ec2-compute-service,ec2_cpu_utilization_77c1ca.csv,WARNING,,66.0036712416007,0.8781789394515542,0
2014-04-11 00:15:00,trace-402523,span-27297,ec2-compute-service,ec2_cpu_utilization_77c1ca.csv,WARNING,,104.07326066530382,0.6472897245252704,0
2014-04-11 00:20:00,trace-220234,span-54014,ec2-compute-service,ec2_cpu_utilization_77c1ca.csv,WARNING,,50.2912204441545,0.56691355392754,0
2014-04-11 00:25:00,trace-980765,span-57498,ec2-compute-service,ec2_cpu_utilization_77c1ca.csv,WARNING,,80.53391137198496,0.5798354729188224,0
2014-04-11 00:30:00,trace-609733,span-18767,ec2-compute-service,ec2_cpu_utilization_77c1ca.csv,WARNING,,103.82049916839387,0.6646363340221426,0
2014-04-11 00:35:00,trace-494145,span-87487,ec2-compute-service,ec2_cpu_utilization_77c1ca.csv,WARNING,,82.59431872045583,0.6671906702621555,0
2014-04-11 00:40:00,trace-607365,span-27438,ec2-compute-service,ec2_cpu_utilization_77c1ca.csv,WARNING,,93.44011119694379,0.6536499735632223,0
2014-04-11 00:45:00,trace-839180,span-52417,ec2-compute-service,ec2_cpu_utilization_77c1ca.csv,WARNING,,28.920333273477027,0.7103333319297187,0
2014-04-11 00:50:00,trace-928791,span-29799,ec2-compute-service,ec2_cpu_utilization_77c1ca.csv,WARNING,,0.10222256881074636,0.5390600127358303,0
2014-04-11 00:55:00,trace-745194,span-80188,ec2-compute-service,ec2_cpu_utilization_77c1ca.csv,WARNING,,0.09536826851943202,0.4833184222458453,0
2014-04-11 01:00:00,trace-863034,span-17597,ec2-compute-service,ec2_cpu_utilization_77c1ca.csv,WARNING,,0.08286299626950921,0.4398284849158961,0
2014-04-11 01:45:00,trace-303199,span-87362,ec2-compute-service,ec2_cpu_utilization_77c1ca.csv,WARNING,,70.9290124072038,0.9223214719173568,0
2014-04-11 01:50:00,trace-572890,span-63161,ec2-compute-service,ec2_cpu_utilization_77c1ca.csv,WARNING,,110.39340641143215,0.6198324991994557,0
2014-04-11 01:55:00,trace-839452,span-32052,ec2-compute-service,ec2_cpu_utilization_77c1ca.csv,WARNING,,78.42407363477936,0.5590157677410836,0
2014-04-11 02:00:00,trace-108036,span-41778,ec2-compute-service,ec2_cpu_utilization_77c1ca.csv,WARNING,,105.30426572356099,0.6025302909797775,0
2014-04-11 02:05:00,trace-785763,span-76321,ec2-compute-service,ec2_cpu_utilization_77c1ca.csv,WARNING,,112.62280530976422,0.6710368805227741,0
2014-04-11 02:10:00,trace-643088,span-35372,ec2-compute-service,ec2_cpu_utilization_77c1ca.csv,WARNING,,82.25993723000776,0.6669946336991299,0
2014-04-11 02:15:00,trace-950350,span-24973,ec2-compute-service,ec2_cpu_utilization_77c1ca.csv,WARNING,,78.94848180757597,0.6527005542866127,0
2014-04-11 02:20:00,trace-159500,span-46575,ec2-compute-service,ec2_cpu_utilization_77c1ca.csv,WARNING,,23.785822217959392,0.7056996610018302,0
2014-04-11 02:25:00,trace-734947,span-37716,ec2-compute-service,ec2_cpu_utilization_77c1ca.csv,WARNING,,0.0844424856925967,0.5300433798616762,0
2014-04-11 02:30:00,trace-102352,span-11932,ec2-compute-service,ec2_cpu_utilization_77c1ca.csv,WARNING,,0.10370155634632815,0.4769220388453499,0
2014-04-11 02:35:00,trace-886261,span-96836,ec2-compute-service,ec2_cpu_utilization_77c1ca.csv,WARNING,,0.07707527896470233,0.4418081656762501,0
2014-04-11 04:45:00,trace-150098,span-74386,ec2-compute-service,ec2_cpu_utilization_77c1ca.csv,WARNING,,69.16209081051886,0.8314504307566388,0
2014-04-11 04:50:00,trace-347199,span-66882,ec2-compute-service,ec2_cpu_utilization_77c1ca.csv,WARNING,,85.88329692338434,0.6455469308114765,0
2014-04-11 04:55:00,trace-624628,span-53949,ec2-compute-service,ec2_cpu_utilization_77c1ca.csv,WARNING,,76.82816466844388,0.5468084709794503,0
2014-04-11 05:00:00,trace-847028,span-84027,ec2-compute-service,ec2_cpu_utilization_77c1ca.csv,WARNING,,101.34997143066084,0.5784085762102571,0
2014-04-11 05:05:00,trace-743907,span-85250,ec2-compute-service,ec2_cpu_utilization_77c1ca.csv,WARNING,,86.52134014204607,0.6752968158773802,0
2014-04-11 05:10:00,trace-256951,span-91532,ec2-compute-service,ec2_cpu_utilization_77c1ca.csv,WARNING,,88.3433829761625,0.6802106420797005,0
2014-04-11 05:15:00,trace-158478,span-74353,ec2-compute-service,ec2_cpu_utilization_77c1ca.csv,WARNING,,83.84997239395494,0.6629897819114599,0
2014-04-11 05:20:00,trace-819282,span-49420,ec2-compute-service,ec2_cpu_utilization_77c1ca.csv,WARNING,,30.891725216022643,0.7167588722490117,0
2014-04-11 05:25:00,trace-906651,span-67169,ec2-compute-service,ec2_cpu_utilization_77c1ca.csv,WARNING,,0.10703496309290514,0.5360213450921275,0
2014-04-11 05:30:00,trace-277912,span-54695,ec2-compute-service,ec2_cpu_utilization_77c1ca.csv,WARNING,,0.10482641919298337,0.4848135611304487,0
2014-04-11 05:35:00,trace-702276,span-68342,ec2-compute-service,ec2_cpu_utilization_77c1ca.csv,WARNING,,0.06514774661678947,0.4445277100113224,0
2014-04-11 09:30:00,trace-756667,span-90388,ec2-compute-service,ec2_cpu_utilization_77c1ca.csv,WARNING,,39.89391950330771,0.5855343832240668,0
2014-04-11 09:35:00,trace-339779,span-85774,ec2-compute-service,ec2_cpu_utilization_77c1ca.csv,WARNING,,4.07139002446655,0.5543701418938793,0
2014-04-11 09:45:00,trace-232212,span-34842,ec2-compute-service,ec2_cpu_utilization_77c1ca.csv,WARNING,,35.73871342164722,0.574415218848032,0
2014-04-11 09:50:00,trace-512811,span-86021,ec2-compute-service,ec2_cpu_utilization_77c1ca.csv,WARNING,,1.5050928156768943,0.5592368856208552,0
2014-04-11 10:00:00,trace-126086,span-26859,ec2-compute-service,ec2_cpu_utilization_77c1ca.csv,WARNING,,12.305291490177659,0.3786480399649889,0
2014-04-11 10:05:00,trace-494423,span-56099,ec2-compute-service,ec2_cpu_utilization_77c1ca.csv,WARNING,,0.09867128308924752,0.3511380663373677,0
2014-04-11 10:25:00,trace-260761,span-58651,ec2-compute-service,ec2_cpu_utilization_77c1ca.csv,WARNING,,77.93200949721994,0.7201098061584641,0
2014-04-11 10:30:00,trace-690706,span-70011,ec2-compute-service,ec2_cpu_utilization_77c1ca.csv,WARNING,,97.76678393939085,0.635462902893089,0
2014-04-11 10:35:00,trace-195071,span-88405,ec2-compute-service,ec2_cpu_utilization_77c1ca.csv,WARNING,,73.36879330763702,0.52088933481012,0
2014-04-11 10:40:00,trace-468377,span-82805,ec2-compute-service,ec2_cpu_utilization_77c1ca.csv,WARNING,,86.46938530449933,0.567693774855301,0
2014-04-11 10:45:00,trace-441207,span-12454,ec2-compute-service,ec2_cpu_utilization_77c1ca.csv,WARNING,,95.11795843993859,0.66172763054361,0
2014-04-11 10:50:00,trace-293226,span-22991,ec2-compute-service,ec2_cpu_utilization_77c1ca.csv,WARNING,,95.92262921390149,0.6775827774759537,0
2014-04-11 10:55:00,trace-660881,span-46304,ec2-compute-service,ec2_cpu_utilization_77c1ca.csv,WARNING,,97.61301988855475,0.6636867087844085,0
2014-04-11 11:00:00,trace-213613,span-79338,ec2-compute-service,ec2_cpu_utilization_77c1ca.csv,WARNING,,38.8680394632157,0.6693270141062395,0
2014-04-11 11:05:00,trace-642642,span-32190,ec2-compute-service,ec2_cpu_utilization_77c1ca.csv,WARNING,,37.22602547170256,0.5762517211802967,0
2014-04-11 11:10:00,trace-283043,span-51862,ec2-compute-service,ec2_cpu_utilization_77c1ca.csv,WARNING,,27.42502297957408,0.5068156860858835,0
2014-04-11 11:15:00,trace-250575,span-58456,ec2-compute-service,ec2_cpu_utilization_77c1ca.csv,WARNING,,45.23752869311115,0.533238776378034,0
2014-04-11 11:20:00,trace-894448,span-12384,ec2-compute-service,ec2_cpu_utilization_77c1ca.csv,WARNING,,47.91790217892988,0.4812530835654309,0
2014-04-11 11:25:00,trace-202239,span-90018,ec2-compute-service,ec2_cpu_utilization_77c1ca.csv,WARNING,,0.09432548246417463,0.6078117874827857,0
2014-04-11 11:30:00,trace-908258,span-78026,ec2-compute-service,ec2_cpu_utilization_77c1ca.csv,WARNING,,33.01252304728025,0.6087392002084057,0
2014-04-11 11:35:00,trace-518734,span-34045,ec2-compute-service,ec2_cpu_utilization_77c1ca.csv,WARNING,,0.08882981953811128,0.5930204086620042,0
2014-04-11 11:55:00,trace-714390,span-61919,ec2-compute-service,ec2_cpu_utilization_77c1ca.csv,WARNING,,45.00159023101023,0.5946011233210505,0
2014-04-11 12:00:00,trace-349877,span-46188,ec2-compute-service,ec2_cpu_utilization_77c1ca.csv,WARNING,,3.169281592631348,0.5549773565834347,0
2014-04-11 12:05:00,trace-742613,span-29337,ec2-compute-service,ec2_cpu_utilization_77c1ca.csv,WARNING,,31.914074054910245,0.5412982901047585,0
2014-04-11 12:10:00,trace-440093,span-10276,ec2-compute-service,ec2_cpu_utilization_77c1ca.csv,WARNING,,0.06415706229134277,0.5627880368277315,0
2014-04-11 12:30:00,trace-767304,span-62887,ec2-compute-service,ec2_cpu_utilization_77c1ca.csv,WARNING,,22.736799458683254,0.4168337479889637,0
2014-04-11 12:35:00,trace-158653,span-96072,ec2-compute-service,ec2_cpu_utilization_77c1ca.csv,WARNING,,69.64936899508382,0.6056223048930321,0
2014-04-11 12:40:00,trace-389954,span-87842,ec2-compute-service,ec2_cpu_utilization_77c1ca.csv,WARNING,,86.92923622907642,0.6438304655495651,0
2014-04-11 12:45:00,trace-184761,span-46976,ec2-compute-service,ec2_cpu_utilization_77c1ca.csv,WARNING,,79.35601897214893,0.5800028565788709,0
2014-04-11 12:50:00,trace-616637,span-20886,ec2-compute-service,ec2_cpu_utilization_77c1ca.csv,WARNING,,52.32073358885883,0.56796370691317,0
2014-04-11 12:55:00,trace-788152,span-19764,ec2-compute-service,ec2_cpu_utilization_77c1ca.csv,WARNING,,79.12741164357313,0.6355178360017901,0
2014-04-11 13:00:00,trace-220356,span-96156,ec2-compute-service,ec2_cpu_utilization_77c1ca.csv,WARNING,,109.37496804139805,0.6836378914731779,0
2014-04-11 13:05:00,trace-632356,span-17295,ec2-compute-service,ec2_cpu_utilization_77c1ca.csv,WARNING,,112.10888199381644,0.6628917899068166,0
2014-04-11 13:10:00,trace-731040,span-30131,ec2-compute-service,ec2_cpu_utilization_77c1ca.csv,WARNING,,82.16960301641889,0.6443299439183441,0
2014-04-11 13:15:00,trace-770398,span-62327,ec2-compute-service,ec2_cpu_utilization_77c1ca.csv,WARNING,,0.09596400752294892,0.8214284758478415,0
2014-04-11 13:20:00,trace-121281,span-64189,ec2-compute-service,ec2_cpu_utilization_77c1ca.csv,WARNING,,0.09303764600029406,0.5768851020475092,0
2014-04-11 13:25:00,trace-746403,span-18605,ec2-compute-service,ec2_cpu_utilization_77c1ca.csv,WARNING,,0.08097993793070611,0.5424929509520025,0
2014-04-11 13:30:00,trace-906242,span-34322,ec2-compute-service,ec2_cpu_utilization_77c1ca.csv,WARNING,,0.1052835931802497,0.4259113939980522,0
2014-04-11 14:00:00,trace-685676,span-20207,ec2-compute-service,ec2_cpu_utilization_77c1ca.csv,WARNING,,31.384818554486433,0.5675745297739214,0
2014-04-11 14:05:00,trace-259292,span-94050,ec2-compute-service,ec2_cpu_utilization_77c1ca.csv,WARNING,,98.15648257211195,0.6915398676819285,0
2014-04-11 14:10:00,trace-122031,span-80721,ec2-compute-service,ec2_cpu_utilization_77c1ca.csv,WARNING,,69.18110647227914,0.5362201095163261,0
2014-04-11 14:15:00,trace-684054,span-22449,ec2-compute-service,ec2_cpu_utilization_77c1ca.csv,WARNING,,81.23321345969268,0.4927842908583087,0
2014-04-11 14:20:00,trace-337199,span-91253,ec2-compute-service,ec2_cpu_utilization_77c1ca.csv,WARNING,,80.42626597770877,0.6603756397213558,0
2014-04-11 14:25:00,trace-735329,span-56092,ec2-compute-service,ec2_cpu_utilization_77c1ca.csv,WARNING,,106.49709770701536,0.6820237713098879,0
2014-04-11 14:30:00,trace-851518,span-78487,ec2-compute-service,ec2_cpu_utilization_77c1ca.csv,WARNING,,56.727827425527295,0.6728765812772517,0
2014-04-11 14:35:00,trace-415261,span-68394,ec2-compute-service,ec2_cpu_utilization_77c1ca.csv,WARNING,,0.08088107684895268,0.7110623190474827,0
2014-04-11 14:40:00,trace-123782,span-38454,ec2-compute-service,ec2_cpu_utilization_77c1ca.csv,WARNING,,0.06054798874059519,0.5695991883266038,0
2014-04-11 14:45:00,trace-508808,span-32173,ec2-compute-service,ec2_cpu_utilization_77c1ca.csv,WARNING,,0.11915924460699237,0.5071535555200353,0
2014-04-11 14:50:00,trace-222258,span-71202,ec2-compute-service,ec2_cpu_utilization_77c1ca.csv,WARNING,,0.10591269783962115,0.3747743287455873,0
2014-04-11 17:35:00,trace-606581,span-40750,ec2-compute-service,ec2_cpu_utilization_77c1ca.csv,WARNING,,69.98412126940589,0.7401841212840805,0
2014-04-11 17:40:00,trace-762550,span-98607,ec2-compute-service,ec2_cpu_utilization_77c1ca.csv,WARNING,,92.5873797288921,0.6093583396573032,0
2014-04-11 17:45:00,trace-836265,span-99571,ec2-compute-service,ec2_cpu_utilization_77c1ca.csv,WARNING,,102.12719036050032,0.6032287595930906,0
2014-04-11 17:50:00,trace-649523,span-10159,ec2-compute-service,ec2_cpu_utilization_77c1ca.csv,WARNING,,44.3574077180023,0.6509846041492526,0
2014-04-11 17:55:00,trace-262993,span-26237,ec2-compute-service,ec2_cpu_utilization_77c1ca.csv,WARNING,,2.5651196211363576,0.5605926194581845,0
2014-04-11 18:00:00,trace-114743,span-56101,ec2-compute-service,ec2_cpu_utilization_77c1ca.csv,WARNING,,2.120352603684996,0.5350432982915571,0
2014-04-11 18:05:00,trace-446371,span-66378,ec2-compute-service,ec2_cpu_utilization_77c1ca.csv,WARNING,,86.48200632348203,0.8120179902974098,0
2014-04-11 18:10:00,trace-826481,span-84763,ec2-compute-service,ec2_cpu_utilization_77c1ca.csv,WARNING,,98.34383402662979,0.6134146667635246,0
2014-04-11 18:15:00,trace-505453,span-25649,ec2-compute-service,ec2_cpu_utilization_77c1ca.csv,WARNING,,83.79458628365276,0.6250714383667917,0
2014-04-11 18:20:00,trace-800769,span-58766,ec2-compute-service,ec2_cpu_utilization_77c1ca.csv,WARNING,,81.10338526918038,0.620178916473173,0
2014-04-11 18:25:00,trace-572779,span-58688,ec2-compute-service,ec2_cpu_utilization_77c1ca.csv,WARNING,,91.2925249694897,0.7207455382524941,0
2014-04-11 18:30:00,trace-678526,span-68608,ec2-compute-service,ec2_cpu_utilization_77c1ca.csv,WARNING,,99.37442010451844,0.760870695149404,0
2014-04-11 18:35:00,trace-937393,span-78703,ec2-compute-service,ec2_cpu_utilization_77c1ca.csv,WARNING,,102.11694582571964,0.7599848838816854,0
2014-04-11 18:40:00,trace-914422,span-72551,ec2-compute-service,ec2_cpu_utilization_77c1ca.csv,WARNING,,111.62234628229304,0.7608843282445048,0
2014-04-11 18:45:00,trace-777800,span-45205,ec2-compute-service,ec2_cpu_utilization_77c1ca.csv,WARNING,,88.83402341095713,0.761066985363192,0
2014-04-11 18:50:00,trace-879128,span-65103,ec2-compute-service,ec2_cpu_utilization_77c1ca.csv,WARNING,,91.82806683198841,0.7603535781132567,0
2014-04-11 18:55:00,trace-468266,span-29008,ec2-compute-service,ec2_cpu_utilization_77c1ca.csv,WARNING,,61.94688192519634,0.7250781074195709,0
2014-04-11 19:00:00,trace-284456,span-15793,ec2-compute-service,ec2_cpu_utilization_77c1ca.csv,WARNING,,50.00347790818638,0.6626620368255502,0
2014-04-11 19:05:00,trace-590083,span-26209,ec2-compute-service,ec2_cpu_utilization_77c1ca.csv,WARNING,,2.234838793509736,0.6453614363417983,0
2014-04-11 19:10:00,trace-191218,span-12224,ec2-compute-service,ec2_cpu_utilization_77c1ca.csv,WARNING,,1.709763985283428,0.503162096368908,0
2014-04-11 19:15:00,trace-279767,span-42441,ec2-compute-service,ec2_cpu_utilization_77c1ca.csv,WARNING,,1.543972562412347,0.4614867838001391,0
2014-04-11 19:20:00,trace-855612,span-72368,ec2-compute-service,ec2_cpu_utilization_77c1ca.csv,WARNING,,2.2339623440502545,0.3720099588168947,0
2014-04-11 20:25:00,trace-144760,span-33478,ec2-compute-service,ec2_cpu_utilization_77c1ca.csv,WARNING,,16.928050430158653,0.4145136443705194,0
2014-04-11 20:30:00,trace-980662,span-95716,ec2-compute-service,ec2_cpu_utilization_77c1ca.csv,WARNING,,38.924614297660696,0.4022491149461622,0
2014-04-11 20:35:00,trace-639660,span-39796,ec2-compute-service,ec2_cpu_utilization_77c1ca.csv,WARNING,,116.94532103221347,0.7218735009922845,0
2014-04-11 20:40:00,trace-321035,span-64040,ec2-compute-service,ec2_cpu_utilization_77c1ca.csv,WARNING,,81.24993388865614,0.5552129781375921,0
2014-04-11 20:45:00,trace-702644,span-26211,ec2-compute-service,ec2_cpu_utilization_77c1ca.csv,WARNING,,79.78938477800479,0.5161271315091894,0
2014-04-11 20:50:00,trace-556331,span-76852,ec2-compute-service,ec2_cpu_utilization_77c1ca.csv,WARNING,,78.29805488177092,0.6506492648608354,0
2014-04-11 20:55:00,trace-903940,span-32005,ec2-compute-service,ec2_cpu_utilization_77c1ca.csv,WARNING,,117.9219075212181,0.678204311728301,0
2014-04-11 21:00:00,trace-774331,span-35599,ec2-compute-service,ec2_cpu_utilization_77c1ca.csv,WARNING,,80.33260843798827,0.6604235484565724,0
2014-04-11 21:05:00,trace-873422,span-77055,ec2-compute-service,ec2_cpu_utilization_77c1ca.csv,WARNING,,73.37378277291393,0.6510755259239949,0
2014-04-11 21:10:00,trace-335469,span-15355,ec2-compute-service,ec2_cpu_utilization_77c1ca.csv,WARNING,,77.75665710466316,0.7003740595005528,0
2014-04-11 21:15:00,trace-400486,span-95992,ec2-compute-service,ec2_cpu_utilization_77c1ca.csv,WARNING,,84.40147362101875,0.6926590401628558,0
2014-04-11 21:20:00,trace-389508,span-34972,ec2-compute-service,ec2_cpu_utilization_77c1ca.csv,WARNING,,93.51648757061147,0.717474101202644,0
2014-04-11 21:25:00,trace-836129,span-91423,ec2-compute-service,ec2_cpu_utilization_77c1ca.csv,WARNING,,91.50407517922768,0.7368607968220252,0
2014-04-11 21:30:00,trace-676677,span-44773,ec2-compute-service,ec2_cpu_utilization_77c1ca.csv,WARNING,,85.37514725748379,0.760586848758986,0
2014-04-11 21:35:00,trace-438540,span-93692,ec2-compute-service,ec2_cpu_utilization_77c1ca.csv,WARNING,,21.80720027811447,0.8175202609829904,0
2014-04-11 21:40:00,trace-642423,span-57377,ec2-compute-service,ec2_cpu_utilization_77c1ca.csv,WARNING,,0.11167353925762767,0.5598363129694399,0
2014-04-11 21:45:00,trace-345739,span-68283,ec2-compute-service,ec2_cpu_utilization_77c1ca.csv,WARNING,,0.09580523630446014,0.5485348226499454,0
2014-04-11 21:50:00,trace-409735,span-72261,ec2-compute-service,ec2_cpu_utilization_77c1ca.csv,WARNING,,0.08796861099576214,0.4675335573677306,0
2014-04-11 22:25:00,trace-436227,span-70948,ec2-compute-service,ec2_cpu_utilization_77c1ca.csv,WARNING,,19.249009236177145,0.4339140850160594,0
2014-04-11 22:30:00,trace-573314,span-83016,ec2-compute-service,ec2_cpu_utilization_77c1ca.csv,WARNING,,109.89675489388547,0.8212540676587021,0
2014-04-11 22:35:00,trace-241365,span-65860,ec2-compute-service,ec2_cpu_utilization_77c1ca.csv,WARNING,,82.50953417249467,0.578519274296413,0
2014-04-11 22:40:00,trace-233172,span-71997,ec2-compute-service,ec2_cpu_utilization_77c1ca.csv,WARNING,,61.714717186478524,0.5094904221539106,0
2014-04-11 22:45:00,trace-873221,span-28199,ec2-compute-service,ec2_cpu_utilization_77c1ca.csv,WARNING,,106.7868958875476,0.6352413782369937,0
2014-04-11 22:50:00,trace-763376,span-49779,ec2-compute-service,ec2_cpu_utilization_77c1ca.csv,WARNING,,117.52684533884087,0.6776675612563061,0
2014-04-11 22:55:00,trace-837954,span-34472,ec2-compute-service,ec2_cpu_utilization_77c1ca.csv,WARNING,,99.16428132488211,0.6682028841801443,0
2014-04-11 23:00:00,trace-807173,span-46021,ec2-compute-service,ec2_cpu_utilization_77c1ca.csv,WARNING,,13.480370729588115,0.8288485236525249,0
2014-04-11 23:05:00,trace-112828,span-71610,ec2-compute-service,ec2_cpu_utilization_77c1ca.csv,WARNING,,0.11510588078603126,0.5668206225258573,0
2014-04-11 23:10:00,trace-756761,span-95179,ec2-compute-service,ec2_cpu_utilization_77c1ca.csv,WARNING,,0.09590590318368145,0.5553598144974675,0
2014-04-11 23:15:00,trace-538080,span-30307,ec2-compute-service,ec2_cpu_utilization_77c1ca.csv,WARNING,,0.06480985868300031,0.4564327642859255,0
2014-04-12 00:05:00,trace-799151,span-21950,ec2-compute-service,ec2_cpu_utilization_77c1ca.csv,WARNING,,12.256877214062126,0.3784744073508875,0
2014-04-12 00:10:00,trace-832763,span-12745,ec2-compute-service,ec2_cpu_utilization_77c1ca.csv,WARNING,,110.91605521726878,0.8816888625568614,0
2014-04-12 00:15:00,trace-787605,span-54724,ec2-compute-service,ec2_cpu_utilization_77c1ca.csv,WARNING,,76.56212679968097,0.5932922346611785,0
2014-04-12 00:20:00,trace-151374,span-40116,ec2-compute-service,ec2_cpu_utilization_77c1ca.csv,WARNING,,56.418449939468395,0.543826945726943,0
2014-04-12 00:25:00,trace-392575,span-27908,ec2-compute-service,ec2_cpu_utilization_77c1ca.csv,WARNING,,84.89881481743139,0.6183318401473419,0
2014-04-12 00:30:00,trace-155350,span-79561,ec2-compute-service,ec2_cpu_utilization_77c1ca.csv,WARNING,,88.40406665052022,0.6740287303943715,0
2014-04-12 00:35:00,trace-161240,span-30093,ec2-compute-service,ec2_cpu_utilization_77c1ca.csv,WARNING,,90.76038388058986,0.661927560508129,0
2014-04-12 00:40:00,trace-811028,span-30963,ec2-compute-service,ec2_cpu_utilization_77c1ca.csv,WARNING,,30.038288737045413,0.712120160154402,0
2014-04-12 00:45:00,trace-549763,span-74110,ec2-compute-service,ec2_cpu_utilization_77c1ca.csv,WARNING,,0.07277577850104708,0.5414358540955164,0
2014-04-12 00:50:00,trace-479039,span-14426,ec2-compute-service,ec2_cpu_utilization_77c1ca.csv,WARNING,,0.11319052481150581,0.5254022310591873,0
2014-04-12 00:55:00,trace-914038,span-57832,ec2-compute-service,ec2_cpu_utilization_77c1ca.csv,WARNING,,0.0934786853096353,0.4416207754532059,0
2014-04-12 01:40:00,trace-373452,span-72522,ec2-compute-service,ec2_cpu_utilization_77c1ca.csv,WARNING,,71.9780916878272,0.8526243895593042,0
2014-04-12 01:45:00,trace-190306,span-12204,ec2-compute-service,ec2_cpu_utilization_77c1ca.csv,WARNING,,89.44178391574512,0.6540309215231095,0
2014-04-12 01:50:00,trace-917563,span-62428,ec2-compute-service,ec2_cpu_utilization_77c1ca.csv,WARNING,,79.41433108379613,0.5587841185130811,0
2014-04-12 01:55:00,trace-860278,span-59067,ec2-compute-service,ec2_cpu_utilization_77c1ca.csv,WARNING,,74.67999820821724,0.5894650873204317,0
2014-04-12 02:00:00,trace-212217,span-31607,ec2-compute-service,ec2_cpu_utilization_77c1ca.csv,WARNING,,116.6590087267117,0.665958979266545,0
2014-04-12 02:05:00,trace-242980,span-36423,ec2-compute-service,ec2_cpu_utilization_77c1ca.csv,WARNING,,107.08953887599908,0.6757317448825495,0
2014-04-12 02:10:00,trace-309329,span-71215,ec2-compute-service,ec2_cpu_utilization_77c1ca.csv,WARNING,,34.317223499541115,0.6604387587174396,0
2014-04-12 02:15:00,trace-968584,span-48458,ec2-compute-service,ec2_cpu_utilization_77c1ca.csv,WARNING,,0.10902508801097664,0.5596820847344426,0
2014-04-12 02:20:00,trace-553830,span-87240,ec2-compute-service,ec2_cpu_utilization_77c1ca.csv,WARNING,,0.0713296510505951,0.5268359157850487,0
2014-04-12 02:25:00,trace-408617,span-99388,ec2-compute-service,ec2_cpu_utilization_77c1ca.csv,WARNING,,0.09104949299900612,0.4495611117442365,0
2014-04-13 20:20:00,trace-993388,span-65751,ec2-compute-service,ec2_cpu_utilization_77c1ca.csv,WARNING,,43.28026752786269,0.5952989840377251,0
2014-04-13 20:25:00,trace-369150,span-84218,ec2-compute-service,ec2_cpu_utilization_77c1ca.csv,WARNING,,109.32604016982567,0.6656788925407688,0
2014-04-13 20:30:00,trace-656718,span-33091,ec2-compute-service,ec2_cpu_utilization_77c1ca.csv,WARNING,,78.04285237250198,0.5331517094220954,0
2014-04-13 20:35:00,trace-648277,span-85451,ec2-compute-service,ec2_cpu_utilization_77c1ca.csv,WARNING,,77.85625526041257,0.5037569347071023,0
2014-04-13 20:40:00,trace-452414,span-90360,ec2-compute-service,ec2_cpu_utilization_77c1ca.csv,WARNING,,107.09857354132336,0.6681633378679234,0
2014-04-13 20:45:00,trace-766393,span-26241,ec2-compute-service,ec2_cpu_utilization_77c1ca.csv,WARNING,,80.07593518652928,0.6810354696213435,0
2014-04-13 20:50:00,trace-368083,span-57562,ec2-compute-service,ec2_cpu_utilization_77c1ca.csv,WARNING,,60.79714985406993,0.6701545194863141,0
2014-04-13 20:55:00,trace-593216,span-86721,ec2-compute-service,ec2_cpu_utilization_77c1ca.csv,WARNING,,2.417933301761408,0.8004521950271412,0
2014-04-13 21:00:00,trace-537985,span-57118,ec2-compute-service,ec2_cpu_utilization_77c1ca.csv,WARNING,,0.09228729638176902,0.579191605305022,0
2014-04-13 21:05:00,trace-514841,span-37076,ec2-compute-service,ec2_cpu_utilization_77c1ca.csv,WARNING,,0.10273961673653416,0.5301336589354381,0
2014-04-13 21:10:00,trace-931037,span-94565,ec2-compute-service,ec2_cpu_utilization_77c1ca.csv,WARNING,,0.11264285725619141,0.417777463278248,0
2014-04-13 21:50:00,trace-917865,span-53309,ec2-compute-service,ec2_cpu_utilization_77c1ca.csv,WARNING,,87.54828978191087,0.9342547644387142,0
2014-04-13 21:55:00,trace-953725,span-47853,ec2-compute-service,ec2_cpu_utilization_77c1ca.csv,WARNING,,108.28065944442925,0.6201634530006681,0
2014-04-13 22:00:00,trace-667815,span-87227,ec2-compute-service,ec2_cpu_utilization_77c1ca.csv,WARNING,,88.94006733330812,0.564221128251555,0
2014-04-13 22:05:00,trace-239883,span-34272,ec2-compute-service,ec2_cpu_utilization_77c1ca.csv,WARNING,,107.2179930728816,0.5901297184628164,0
2014-04-13 22:10:00,trace-847852,span-57153,ec2-compute-service,ec2_cpu_utilization_77c1ca.csv,WARNING,,113.77698028645902,0.6924747528353815,0
2014-04-13 22:15:00,trace-245051,span-38328,ec2-compute-service,ec2_cpu_utilization_77c1ca.csv,WARNING,,77.23687760632832,0.6817773154257762,0
2014-04-13 22:20:00,trace-159234,span-35851,ec2-compute-service,ec2_cpu_utilization_77c1ca.csv,WARNING,,46.690430720646766,0.6621744247580574,0
2014-04-13 22:25:00,trace-327135,span-83402,ec2-compute-service,ec2_cpu_utilization_77c1ca.csv,WARNING,,0.12163066425710634,0.5461817972403795,0
2014-04-13 22:30:00,trace-975512,span-15451,ec2-compute-service,ec2_cpu_utilization_77c1ca.csv,WARNING,,0.059651903075848785,0.527476266733495,0
2014-04-13 22:35:00,trace-950193,span-48870,ec2-compute-service,ec2_cpu_utilization_77c1ca.csv,WARNING,,0.08126479723145899,0.4478360754362327,0
2014-04-14 00:10:00,trace-223765,span-40873,ec2-compute-service,ec2_cpu_utilization_77c1ca.csv,WARNING,,12.36712690329001,0.3814139582285274,0
2014-04-14 00:45:00,trace-297227,span-35372,ec2-compute-service,ec2_cpu_utilization_77c1ca.csv,WARNING,,25.252193125182213,0.4383747678935025,0
2014-04-14 00:50:00,trace-521217,span-44064,ec2-compute-service,ec2_cpu_utilization_77c1ca.csv,WARNING,,76.62251809291412,0.6125194946210295,0
2014-04-14 00:55:00,trace-168431,span-65745,ec2-compute-service,ec2_cpu_utilization_77c1ca.csv,WARNING,,0.11868210725704138,0.7472311949460467,0
2014-04-14 01:00:00,trace-316204,span-28793,ec2-compute-service,ec2_cpu_utilization_77c1ca.csv,WARNING,,0.09709448417354442,0.383585578901225,0
2014-04-14 01:05:00,trace-398335,span-20211,ec2-compute-service,ec2_cpu_utilization_77c1ca.csv,WARNING,,0.08989361263276334,0.3820742619477009,0
2014-04-14 01:10:00,trace-514758,span-41312,ec2-compute-service,ec2_cpu_utilization_77c1ca.csv,WARNING,,0.058825433031593,0.38918303047911,0
2014-04-14 05:25:00,trace-718071,span-97893,ec2-compute-service,ec2_cpu_utilization_77c1ca.csv,WARNING,,31.19028110434067,0.4699087386680673,0
2014-04-14 05:30:00,trace-258763,span-87960,ec2-compute-service,ec2_cpu_utilization_77c1ca.csv,WARNING,,0.07712309299890584,0.4327389192104262,0
2014-04-14 05:45:00,trace-511236,span-18155,ec2-compute-service,ec2_cpu_utilization_77c1ca.csv,WARNING,,27.506224243258753,0.4174832904500197,0
2014-04-14 05:55:00,trace-792137,span-29710,ec2-compute-service,ec2_cpu_utilization_77c1ca.csv,WARNING,,3.6754642187137776,0.407754184348777,0
2014-04-14 06:05:00,trace-753015,span-28601,ec2-compute-service,ec2_cpu_utilization_77c1ca.csv,WARNING,,20.369403821277018,0.412577575416939,0
2014-04-14 06:10:00,trace-708577,span-30022,ec2-compute-service,ec2_cpu_utilization_77c1ca.csv,WARNING,,30.1113486985835,0.362516525271747,0
2014-04-14 06:15:00,trace-892154,span-37413,ec2-compute-service,ec2_cpu_utilization_77c1ca.csv,WARNING,,0.09909104245624648,0.4555485504528658,0
2014-04-14 06:25:00,trace-602648,span-95867,ec2-compute-service,ec2_cpu_utilization_77c1ca.csv,WARNING,,28.901253683817437,0.4832617887908427,0
2014-04-14 06:30:00,trace-505513,span-78323,ec2-compute-service,ec2_cpu_utilization_77c1ca.csv,WARNING,,24.873770408113693,0.3645204813907361,0
2014-04-14 06:35:00,trace-664983,span-29702,ec2-compute-service,ec2_cpu_utilization_77c1ca.csv,WARNING,,0.11678124098624199,0.4534022260491528,0
2014-04-14 06:40:00,trace-490642,span-77712,ec2-compute-service,ec2_cpu_utilization_77c1ca.csv,WARNING,,22.646165689597048,0.4867199861349708,0
2014-04-14 06:45:00,trace-192764,span-63574,ec2-compute-service,ec2_cpu_utilization_77c1ca.csv,WARNING,,24.823412768593485,0.3707344608523722,0
2014-04-14 06:50:00,trace-633459,span-13696,ec2-compute-service,ec2_cpu_utilization_77c1ca.csv,WARNING,,13.73733326273731,0.380294647522661,0
2014-04-14 07:00:00,trace-775673,span-29149,ec2-compute-service,ec2_cpu_utilization_77c1ca.csv,WARNING,,0.07131947609649103,0.3529425907700901,0
2014-04-14 07:05:00,trace-145740,span-14956,ec2-compute-service,ec2_cpu_utilization_77c1ca.csv,WARNING,,25.464331995151444,0.4721659843246469,0
2014-04-14 07:10:00,trace-873210,span-76641,ec2-compute-service,ec2_cpu_utilization_77c1ca.csv,WARNING,,2.8457832061558763,0.4288000618952668,0
2014-04-14 08:00:00,trace-806673,span-73232,ec2-compute-service,ec2_cpu_utilization_77c1ca.csv,WARNING,,36.336611040283415,0.603314511064512,0
2014-04-14 08:05:00,trace-212492,span-40099,ec2-compute-service,ec2_cpu_utilization_77c1ca.csv,WARNING,,0.08407214731798149,0.5760099704348396,0
2014-04-14 09:40:00,trace-523177,span-22602,ec2-compute-service,ec2_cpu_utilization_77c1ca.csv,WARNING,,24.4293806125931,0.4699859727911202,0
2014-04-14 09:45:00,trace-579336,span-44681,ec2-compute-service,ec2_cpu_utilization_77c1ca.csv,WARNING,,0.11825280373550112,0.4340450080791771,0
2014-04-14 10:10:00,trace-405505,span-74503,ec2-compute-service,ec2_cpu_utilization_77c1ca.csv,WARNING,,25.118222081718383,0.4703911491027914,0
2014-04-14 10:15:00,trace-184700,span-73043,ec2-compute-service,ec2_cpu_utilization_77c1ca.csv,WARNING,,0.10533018955395909,0.4339986862939567,0
2014-04-14 10:40:00,trace-489770,span-12871,ec2-compute-service,ec2_cpu_utilization_77c1ca.csv,WARNING,,28.380977181364,0.4682950127637915,0
2014-04-14 10:45:00,trace-515842,span-69979,ec2-compute-service,ec2_cpu_utilization_77c1ca.csv,WARNING,,0.110351050150293,0.434001937069025,0
2014-04-14 10:55:00,trace-208946,span-76668,ec2-compute-service,ec2_cpu_utilization_77c1ca.csv,WARNING,,18.020601119031756,0.4037577867066357,0
2014-04-14 11:05:00,trace-320462,span-52998,ec2-compute-service,ec2_cpu_utilization_77c1ca.csv,WARNING,,32.72452461765366,0.4114039090026759,0
2014-04-14 11:10:00,trace-369956,span-71844,ec2-compute-service,ec2_cpu_utilization_77c1ca.csv,WARNING,,0.11052433454405233,0.4534304855780132,0
2014-04-14 12:40:00,trace-799158,span-84601,ec2-compute-service,ec2_cpu_utilization_77c1ca.csv,WARNING,,23.148077151056285,0.4298569958911903,0
2014-04-14 12:45:00,trace-410001,span-30700,ec2-compute-service,ec2_cpu_utilization_77c1ca.csv,WARNING,,6.8850075487512035,0.3562758833392936,0
2014-04-14 13:00:00,trace-273423,span-92534,ec2-compute-service,ec2_cpu_utilization_77c1ca.csv,WARNING,,10.419369009433597,0.3614111581999889,0
2014-04-14 14:15:00,trace-341133,span-30954,ec2-compute-service,ec2_cpu_utilization_77c1ca.csv,WARNING,,17.12145163038958,0.4348807680946014,0
2014-04-14 14:20:00,trace-575406,span-55026,ec2-compute-service,ec2_cpu_utilization_77c1ca.csv,WARNING,,7.219930861330084,0.3560458051338434,0
2014-04-14 14:40:00,trace-453646,span-55095,ec2-compute-service,ec2_cpu_utilization_77c1ca.csv,WARNING,,22.347137627159057,0.4683881165691236,0
2014-04-14 14:45:00,trace-901955,span-72433,ec2-compute-service,ec2_cpu_utilization_77c1ca.csv,WARNING,,0.11095624887082661,0.4324845890288933,0
2014-04-14 15:00:00,trace-372919,span-87801,ec2-compute-service,ec2_cpu_utilization_77c1ca.csv,WARNING,,28.882890872869115,0.4579732193324943,0
2014-04-14 15:05:00,trace-247745,span-37056,ec2-compute-service,ec2_cpu_utilization_77c1ca.csv,WARNING,,2.102370289665415,0.423022223474435,0
2014-04-14 17:25:00,trace-107415,span-98691,ec2-compute-service,ec2_cpu_utilization_77c1ca.csv,WARNING,,21.912421701066652,0.4454544764080802,0
2014-04-14 17:35:00,trace-878493,span-47044,ec2-compute-service,ec2_cpu_utilization_77c1ca.csv,WARNING,,0.14823330582765015,0.3947024217737723,0
2014-04-14 17:40:00,trace-149976,span-42252,ec2-compute-service,ec2_cpu_utilization_77c1ca.csv,WARNING,,13.685495599860916,0.3651184327137937,0
2014-04-14 18:15:00,trace-311509,span-44148,ec2-compute-service,ec2_cpu_utilization_77c1ca.csv,WARNING,,77.8270060675634,0.7468028701211595,0
2014-04-14 18:20:00,trace-618823,span-98454,ec2-compute-service,ec2_cpu_utilization_77c1ca.csv,WARNING,,86.78044223317974,0.632233607672229,0
2014-04-14 18:25:00,trace-447220,span-87116,ec2-compute-service,ec2_cpu_utilization_77c1ca.csv,WARNING,,71.51571972668486,0.5172742930362828,0
2014-04-14 18:30:00,trace-813087,span-48578,ec2-compute-service,ec2_cpu_utilization_77c1ca.csv,WARNING,,70.62314743676545,0.5720291706845431,0
2014-04-14 18:35:00,trace-962147,span-87787,ec2-compute-service,ec2_cpu_utilization_77c1ca.csv,WARNING,,92.19085375618266,0.6705105326345432,0
2014-04-14 18:40:00,trace-251538,span-55475,ec2-compute-service,ec2_cpu_utilization_77c1ca.csv,WARNING,,107.26956486180963,0.6806718259529532,0
2014-04-14 18:45:00,trace-257636,span-32412,ec2-compute-service,ec2_cpu_utilization_77c1ca.csv,WARNING,,73.48318880381679,0.6654831260909408,0
2014-04-14 18:50:00,trace-944081,span-70957,ec2-compute-service,ec2_cpu_utilization_77c1ca.csv,WARNING,,0.09487204146813966,0.8224855100104547,0
2014-04-14 18:55:00,trace-649999,span-40106,ec2-compute-service,ec2_cpu_utilization_77c1ca.csv,WARNING,,0.09085754310536802,0.5748017696146007,0
2014-04-14 19:00:00,trace-582488,span-96511,ec2-compute-service,ec2_cpu_utilization_77c1ca.csv,WARNING,,0.11839916002736531,0.5211203004127629,0
2014-04-14 19:05:00,trace-327189,span-95731,ec2-compute-service,ec2_cpu_utilization_77c1ca.csv,WARNING,,0.08118814855513935,0.4303234678007094,0
2014-04-15 06:05:00,trace-520343,span-15141,ec2-compute-service,ec2_cpu_utilization_77c1ca.csv,WARNING,,71.26743853045072,0.82750855420643,0
2014-04-15 06:10:00,trace-364852,span-28375,ec2-compute-service,ec2_cpu_utilization_77c1ca.csv,WARNING,,104.72474817875414,0.642139096332206,0
2014-04-15 06:15:00,trace-472282,span-55046,ec2-compute-service,ec2_cpu_utilization_77c1ca.csv,WARNING,,71.33751674543596,0.545804025043403,0
2014-04-15 06:20:00,trace-496489,span-57135,ec2-compute-service,ec2_cpu_utilization_77c1ca.csv,WARNING,,77.38724140918347,0.5800216466990351,0
2014-04-15 06:25:00,trace-590238,span-88077,ec2-compute-service,ec2_cpu_utilization_77c1ca.csv,WARNING,,103.07599779671774,0.6671494183770698,0
2014-04-15 06:30:00,trace-415018,span-79087,ec2-compute-service,ec2_cpu_utilization_77c1ca.csv,WARNING,,76.57449680437279,0.6783026374238899,0
2014-04-15 06:35:00,trace-913560,span-78368,ec2-compute-service,ec2_cpu_utilization_77c1ca.csv,WARNING,,65.31773355835654,0.6665511097099978,0
2014-04-15 06:40:00,trace-843859,span-88958,ec2-compute-service,ec2_cpu_utilization_77c1ca.csv,WARNING,,0.11074850589410666,0.7237040153534146,0
2014-04-15 06:45:00,trace-242180,span-41845,ec2-compute-service,ec2_cpu_utilization_77c1ca.csv,WARNING,,0.11345385961059674,0.5499583055434266,0
2014-04-15 06:50:00,trace-535928,span-12610,ec2-compute-service,ec2_cpu_utilization_77c1ca.csv,WARNING,,0.06444443694986272,0.4814424575946602,0
2014-04-15 06:55:00,trace-372872,span-30583,ec2-compute-service,ec2_cpu_utilization_77c1ca.csv,WARNING,,0.08720783016512593,0.3771891841651153,0
2014-04-15 07:30:00,trace-488518,span-77450,ec2-compute-service,ec2_cpu_utilization_77c1ca.csv,WARNING,,32.07224716049565,0.4856629685315777,0
2014-04-15 07:35:00,trace-977550,span-75942,ec2-compute-service,ec2_cpu_utilization_77c1ca.csv,WARNING,,1.9823168398618214,0.4446554199242494,0
2014-04-15 07:55:00,trace-657564,span-29873,ec2-compute-service,ec2_cpu_utilization_77c1ca.csv,WARNING,,21.634656870281454,0.4226165854875569,0
2014-04-15 08:20:00,trace-839804,span-94040,ec2-compute-service,ec2_cpu_utilization_77c1ca.csv,WARNING,,12.509115836493335,0.3657676159844639,0
2014-04-15 10:50:00,trace-792485,span-76899,ec2-compute-service,ec2_cpu_utilization_77c1ca.csv,WARNING,,72.96195987366039,0.7420698847490955,0
2014-04-15 10:55:00,trace-494754,span-46176,ec2-compute-service,ec2_cpu_utilization_77c1ca.csv,WARNING,,106.33965511108535,0.6439422553197539,0
2014-04-15 11:00:00,trace-125675,span-28287,ec2-compute-service,ec2_cpu_utilization_77c1ca.csv,WARNING,,79.44680286707043,0.5257508625439625,0
2014-04-15 11:05:00,trace-397142,span-63312,ec2-compute-service,ec2_cpu_utilization_77c1ca.csv,WARNING,,74.33675980875128,0.5226802185614211,0
2014-04-15 11:10:00,trace-437369,span-54814,ec2-compute-service,ec2_cpu_utilization_77c1ca.csv,WARNING,,100.00220132757725,0.6726131913432853,0
2014-04-15 11:15:00,trace-229887,span-43919,ec2-compute-service,ec2_cpu_utilization_77c1ca.csv,WARNING,,113.82369302769042,0.6762984814404536,0
2014-04-15 11:20:00,trace-927760,span-80482,ec2-compute-service,ec2_cpu_utilization_77c1ca.csv,WARNING,,76.02227332971567,0.6756213234389454,0
2014-04-15 11:25:00,trace-595010,span-28919,ec2-compute-service,ec2_cpu_utilization_77c1ca.csv,WARNING,,34.194980897318295,0.6198000553455953,0
2014-04-15 11:30:00,trace-912832,span-60445,ec2-compute-service,ec2_cpu_utilization_77c1ca.csv,WARNING,,1.7241638343438346,0.5353603076609192,0
2014-04-15 11:35:00,trace-539030,span-89747,ec2-compute-service,ec2_cpu_utilization_77c1ca.csv,WARNING,,0.6510046733149825,0.4846674719521906,0
2014-04-15 11:40:00,trace-578108,span-95842,ec2-compute-service,ec2_cpu_utilization_77c1ca.csv,WARNING,,0.5087643183971113,0.4075080229391893,0
2014-04-15 14:00:00,trace-576128,span-20578,ec2-compute-service,ec2_cpu_utilization_77c1ca.csv,WARNING,,26.142452352878454,0.470911357159423,0
2014-04-15 14:05:00,trace-925626,span-10389,ec2-compute-service,ec2_cpu_utilization_77c1ca.csv,WARNING,,3.79125392525193,0.415539100356813,0
2014-04-15 16:10:00,trace-476047,span-77391,ec2-compute-service,ec2_cpu_utilization_77c1ca.csv,WARNING,,32.64676113628982,0.4998631607409747,0
2014-04-15 16:15:00,trace-420146,span-45531,ec2-compute-service,ec2_cpu_utilization_77c1ca.csv,WARNING,,1.6976569562883639,0.462251238762886,0
2014-04-15 17:30:00,trace-918730,span-11481,ec2-compute-service,ec2_cpu_utilization_77c1ca.csv,WARNING,,33.73469123060192,0.4996001225145013,0
2014-04-15 17:35:00,trace-746238,span-26835,ec2-compute-service,ec2_cpu_utilization_77c1ca.csv,WARNING,,1.7703196830958627,0.4629349382580896,0
2014-04-15 18:05:00,trace-715937,span-74887,ec2-compute-service,ec2_cpu_utilization_77c1ca.csv,WARNING,,110.35373394081381,0.976776553291856,0
2014-04-15 18:10:00,trace-317400,span-95988,ec2-compute-service,ec2_cpu_utilization_77c1ca.csv,WARNING,,76.83007746556669,0.6075354909007817,0
2014-04-15 18:15:00,trace-611181,span-21889,ec2-compute-service,ec2_cpu_utilization_77c1ca.csv,WARNING,,86.90896969556276,0.5481119309898725,0
2014-04-15 18:20:00,trace-448754,span-21442,ec2-compute-service,ec2_cpu_utilization_77c1ca.csv,WARNING,,73.46625831476517,0.5873902872259309,0
2014-04-15 18:25:00,trace-923759,span-26199,ec2-compute-service,ec2_cpu_utilization_77c1ca.csv,WARNING,,81.7517041114872,0.697851125687956,0
2014-04-15 18:30:00,trace-231184,span-97051,ec2-compute-service,ec2_cpu_utilization_77c1ca.csv,WARNING,,81.48913802090229,0.6850003931345532,0
2014-04-15 18:35:00,trace-684010,span-26523,ec2-compute-service,ec2_cpu_utilization_77c1ca.csv,WARNING,,40.87328889954076,0.6660588001673475,0
2014-04-15 18:40:00,trace-381696,span-20808,ec2-compute-service,ec2_cpu_utilization_77c1ca.csv,WARNING,,0.11281699228180551,0.5435888525446414,0
2014-04-15 18:45:00,trace-254692,span-10887,ec2-compute-service,ec2_cpu_utilization_77c1ca.csv,WARNING,,0.11135039369936428,0.522868565228533,0
2014-04-15 18:50:00,trace-588765,span-91938,ec2-compute-service,ec2_cpu_utilization_77c1ca.csv,WARNING,,81.9820196858054,0.8318204107390135,0
2014-04-15 18:55:00,trace-484890,span-36049,ec2-compute-service,ec2_cpu_utilization_77c1ca.csv,WARNING,,87.48562739263325,0.6241886955790527,0
2014-04-15 19:00:00,trace-501062,span-56220,ec2-compute-service,ec2_cpu_utilization_77c1ca.csv,WARNING,,93.07453790220251,0.5556359564719171,0
2014-04-15 19:05:00,trace-479270,span-91486,ec2-compute-service,ec2_cpu_utilization_77c1ca.csv,WARNING,,64.4998074021304,0.527947718916687,0
2014-04-15 19:10:00,trace-619570,span-32931,ec2-compute-service,ec2_cpu_utilization_77c1ca.csv,WARNING,,90.78427796161071,0.6820246609308221,0
2014-04-15 19:15:00,trace-942065,span-90702,ec2-compute-service,ec2_cpu_utilization_77c1ca.csv,WARNING,,96.89747092079133,0.6849618780219409,0
2014-04-15 19:20:00,trace-719064,span-35991,ec2-compute-service,ec2_cpu_utilization_77c1ca.csv,WARNING,,64.03965088200339,0.6708614368735686,0
2014-04-15 19:25:00,trace-728380,span-65312,ec2-compute-service,ec2_cpu_utilization_77c1ca.csv,WARNING,,11.207113116000153,0.7438717119583302,0
2014-04-15 19:30:00,trace-861401,span-72875,ec2-compute-service,ec2_cpu_utilization_77c1ca.csv,WARNING,,0.09806692089635291,0.5597595413930351,0
2014-04-15 19:35:00,trace-495204,span-24256,ec2-compute-service,ec2_cpu_utilization_77c1ca.csv,WARNING,,0.09573818605247089,0.5134694207703422,0
2014-04-15 19:40:00,trace-750443,span-38230,ec2-compute-service,ec2_cpu_utilization_77c1ca.csv,WARNING,,0.061588314357914994,0.4266113525188445,0
2014-04-15 20:15:00,trace-145833,span-32625,ec2-compute-service,ec2_cpu_utilization_77c1ca.csv,WARNING,,25.027053719635564,0.3986114568882021,0
2014-04-15 20:20:00,trace-466081,span-81291,ec2-compute-service,ec2_cpu_utilization_77c1ca.csv,WARNING,,0.8546280212115097,0.4263765215642587,0
2014-04-15 21:20:00,trace-450373,span-14117,ec2-compute-service,ec2_cpu_utilization_77c1ca.csv,WARNING,,10.464151691763345,0.3601207264826194,0
2014-04-15 23:20:00,trace-722006,span-70710,ec2-compute-service,ec2_cpu_utilization_77c1ca.csv,WARNING,,14.530551088643254,0.4028350401728479,0
2014-04-15 23:25:00,trace-130949,span-32547,ec2-compute-service,ec2_cpu_utilization_77c1ca.csv,WARNING,,89.43261155034837,0.8560817727528253,0
2014-04-15 23:30:00,trace-211541,span-74619,ec2-compute-service,ec2_cpu_utilization_77c1ca.csv,WARNING,,90.72658304156009,0.5891258099982952,0
2014-04-15 23:35:00,trace-332930,span-36990,ec2-compute-service,ec2_cpu_utilization_77c1ca.csv,WARNING,,75.21233229902829,0.5147762581201997,0
2014-04-15 23:40:00,trace-230356,span-29233,ec2-compute-service,ec2_cpu_utilization_77c1ca.csv,WARNING,,101.0569414155812,0.6236803567616164,0
2014-04-15 23:45:00,trace-789870,span-11306,ec2-compute-service,ec2_cpu_utilization_77c1ca.csv,WARNING,,106.79485710360106,0.6875386868172874,0
2014-04-15 23:50:00,trace-473216,span-55800,ec2-compute-service,ec2_cpu_utilization_77c1ca.csv,WARNING,,86.90824060756637,0.6737475215458426,0
2014-04-15 23:55:00,trace-154330,span-61707,ec2-compute-service,ec2_cpu_utilization_77c1ca.csv,WARNING,,23.972970538924454,0.6964009847751411,0
2014-04-16 00:00:00,trace-140387,span-84816,ec2-compute-service,ec2_cpu_utilization_77c1ca.csv,WARNING,,0.08637629449010609,0.5408024613258424,0
2014-04-16 00:05:00,trace-573048,span-65561,ec2-compute-service,ec2_cpu_utilization_77c1ca.csv,WARNING,,0.10658013255108326,0.5231151041644396,0
2014-04-16 00:10:00,trace-934874,span-12994,ec2-compute-service,ec2_cpu_utilization_77c1ca.csv,WARNING,,0.11762614805305474,0.4392965082664579,0
2014-04-16 00:40:00,trace-461719,span-11813,ec2-compute-service,ec2_cpu_utilization_77c1ca.csv,WARNING,,36.64785858264497,0.5458709691598443,0
2014-04-16 00:45:00,trace-184381,span-65276,ec2-compute-service,ec2_cpu_utilization_77c1ca.csv,WARNING,,93.3438125806986,0.7089163892103336,0
2014-04-16 00:50:00,trace-160272,span-52051,ec2-compute-service,ec2_cpu_utilization_77c1ca.csv,WARNING,,13.711193034203967,0.881197907721631,0
2014-04-16 00:55:00,trace-353091,span-75618,ec2-compute-service,ec2_cpu_utilization_77c1ca.csv,WARNING,,0.12066930541541973,0.4876520679071622,0
2014-04-16 01:00:00,trace-570435,span-86872,ec2-compute-service,ec2_cpu_utilization_77c1ca.csv,WARNING,,0.11586390555190859,0.4589650008192711,0
2014-04-16 01:05:00,trace-375049,span-34351,ec2-compute-service,ec2_cpu_utilization_77c1ca.csv,WARNING,,0.060238965900053,0.4837548658296003,0
2014-04-16 02:20:00,trace-957253,span-92289,ec2-compute-service,ec2_cpu_utilization_77c1ca.csv,WARNING,,108.08266383116832,0.9978274580039704,0
2014-04-16 02:25:00,trace-702801,span-29874,ec2-compute-service,ec2_cpu_utilization_77c1ca.csv,WARNING,,106.58992719039925,0.6127779985182779,0
2014-04-16 02:30:00,trace-412660,span-70686,ec2-compute-service,ec2_cpu_utilization_77c1ca.csv,WARNING,,89.324928685121,0.5765169071734071,0
2014-04-16 02:35:00,trace-233498,span-78498,ec2-compute-service,ec2_cpu_utilization_77c1ca.csv,WARNING,,94.49849811065874,0.5892085703937135,0
2014-04-16 02:40:00,trace-144816,span-14138,ec2-compute-service,ec2_cpu_utilization_77c1ca.csv,WARNING,,104.80695987746186,0.7028489976799998,0
2014-04-16 02:45:00,trace-438089,span-14017,ec2-compute-service,ec2_cpu_utilization_77c1ca.csv,WARNING,,95.43694996486843,0.6940799336120236,0
2014-04-16 02:50:00,trace-456007,span-20278,ec2-compute-service,ec2_cpu_utilization_77c1ca.csv,WARNING,,33.57494066463677,0.6610450685235021,0
2014-04-16 02:55:00,trace-223030,span-11134,ec2-compute-service,ec2_cpu_utilization_77c1ca.csv,WARNING,,0.1117399045496439,0.5367413012669698,0
2014-04-16 03:00:00,trace-416462,span-70128,ec2-compute-service,ec2_cpu_utilization_77c1ca.csv,WARNING,,0.0903477845061211,0.518301175337518,0
2014-04-16 03:05:00,trace-333540,span-15039,ec2-compute-service,ec2_cpu_utilization_77c1ca.csv,WARNING,,0.11644673140720317,0.445571465545566,0
2014-04-16 03:35:00,trace-634730,span-83788,ec2-compute-service,ec2_cpu_utilization_77c1ca.csv,WARNING,,94.4031450397325,0.9180547946183312,0
2014-04-16 03:40:00,trace-153053,span-60489,ec2-compute-service,ec2_cpu_utilization_77c1ca.csv,WARNING,,92.14288024960867,0.5790731053006968,0
2014-04-16 03:45:00,trace-429231,span-22625,ec2-compute-service,ec2_cpu_utilization_77c1ca.csv,WARNING,,74.08286935654486,0.5247433336273516,0
2014-04-16 03:50:00,trace-216214,span-76897,ec2-compute-service,ec2_cpu_utilization_77c1ca.csv,WARNING,,103.37767656171175,0.6016748382018136,0
2014-04-16 03:55:00,trace-498499,span-17610,ec2-compute-service,ec2_cpu_utilization_77c1ca.csv,WARNING,,91.18057906077222,0.7003249960991431,0
2014-04-16 04:00:00,trace-737431,span-86162,ec2-compute-service,ec2_cpu_utilization_77c1ca.csv,WARNING,,91.48903521118368,0.6875893641794325,0
2014-04-16 04:05:00,trace-983520,span-11014,ec2-compute-service,ec2_cpu_utilization_77c1ca.csv,WARNING,,41.325029968328316,0.6628804740630335,0
2014-04-16 04:10:00,trace-996749,span-43458,ec2-compute-service,ec2_cpu_utilization_77c1ca.csv,WARNING,,0.1130462952609465,0.5407832794003552,0
2014-04-16 04:15:00,trace-123248,span-99160,ec2-compute-service,ec2_cpu_utilization_77c1ca.csv,WARNING,,0.0900136701274329,0.522245149031555,0
2014-04-16 04:20:00,trace-779530,span-18024,ec2-compute-service,ec2_cpu_utilization_77c1ca.csv,WARNING,,0.06347410466158998,0.4506612774717619,0
2014-04-16 04:30:00,trace-972379,span-53803,ec2-compute-service,ec2_cpu_utilization_77c1ca.csv,WARNING,,94.53129558101931,0.874444329260406,0
2014-04-16 04:35:00,trace-979140,span-96664,ec2-compute-service,ec2_cpu_utilization_77c1ca.csv,WARNING,,80.31443636893131,0.6472746339302118,0
2014-04-16 04:40:00,trace-185178,span-30025,ec2-compute-service,ec2_cpu_utilization_77c1ca.csv,WARNING,,66.4010634402914,0.5523783994523885,0
2014-04-16 04:45:00,trace-695131,span-93961,ec2-compute-service,ec2_cpu_utilization_77c1ca.csv,WARNING,,91.48120232254206,0.5896725194870465,0
2014-04-16 04:50:00,trace-587025,span-48506,ec2-compute-service,ec2_cpu_utilization_77c1ca.csv,WARNING,,117.13880460063275,0.6724647514753634,0
2014-04-16 04:55:00,trace-278267,span-83233,ec2-compute-service,ec2_cpu_utilization_77c1ca.csv,WARNING,,100.81169644902991,0.6796239754005265,0
2014-04-16 05:00:00,trace-730421,span-20751,ec2-compute-service,ec2_cpu_utilization_77c1ca.csv,WARNING,,56.307904231826946,0.6638419586034705,0
2014-04-16 05:05:00,trace-893784,span-89052,ec2-compute-service,ec2_cpu_utilization_77c1ca.csv,WARNING,,0.09388267997563997,0.6802469236475801,0
2014-04-16 05:10:00,trace-915359,span-51094,ec2-compute-service,ec2_cpu_utilization_77c1ca.csv,WARNING,,0.08389198395577552,0.5301134895470143,0
2014-04-16 05:15:00,trace-653781,span-83539,ec2-compute-service,ec2_cpu_utilization_77c1ca.csv,WARNING,,0.09016919746026429,0.4639337963389516,0
2014-04-16 05:20:00,trace-238368,span-35398,ec2-compute-service,ec2_cpu_utilization_77c1ca.csv,WARNING,,0.11068876832063926,0.3659105787352752,0
2014-04-16 05:55:00,trace-176709,span-66704,ec2-compute-service,ec2_cpu_utilization_77c1ca.csv,WARNING,,35.20294429842949,0.4992118279897075,0
2014-04-16 06:00:00,trace-375796,span-15103,ec2-compute-service,ec2_cpu_utilization_77c1ca.csv,WARNING,,48.46029429855872,0.4660385893108861,0
2014-04-16 06:05:00,trace-724624,span-45529,ec2-compute-service,ec2_cpu_utilization_77c1ca.csv,WARNING,,28.91448964021567,0.4836516224910414,0
2014-04-16 06:10:00,trace-935825,span-41174,ec2-compute-service,ec2_cpu_utilization_77c1ca.csv,WARNING,,0.5092898707062327,0.4672452249386344,0
2014-04-16 06:15:00,trace-409550,span-73059,ec2-compute-service,ec2_cpu_utilization_77c1ca.csv,WARNING,,0.3874782734028429,0.3534355704514813,0
2014-04-16 06:25:00,trace-875107,span-22356,ec2-compute-service,ec2_cpu_utilization_77c1ca.csv,WARNING,,23.396801244093997,0.4859658112882894,0
2014-04-16 06:30:00,trace-102187,span-87243,ec2-compute-service,ec2_cpu_utilization_77c1ca.csv,WARNING,,16.622302845547246,0.3624576874201092,0
2014-04-16 07:30:00,trace-776585,span-13606,ec2-compute-service,ec2_cpu_utilization_77c1ca.csv,WARNING,,15.663314053862338,0.4069989528592495,0
2014-04-16 07:40:00,trace-526044,span-36489,ec2-compute-service,ec2_cpu_utilization_77c1ca.csv,WARNING,,0.5657111195812162,0.3636428631757524,0
2014-04-16 08:00:00,trace-867286,span-12591,ec2-compute-service,ec2_cpu_utilization_77c1ca.csv,WARNING,,36.33917295669953,0.5167015420889125,0
2014-04-16 08:05:00,trace-453827,span-72061,ec2-compute-service,ec2_cpu_utilization_77c1ca.csv,WARNING,,1.8138489805501694,0.4833754050754189,0
2014-04-16 08:30:00,trace-181257,span-71753,ec2-compute-service,ec2_cpu_utilization_77c1ca.csv,WARNING,,19.797272413326663,0.4036433522958482,0
2014-04-16 08:40:00,trace-524032,span-33408,ec2-compute-service,ec2_cpu_utilization_77c1ca.csv,WARNING,,0.5584420508622016,0.4009019354726809,0
2014-04-16 08:45:00,trace-755496,span-27413,ec2-compute-service,ec2_cpu_utilization_77c1ca.csv,WARNING,,23.952664456804662,0.4457397570763425,0
2014-04-16 08:55:00,trace-970946,span-66358,ec2-compute-service,ec2_cpu_utilization_77c1ca.csv,WARNING,,0.675709824924563,0.3775370499939605,0
2014-04-16 09:20:00,trace-848149,span-42854,ec2-compute-service,ec2_cpu_utilization_77c1ca.csv,WARNING,,37.62839472383504,0.5254036546075538,0
2014-04-16 09:25:00,trace-622710,span-26322,ec2-compute-service,ec2_cpu_utilization_77c1ca.csv,WARNING,,11.947025488713487,0.4283331464088341,0
2014-04-16 09:40:00,trace-389662,span-61925,ec2-compute-service,ec2_cpu_utilization_77c1ca.csv,WARNING,,26.059870165701298,0.4536265664410311,0
2014-04-16 09:45:00,trace-979854,span-11700,ec2-compute-service,ec2_cpu_utilization_77c1ca.csv,WARNING,,0.16202549051676557,0.45439902592089,0
2014-04-16 10:00:00,trace-123199,span-54589,ec2-compute-service,ec2_cpu_utilization_77c1ca.csv,WARNING,,31.078760739625416,0.5255862677162848,0
2014-04-16 10:05:00,trace-609551,span-64316,ec2-compute-service,ec2_cpu_utilization_77c1ca.csv,WARNING,,0.23211849734332504,0.4921157924882759,0
2014-04-16 10:15:00,trace-267527,span-96465,ec2-compute-service,ec2_cpu_utilization_77c1ca.csv,WARNING,,32.922660072150514,0.5236615918160407,0
2014-04-16 10:20:00,trace-639243,span-54049,ec2-compute-service,ec2_cpu_utilization_77c1ca.csv,WARNING,,1.5011797753681744,0.5012816004617173,0
2014-04-16 12:15:00,trace-571797,span-74925,ec2-compute-service,ec2_cpu_utilization_77c1ca.csv,WARNING,,16.49709130737921,0.433011612574988,0
2014-04-15 15:44:00,trace-403602,span-99037,ec2-compute-service,ec2_cpu_utilization_825cc2.csv,ERROR,CPUUtilizationHigh: CPU usage spike detected (76.9%),65.23513467779235,0.4343358450730646,1
2014-04-15 16:54:00,trace-605838,span-53939,ec2-compute-service,ec2_cpu_utilization_825cc2.csv,WARNING,,46.56954148921235,0.690235443852137,0
2014-04-15 16:59:00,trace-472251,span-79166,ec2-compute-service,ec2_cpu_utilization_825cc2.csv,WARNING,,52.389921195450434,0.6547853087501943,0
2014-04-15 17:04:00,trace-411442,span-57221,ec2-compute-service,ec2_cpu_utilization_825cc2.csv,WARNING,,79.93235152649024,0.6757584292668909,0
2014-04-15 17:09:00,trace-727099,span-64935,ec2-compute-service,ec2_cpu_utilization_825cc2.csv,WARNING,,97.51475171142359,0.5619888396486299,0
2014-04-15 17:14:00,trace-894760,span-25534,ec2-compute-service,ec2_cpu_utilization_825cc2.csv,WARNING,,97.13212579231696,0.5764099498369819,0
2014-04-15 17:19:00,trace-660608,span-59170,ec2-compute-service,ec2_cpu_utilization_825cc2.csv,WARNING,,94.29789977214462,0.4656993502922754,0
2014-04-15 19:14:00,trace-858761,span-18640,ec2-compute-service,ec2_cpu_utilization_825cc2.csv,WARNING,,67.85708144000674,0.4448600655188386,0
2014-04-15 19:19:00,trace-785409,span-15618,ec2-compute-service,ec2_cpu_utilization_825cc2.csv,WARNING,,93.98491000238822,0.4101623071628436,0
2014-04-16 03:29:00,trace-406081,span-79724,ec2-compute-service,ec2_cpu_utilization_825cc2.csv,WARNING,,59.22210109232446,0.6845005479444144,0
2014-04-16 03:34:00,trace-788332,span-20799,ec2-compute-service,ec2_cpu_utilization_825cc2.csv,ERROR,CPUUtilizationHigh: CPU usage spike detected (24.4%),25.464377964779832,0.8608674437159903,1
2014-04-16 03:39:00,trace-170463,span-86700,ec2-compute-service,ec2_cpu_utilization_825cc2.csv,WARNING,,24.024115679494557,0.8909748963150586,0
2014-04-16 03:44:00,trace-869305,span-81696,ec2-compute-service,ec2_cpu_utilization_825cc2.csv,WARNING,,21.17472528775386,0.8485738780606924,0
2014-04-16 03:49:00,trace-158692,span-71744,ec2-compute-service,ec2_cpu_utilization_825cc2.csv,WARNING,,26.030313415036364,0.603646237348842,0
2014-04-16 03:54:00,trace-261081,span-10192,ec2-compute-service,ec2_cpu_utilization_825cc2.csv,WARNING,,20.349148330672303,0.4979633390890772,0
2014-04-16 03:59:00,trace-243888,span-49082,ec2-compute-service,ec2_cpu_utilization_825cc2.csv,WARNING,,20.311409853109165,0.5044050447972908,0
2014-04-16 04:04:00,trace-675228,span-42130,ec2-compute-service,ec2_cpu_utilization_825cc2.csv,WARNING,,19.176919750797797,0.5372617812714664,0
2014-04-16 04:09:00,trace-136468,span-40698,ec2-compute-service,ec2_cpu_utilization_825cc2.csv,WARNING,,38.64316468171622,0.5669537123591443,0
2014-04-16 04:14:00,trace-523291,span-19359,ec2-compute-service,ec2_cpu_utilization_825cc2.csv,WARNING,,19.808742839724353,0.5430018889081191,0
2014-04-16 04:19:00,trace-336187,span-52056,ec2-compute-service,ec2_cpu_utilization_825cc2.csv,WARNING,,23.926455671443755,0.5327168370917092,0
2014-04-16 04:24:00,trace-873952,span-43272,ec2-compute-service,ec2_cpu_utilization_825cc2.csv,WARNING,,28.291036858608035,0.5203207839023305,0
2014-04-16 04:29:00,trace-389192,span-86274,ec2-compute-service,ec2_cpu_utilization_825cc2.csv,WARNING,,20.59650432514889,0.5152295924010319,0
2014-04-16 04:34:00,trace-565525,span-10717,ec2-compute-service,ec2_cpu_utilization_825cc2.csv,WARNING,,24.396635303069782,0.5137522647143966,0
2014-04-16 04:39:00,trace-280882,span-14994,ec2-compute-service,ec2_cpu_utilization_825cc2.csv,WARNING,,19.98871435939928,0.5081735923481909,0
2014-04-16 04:44:00,trace-406093,span-47405,ec2-compute-service,ec2_cpu_utilization_825cc2.csv,WARNING,,26.03715269714048,0.4977174806460455,0
2014-04-16 04:49:00,trace-647473,span-53442,ec2-compute-service,ec2_cpu_utilization_825cc2.csv,WARNING,,22.42928089285545,0.4993428754817716,0
2014-04-16 04:54:00,trace-927585,span-87535,ec2-compute-service,ec2_cpu_utilization_825cc2.csv,WARNING,,20.72696889760389,0.4945522504846623,0
2014-04-16 04:59:00,trace-151717,span-12763,ec2-compute-service,ec2_cpu_utilization_825cc2.csv,WARNING,,21.92544640762568,0.4766294525588592,0
2014-04-16 05:04:00,trace-794119,span-86067,ec2-compute-service,ec2_cpu_utilization_825cc2.csv,WARNING,,28.424598622265226,0.4767791415170439,0
2014-04-16 05:09:00,trace-851731,span-21064,ec2-compute-service,ec2_cpu_utilization_825cc2.csv,WARNING,,43.487605249202346,0.5431892599195176,0
2014-04-16 05:14:00,trace-268017,span-57937,ec2-compute-service,ec2_cpu_utilization_825cc2.csv,WARNING,,24.78382124738585,0.5335562319300464,0
2014-04-16 05:19:00,trace-976533,span-12382,ec2-compute-service,ec2_cpu_utilization_825cc2.csv,WARNING,,22.358330089621017,0.4986075291577526,0
2014-04-16 05:24:00,trace-800636,span-43402,ec2-compute-service,ec2_cpu_utilization_825cc2.csv,WARNING,,20.68985875824638,0.4958341799366402,0
2014-04-16 05:29:00,trace-520162,span-89698,ec2-compute-service,ec2_cpu_utilization_825cc2.csv,WARNING,,20.837483354536296,0.4900810409705443,0
2014-04-16 05:34:00,trace-145095,span-89930,ec2-compute-service,ec2_cpu_utilization_825cc2.csv,WARNING,,26.841150663955464,0.483989708635177,0
2014-04-16 05:39:00,trace-646298,span-34123,ec2-compute-service,ec2_cpu_utilization_825cc2.csv,WARNING,,27.59113528608715,0.4886201732670452,0
2014-04-16 05:44:00,trace-492670,span-18026,ec2-compute-service,ec2_cpu_utilization_825cc2.csv,WARNING,,23.67425573556034,0.4817553468004382,0
2014-04-16 05:49:00,trace-395809,span-19277,ec2-compute-service,ec2_cpu_utilization_825cc2.csv,WARNING,,28.091271428544548,0.4806935646531671,0
2014-04-16 05:54:00,trace-934440,span-24683,ec2-compute-service,ec2_cpu_utilization_825cc2.csv,WARNING,,27.109483408080745,0.5019559161836648,0
2014-04-16 05:59:00,trace-773249,span-65612,ec2-compute-service,ec2_cpu_utilization_825cc2.csv,WARNING,,21.45752152348962,0.4896984435908323,0
2014-04-16 06:04:00,trace-416463,span-31639,ec2-compute-service,ec2_cpu_utilization_825cc2.csv,WARNING,,24.664407986937952,0.4885166250088218,0
2014-04-16 06:09:00,trace-876505,span-44660,ec2-compute-service,ec2_cpu_utilization_825cc2.csv,WARNING,,36.64026932157271,0.5405846554864856,0
2014-04-16 06:14:00,trace-552413,span-68847,ec2-compute-service,ec2_cpu_utilization_825cc2.csv,WARNING,,25.516486541717907,0.5267387302831741,0
2014-04-16 06:19:00,trace-906608,span-54386,ec2-compute-service,ec2_cpu_utilization_825cc2.csv,WARNING,,26.826968736646887,0.4929017847948009,0
2014-04-16 06:24:00,trace-583007,span-51003,ec2-compute-service,ec2_cpu_utilization_825cc2.csv,WARNING,,27.773540279952357,0.4939657341384431,0
2014-04-16 06:29:00,trace-973030,span-45931,ec2-compute-service,ec2_cpu_utilization_825cc2.csv,WARNING,,22.302704011146858,0.4951660275819217,0
2014-04-16 06:34:00,trace-223099,span-44693,ec2-compute-service,ec2_cpu_utilization_825cc2.csv,WARNING,,27.132380950647512,0.4890631780237017,0
2014-04-16 06:39:00,trace-208944,span-86502,ec2-compute-service,ec2_cpu_utilization_825cc2.csv,WARNING,,26.270887833300506,0.4829856128532438,0
2014-04-16 06:44:00,trace-347572,span-91471,ec2-compute-service,ec2_cpu_utilization_825cc2.csv,WARNING,,27.878412800373646,0.4719277027217615,0
2014-04-16 06:49:00,trace-297097,span-54516,ec2-compute-service,ec2_cpu_utilization_825cc2.csv,WARNING,,25.670628823989272,0.4739182367868436,0
2014-04-16 06:54:00,trace-184811,span-69049,ec2-compute-service,ec2_cpu_utilization_825cc2.csv,WARNING,,24.673277913499522,0.4832642448191577,0
2014-04-16 06:59:00,trace-663466,span-42821,ec2-compute-service,ec2_cpu_utilization_825cc2.csv,WARNING,,24.419539049692364,0.4915723839677866,0
2014-04-16 07:04:00,trace-641287,span-72522,ec2-compute-service,ec2_cpu_utilization_825cc2.csv,WARNING,,22.14569359411054,0.4873080262365871,0
2014-04-16 07:09:00,trace-795532,span-43722,ec2-compute-service,ec2_cpu_utilization_825cc2.csv,WARNING,,41.97268305760408,0.5432554823178768,0
2014-04-16 07:14:00,trace-631147,span-51609,ec2-compute-service,ec2_cpu_utilization_825cc2.csv,WARNING,,25.1789014441263,0.530229530699821,0
2014-04-16 07:19:00,trace-856942,span-31839,ec2-compute-service,ec2_cpu_utilization_825cc2.csv,WARNING,,20.749777765782685,0.4961315713894598,0
2014-04-16 07:24:00,trace-577697,span-70593,ec2-compute-service,ec2_cpu_utilization_825cc2.csv,WARNING,,24.089142388946108,0.4992286654505857,0
2014-04-16 07:29:00,trace-330233,span-14886,ec2-compute-service,ec2_cpu_utilization_825cc2.csv,WARNING,,26.427026605829607,0.5036318293975981,0
2014-04-16 07:34:00,trace-524671,span-26767,ec2-compute-service,ec2_cpu_utilization_825cc2.csv,WARNING,,25.026386876481396,0.4858631023148048,0
2014-04-16 07:39:00,trace-307352,span-63442,ec2-compute-service,ec2_cpu_utilization_825cc2.csv,WARNING,,29.390684794502913,0.4844404876807048,0
2014-04-16 07:44:00,trace-717693,span-32588,ec2-compute-service,ec2_cpu_utilization_825cc2.csv,WARNING,,23.16701440526753,0.4783921797948595,0
2014-04-16 07:49:00,trace-137019,span-54948,ec2-compute-service,ec2_cpu_utilization_825cc2.csv,WARNING,,26.42472709929545,0.5001015167605133,0
2014-04-16 07:54:00,trace-821818,span-37526,ec2-compute-service,ec2_cpu_utilization_825cc2.csv,WARNING,,22.87281377194611,0.4894700302829127,0
2014-04-16 07:59:00,trace-545414,span-53395,ec2-compute-service,ec2_cpu_utilization_825cc2.csv,WARNING,,24.8160895467773,0.4760858183262711,0
2014-04-16 08:04:00,trace-750102,span-47701,ec2-compute-service,ec2_cpu_utilization_825cc2.csv,WARNING,,27.644146739816506,0.4843489880229362,0
2014-04-16 08:09:00,trace-253939,span-10203,ec2-compute-service,ec2_cpu_utilization_825cc2.csv,WARNING,,30.96875668634315,0.5390542849189548,0
2014-04-16 08:14:00,trace-915495,span-13748,ec2-compute-service,ec2_cpu_utilization_825cc2.csv,WARNING,,22.85968302202582,0.5212434853420116,0
2014-04-16 08:19:00,trace-967196,span-30884,ec2-compute-service,ec2_cpu_utilization_825cc2.csv,WARNING,,29.076435116128092,0.4861517803667425,0
2014-04-16 08:24:00,trace-564462,span-29259,ec2-compute-service,ec2_cpu_utilization_825cc2.csv,WARNING,,20.69645569643874,0.4915003041987799,0
2014-04-16 08:29:00,trace-526673,span-95679,ec2-compute-service,ec2_cpu_utilization_825cc2.csv,WARNING,,23.113192879314933,0.4948717786237931,0
2014-04-16 08:34:00,trace-690189,span-54535,ec2-compute-service,ec2_cpu_utilization_825cc2.csv,WARNING,,22.826912942333607,0.490898797069608,0
2014-04-16 08:39:00,trace-452156,span-88278,ec2-compute-service,ec2_cpu_utilization_825cc2.csv,WARNING,,30.01191218390257,0.4848518888381077,0
2014-04-16 08:44:00,trace-482865,span-91159,ec2-compute-service,ec2_cpu_utilization_825cc2.csv,WARNING,,22.189619793946726,0.4866805996453048,0
2014-04-16 08:49:00,trace-281429,span-96908,ec2-compute-service,ec2_cpu_utilization_825cc2.csv,WARNING,,20.500563447631595,0.4925977592377577,0
2014-04-16 08:54:00,trace-921935,span-85403,ec2-compute-service,ec2_cpu_utilization_825cc2.csv,WARNING,,23.68518755915577,0.4925415049575466,0
2014-04-16 08:59:00,trace-688574,span-84842,ec2-compute-service,ec2_cpu_utilization_825cc2.csv,WARNING,,28.30690105880726,0.4747532611315449,0
2014-04-16 09:04:00,trace-585833,span-60626,ec2-compute-service,ec2_cpu_utilization_825cc2.csv,WARNING,,29.87556266322885,0.4787253077068089,0
2014-04-16 09:09:00,trace-277826,span-38302,ec2-compute-service,ec2_cpu_utilization_825cc2.csv,WARNING,,33.33102353334174,0.5386719482490632,0
2014-04-16 09:14:00,trace-949776,span-45618,ec2-compute-service,ec2_cpu_utilization_825cc2.csv,WARNING,,20.19028213668263,0.5259500576360963,0
2014-04-16 09:19:00,trace-423258,span-80130,ec2-compute-service,ec2_cpu_utilization_825cc2.csv,WARNING,,23.73867484035317,0.4993559676601904,0
2014-04-16 09:24:00,trace-214589,span-24334,ec2-compute-service,ec2_cpu_utilization_825cc2.csv,WARNING,,20.4893570386902,0.5000371731023547,0
2014-04-16 09:29:00,trace-893076,span-42933,ec2-compute-service,ec2_cpu_utilization_825cc2.csv,WARNING,,20.273162168160507,0.4930422260304926,0
2014-04-16 09:34:00,trace-526903,span-62656,ec2-compute-service,ec2_cpu_utilization_825cc2.csv,WARNING,,27.762246297284445,0.4822067926343335,0
2014-04-16 09:39:00,trace-613951,span-75206,ec2-compute-service,ec2_cpu_utilization_825cc2.csv,WARNING,,28.275869058811413,0.4830972353310766,0
2014-04-16 09:44:00,trace-707466,span-33993,ec2-compute-service,ec2_cpu_utilization_825cc2.csv,WARNING,,25.890293042197666,0.4815577745510795,0
2014-04-16 09:49:00,trace-539503,span-96724,ec2-compute-service,ec2_cpu_utilization_825cc2.csv,WARNING,,28.454134101091583,0.486742244653764,0
2014-04-16 09:54:00,trace-196393,span-86312,ec2-compute-service,ec2_cpu_utilization_825cc2.csv,WARNING,,21.24455237109295,0.497994318865401,0
2014-04-16 09:59:00,trace-695484,span-80014,ec2-compute-service,ec2_cpu_utilization_825cc2.csv,WARNING,,27.727961523301424,0.4867489585130203,0
2014-04-16 10:04:00,trace-529505,span-43340,ec2-compute-service,ec2_cpu_utilization_825cc2.csv,WARNING,,23.69352074167313,0.4935658569726616,0
2014-04-16 10:09:00,trace-596915,span-94178,ec2-compute-service,ec2_cpu_utilization_825cc2.csv,WARNING,,42.02336540765642,0.5465677663231567,0
2014-04-16 10:14:00,trace-892173,span-82374,ec2-compute-service,ec2_cpu_utilization_825cc2.csv,WARNING,,25.64480660226242,0.5396490719049474,0
2014-04-16 10:19:00,trace-168798,span-80532,ec2-compute-service,ec2_cpu_utilization_825cc2.csv,WARNING,,29.884415948360857,0.502163670338529,0
2014-04-16 10:24:00,trace-790955,span-40257,ec2-compute-service,ec2_cpu_utilization_825cc2.csv,WARNING,,26.204703118378532,0.5067546881875937,0
2014-04-16 10:29:00,trace-152691,span-99765,ec2-compute-service,ec2_cpu_utilization_825cc2.csv,WARNING,,27.443912063738498,0.5070722211357134,0
2014-04-16 10:34:00,trace-638314,span-63535,ec2-compute-service,ec2_cpu_utilization_825cc2.csv,WARNING,,24.46516334361684,0.4995524868085433,0
2014-04-16 10:39:00,trace-643898,span-56646,ec2-compute-service,ec2_cpu_utilization_825cc2.csv,WARNING,,28.94797839960323,0.4924530826885125,0
2014-04-16 10:44:00,trace-958999,span-57574,ec2-compute-service,ec2_cpu_utilization_825cc2.csv,WARNING,,29.444694885872924,0.4861580547278588,0
2014-04-16 10:49:00,trace-322123,span-46182,ec2-compute-service,ec2_cpu_utilization_825cc2.csv,WARNING,,26.639751367853147,0.4977815364705343,0
2014-04-16 10:54:00,trace-591006,span-29288,ec2-compute-service,ec2_cpu_utilization_825cc2.csv,WARNING,,26.84024773231247,0.4868112510896741,0
2014-04-16 10:59:00,trace-708713,span-10917,ec2-compute-service,ec2_cpu_utilization_825cc2.csv,WARNING,,22.101979811665352,0.4873787090533555,0
2014-04-16 11:04:00,trace-951007,span-82518,ec2-compute-service,ec2_cpu_utilization_825cc2.csv,WARNING,,26.07827827080375,0.482570689165217,0
2014-04-16 11:09:00,trace-773422,span-26999,ec2-compute-service,ec2_cpu_utilization_825cc2.csv,WARNING,,38.81982879459581,0.5378603223357619,0
2014-04-16 11:14:00,trace-503157,span-71169,ec2-compute-service,ec2_cpu_utilization_825cc2.csv,WARNING,,26.587969160153662,0.5262965885454417,0
2014-04-16 11:19:00,trace-997116,span-69821,ec2-compute-service,ec2_cpu_utilization_825cc2.csv,WARNING,,21.69034115479779,0.4881925678247534,0
2014-04-16 11:24:00,trace-537651,span-14529,ec2-compute-service,ec2_cpu_utilization_825cc2.csv,WARNING,,28.329060124684094,0.4940312381601647,0
2014-04-16 11:29:00,trace-436246,span-82762,ec2-compute-service,ec2_cpu_utilization_825cc2.csv,WARNING,,27.087103585760516,0.4899419712932855,0
2014-04-16 11:34:00,trace-186795,span-44087,ec2-compute-service,ec2_cpu_utilization_825cc2.csv,WARNING,,27.79491547846761,0.4838370784374269,0
2014-04-16 11:39:00,trace-343877,span-78226,ec2-compute-service,ec2_cpu_utilization_825cc2.csv,WARNING,,26.478993069688748,0.4780012594216368,0
2014-04-16 11:44:00,trace-812793,span-15213,ec2-compute-service,ec2_cpu_utilization_825cc2.csv,WARNING,,29.24724609850572,0.4818425734299408,0
2014-04-16 11:49:00,trace-216545,span-35380,ec2-compute-service,ec2_cpu_utilization_825cc2.csv,WARNING,,28.054540314096386,0.4889090029955141,0
2014-04-16 11:54:00,trace-808387,span-33989,ec2-compute-service,ec2_cpu_utilization_825cc2.csv,WARNING,,26.261750992602682,0.4847484354283005,0
2014-04-16 11:59:00,trace-386663,span-32439,ec2-compute-service,ec2_cpu_utilization_825cc2.csv,WARNING,,26.287397265181237,0.4748082899192288,0
2014-04-16 12:04:00,trace-114995,span-33559,ec2-compute-service,ec2_cpu_utilization_825cc2.csv,WARNING,,20.699993745926495,0.4741891243567444,0
2014-04-16 12:09:00,trace-451193,span-15021,ec2-compute-service,ec2_cpu_utilization_825cc2.csv,WARNING,,41.81540488620367,0.537498215885274,0
2014-04-16 12:14:00,trace-544755,span-49350,ec2-compute-service,ec2_cpu_utilization_825cc2.csv,WARNING,,28.397864108636025,0.531899302191222,0
2014-04-16 12:19:00,trace-571869,span-32250,ec2-compute-service,ec2_cpu_utilization_825cc2.csv,WARNING,,22.209612515314117,0.4909896449082108,0
2014-04-16 12:24:00,trace-975564,span-76798,ec2-compute-service,ec2_cpu_utilization_825cc2.csv,WARNING,,26.8023363287462,0.4894024328604042,0
2014-04-16 12:29:00,trace-945978,span-98151,ec2-compute-service,ec2_cpu_utilization_825cc2.csv,WARNING,,28.77660293018177,0.4906338224637901,0
2014-04-16 12:34:00,trace-819778,span-52788,ec2-compute-service,ec2_cpu_utilization_825cc2.csv,WARNING,,28.58657057823965,0.4912653590861369,0
2014-04-16 12:39:00,trace-408974,span-62446,ec2-compute-service,ec2_cpu_utilization_825cc2.csv,WARNING,,29.38653510172976,0.4903303599132244,0
2014-04-16 12:44:00,trace-811943,span-43998,ec2-compute-service,ec2_cpu_utilization_825cc2.csv,WARNING,,28.617387657414532,0.492108090907996,0
2014-04-16 12:49:00,trace-693629,span-41085,ec2-compute-service,ec2_cpu_utilization_825cc2.csv,WARNING,,23.586318405790788,0.4787102776018527,0
2014-04-16 12:54:00,trace-624006,span-15750,ec2-compute-service,ec2_cpu_utilization_825cc2.csv,WARNING,,24.35830389584365,0.4827248673957443,0
2014-04-16 12:59:00,trace-611760,span-45903,ec2-compute-service,ec2_cpu_utilization_825cc2.csv,WARNING,,29.719407043547044,0.4940302778640658,0
2014-04-16 13:04:00,trace-715324,span-97954,ec2-compute-service,ec2_cpu_utilization_825cc2.csv,WARNING,,26.58290413009949,0.4957488222070438,0
2014-04-16 13:09:00,trace-541441,span-97985,ec2-compute-service,ec2_cpu_utilization_825cc2.csv,WARNING,,35.16660411565876,0.5407979407537143,0
2014-04-16 13:14:00,trace-741593,span-35338,ec2-compute-service,ec2_cpu_utilization_825cc2.csv,WARNING,,24.420457960144972,0.5348532138761669,0
2014-04-16 13:19:00,trace-132101,span-12775,ec2-compute-service,ec2_cpu_utilization_825cc2.csv,WARNING,,20.762706042815843,0.5010111887277632,0
2014-04-16 13:24:00,trace-145619,span-55838,ec2-compute-service,ec2_cpu_utilization_825cc2.csv,WARNING,,21.26661718141991,0.4966598935245975,0
2014-04-16 13:29:00,trace-857634,span-67124,ec2-compute-service,ec2_cpu_utilization_825cc2.csv,WARNING,,26.219901117742104,0.5235472508552693,0
2014-04-16 13:34:00,trace-846055,span-64567,ec2-compute-service,ec2_cpu_utilization_825cc2.csv,WARNING,,19.551942153047975,0.516801907959999,0
2014-04-16 13:39:00,trace-331318,span-71799,ec2-compute-service,ec2_cpu_utilization_825cc2.csv,WARNING,,21.557110822766468,0.5075275960592682,0
2014-04-16 13:44:00,trace-387623,span-56172,ec2-compute-service,ec2_cpu_utilization_825cc2.csv,WARNING,,22.25004772074013,0.5025965733899269,0
2014-04-16 13:49:00,trace-273115,span-92569,ec2-compute-service,ec2_cpu_utilization_825cc2.csv,WARNING,,21.925600271287713,0.5155548021917526,0
2014-04-16 13:54:00,trace-508624,span-67980,ec2-compute-service,ec2_cpu_utilization_825cc2.csv,WARNING,,23.04873607358261,0.4988990887407992,0
2014-04-16 13:59:00,trace-235203,span-54825,ec2-compute-service,ec2_cpu_utilization_825cc2.csv,WARNING,,27.34191250514306,0.5107460863602885,0
2014-04-16 14:04:00,trace-930686,span-48225,ec2-compute-service,ec2_cpu_utilization_825cc2.csv,WARNING,,22.755517895261164,0.5055012318324318,0
2014-04-16 14:09:00,trace-774174,span-28263,ec2-compute-service,ec2_cpu_utilization_825cc2.csv,WARNING,,31.174011521125497,0.5468924840884561,0
2014-04-16 14:14:00,trace-934325,span-54673,ec2-compute-service,ec2_cpu_utilization_825cc2.csv,WARNING,,27.254218154486615,0.5428677613983732,0
2014-04-16 14:19:00,trace-669354,span-13373,ec2-compute-service,ec2_cpu_utilization_825cc2.csv,WARNING,,95.6276911167856,0.9777530487974871,0
2014-04-16 14:24:00,trace-897124,span-57295,ec2-compute-service,ec2_cpu_utilization_825cc2.csv,WARNING,,97.89520679384843,0.8945763945908021,0
2014-04-16 14:29:00,trace-691271,span-29583,ec2-compute-service,ec2_cpu_utilization_825cc2.csv,WARNING,,79.0410356306194,0.8232453222837246,0
2014-04-16 14:34:00,trace-971535,span-89675,ec2-compute-service,ec2_cpu_utilization_825cc2.csv,WARNING,,93.94062386822192,0.7510855789598732,0
2014-04-16 17:14:00,trace-512736,span-95238,ec2-compute-service,ec2_cpu_utilization_825cc2.csv,WARNING,,96.24753106930895,0.3730752586973503,0
2014-04-23 08:09:00,trace-959625,span-40134,ec2-compute-service,ec2_cpu_utilization_825cc2.csv,WARNING,,76.2793535289888,0.352244923502965,0
2014-04-03 16:14:00,trace-745303,span-51185,ec2-compute-service,ec2_cpu_utilization_ac20cd.csv,WARNING,,36.17237660210033,0.3586816357780245,0
2014-04-04 01:29:00,trace-755244,span-80744,ec2-compute-service,ec2_cpu_utilization_ac20cd.csv,WARNING,,26.008542228651432,0.3872785276757571,0
2014-04-04 01:34:00,trace-416363,span-55991,ec2-compute-service,ec2_cpu_utilization_ac20cd.csv,WARNING,,2.8773378501175286,0.5994792396525974,0
2014-04-04 01:39:00,trace-216841,span-19486,ec2-compute-service,ec2_cpu_utilization_ac20cd.csv,WARNING,,2.131667806715033,0.5969250754457439,0
2014-04-04 01:44:00,trace-683158,span-96694,ec2-compute-service,ec2_cpu_utilization_ac20cd.csv,WARNING,,2.8393111630105365,0.5945778259520341,0
2014-04-04 01:49:00,trace-201407,span-96055,ec2-compute-service,ec2_cpu_utilization_ac20cd.csv,WARNING,,2.4644287793192525,0.4721818457121527,0
2014-04-04 10:59:00,trace-521594,span-64353,ec2-compute-service,ec2_cpu_utilization_ac20cd.csv,WARNING,,3.6430468300154515,0.3537898291942313,0
2014-04-04 11:14:00,trace-311144,span-75982,ec2-compute-service,ec2_cpu_utilization_ac20cd.csv,WARNING,,3.5813627331679068,0.3551819815719924,0
2014-04-04 12:14:00,trace-217797,span-27618,ec2-compute-service,ec2_cpu_utilization_ac20cd.csv,WARNING,,3.768097872140452,0.3522975658019438,0
2014-04-04 15:49:00,trace-393624,span-30527,ec2-compute-service,ec2_cpu_utilization_ac20cd.csv,WARNING,,54.73459206132371,0.8774561729715256,0
2014-04-04 15:54:00,trace-564310,span-69174,ec2-compute-service,ec2_cpu_utilization_ac20cd.csv,WARNING,,38.15856152319084,0.8281404537516037,0
2014-04-04 15:59:00,trace-868223,span-45303,ec2-compute-service,ec2_cpu_utilization_ac20cd.csv,WARNING,,30.048772008501896,0.726225485218488,0
2014-04-04 16:04:00,trace-223728,span-77568,ec2-compute-service,ec2_cpu_utilization_ac20cd.csv,WARNING,,31.294011961555352,0.6019269641620699,0
2014-04-04 16:09:00,trace-531058,span-23900,ec2-compute-service,ec2_cpu_utilization_ac20cd.csv,WARNING,,35.553270608468154,0.4095617170933326,0
2014-04-05 08:29:00,trace-626169,span-43037,ec2-compute-service,ec2_cpu_utilization_ac20cd.csv,WARNING,,29.27838779984481,0.3533449992689484,0
2014-04-09 13:04:00,trace-488227,span-98059,ec2-compute-service,ec2_cpu_utilization_ac20cd.csv,WARNING,,27.61163721808753,0.366689879583582,0
2014-04-10 17:19:00,trace-542136,span-77231,ec2-compute-service,ec2_cpu_utilization_ac20cd.csv,WARNING,,26.25340038758633,0.3798421959877969,0
2014-04-11 10:14:00,trace-365406,span-76981,ec2-compute-service,ec2_cpu_utilization_ac20cd.csv,WARNING,,33.05061466379901,0.3579566512956297,0
2014-04-11 21:04:00,trace-181972,span-85485,ec2-compute-service,ec2_cpu_utilization_ac20cd.csv,WARNING,,34.00908815306106,0.3725310530024392,0
2014-04-14 23:44:00,trace-281890,span-39932,ec2-compute-service,ec2_cpu_utilization_ac20cd.csv,WARNING,,50.64598751524155,0.5225209719141306,0
2014-04-15 00:04:00,trace-592239,span-18597,ec2-compute-service,ec2_cpu_utilization_ac20cd.csv,WARNING,,57.69508853073446,0.4909428235384301,0
2014-04-15 00:09:00,trace-950341,span-82391,ec2-compute-service,ec2_cpu_utilization_ac20cd.csv,WARNING,,34.95683682908067,0.5508267494780191,0
2014-04-15 00:14:00,trace-425437,span-35805,ec2-compute-service,ec2_cpu_utilization_ac20cd.csv,WARNING,,29.064704405313897,0.4832259949476469,0
2014-04-15 00:19:00,trace-848425,span-96402,ec2-compute-service,ec2_cpu_utilization_ac20cd.csv,WARNING,,38.89747634399519,0.4642218395658447,0
2014-04-15 00:24:00,trace-434923,span-19018,ec2-compute-service,ec2_cpu_utilization_ac20cd.csv,WARNING,,39.481173032040175,0.4047110768850331,0
2014-04-15 00:49:00,trace-220062,span-22100,ec2-compute-service,ec2_cpu_utilization_ac20cd.csv,ERROR,CPUUtilizationHigh: CPU usage spike detected (88.2%),76.74008448231098,0.907699667782896,1
2014-04-15 00:54:00,trace-775160,span-73400,ec2-compute-service,ec2_cpu_utilization_ac20cd.csv,WARNING,,89.70216705616414,0.9745739977021464,0
2014-04-15 00:59:00,trace-334196,span-86537,ec2-compute-service,ec2_cpu_utilization_ac20cd.csv,WARNING,,99.8128471904732,0.9508739230178732,0
2014-04-15 01:04:00,trace-383006,span-21669,ec2-compute-service,ec2_cpu_utilization_ac20cd.csv,WARNING,,108.76385304584672,0.8598335359553689,0
2014-04-15 01:09:00,trace-902348,span-20878,ec2-compute-service,ec2_cpu_utilization_ac20cd.csv,WARNING,,102.37204098840459,0.3728878965573945,0
2014-04-15 01:24:00,trace-304720,span-51235,ec2-compute-service,ec2_cpu_utilization_ac20cd.csv,WARNING,,93.63339211466813,0.3534829800768866,0
2014-04-15 01:29:00,trace-624624,span-52933,ec2-compute-service,ec2_cpu_utilization_ac20cd.csv,WARNING,,89.01817160942196,0.3646454067910796,0
2014-04-16 00:09:00,trace-693792,span-61148,ec2-compute-service,ec2_cpu_utilization_ac20cd.csv,WARNING,,82.060964638286,0.3649716319098719,0
2014-04-16 01:19:00,trace-299737,span-81386,ec2-compute-service,ec2_cpu_utilization_ac20cd.csv,WARNING,,79.74509494004403,0.3625067284719996,0
2014-04-16 01:34:00,trace-963917,span-84055,ec2-compute-service,ec2_cpu_utilization_ac20cd.csv,WARNING,,87.94843089843522,0.3544913581757367,0
2014-04-16 09:04:00,trace-570489,span-76670,ec2-compute-service,ec2_cpu_utilization_ac20cd.csv,WARNING,,113.77795966952115,0.3641018209383191,0
2014-04-16 10:24:00,trace-321094,span-81128,ec2-compute-service,ec2_cpu_utilization_ac20cd.csv,WARNING,,105.99375474777302,0.3596755840127016,0
2014-04-16 10:44:00,trace-182806,span-86533,ec2-compute-service,ec2_cpu_utilization_ac20cd.csv,WARNING,,94.55169667553608,0.3960561723386244,0
2014-04-16 10:49:00,trace-297478,span-49519,ec2-compute-service,ec2_cpu_utilization_ac20cd.csv,WARNING,,93.40334871497939,0.383991120609165,0
2014-04-16 10:54:00,trace-589709,span-43885,ec2-compute-service,ec2_cpu_utilization_ac20cd.csv,WARNING,,98.30461187757915,0.3530801844320748,0
2014-04-16 11:04:00,trace-457546,span-40676,ec2-compute-service,ec2_cpu_utilization_ac20cd.csv,WARNING,,108.28552592171508,0.3679304144875358,0
2014-04-16 14:04:00,trace-281871,span-89414,ec2-compute-service,ec2_cpu_utilization_ac20cd.csv,WARNING,,103.20471363186685,0.3965544641464341,0
2014-04-16 14:09:00,trace-867442,span-82307,ec2-compute-service,ec2_cpu_utilization_ac20cd.csv,WARNING,,105.97465943859744,0.3580427253550751,0
2014-04-02 17:54:00,trace-394067,span-88388,ec2-compute-service,ec2_cpu_utilization_c6585a.csv,WARNING,,0.1640194407858386,0.3520240845319354,0
2014-04-03 03:09:00,trace-746045,span-63664,ec2-compute-service,ec2_cpu_utilization_c6585a.csv,WARNING,,1.597669917385131,0.9003426732108062,0
2014-04-03 03:14:00,trace-790824,span-44485,ec2-compute-service,ec2_cpu_utilization_c6585a.csv,WARNING,,0.08150203358807032,0.7300949959610245,0
2014-04-03 03:19:00,trace-568011,span-45554,ec2-compute-service,ec2_cpu_utilization_c6585a.csv,WARNING,,0.07269857945929932,0.5659846884539665,0
2014-04-03 03:24:00,trace-824687,span-46639,ec2-compute-service,ec2_cpu_utilization_c6585a.csv,WARNING,,0.05410981945614531,0.56822187349807,0
2014-04-03 03:29:00,trace-906124,span-99037,ec2-compute-service,ec2_cpu_utilization_c6585a.csv,WARNING,,0.15391019767611674,0.5705358971739848,0
2014-04-03 14:44:00,trace-848423,span-67415,ec2-compute-service,ec2_cpu_utilization_c6585a.csv,WARNING,,0.23612729276134423,0.3545942576942245,0
2014-04-04 04:29:00,trace-392107,span-62265,ec2-compute-service,ec2_cpu_utilization_c6585a.csv,WARNING,,1.4027236734968414,0.9349596389215762,0
2014-04-04 04:34:00,trace-259882,span-70006,ec2-compute-service,ec2_cpu_utilization_c6585a.csv,WARNING,,0.056112838235497585,0.7526744143259612,0
2014-04-04 04:39:00,trace-384944,span-85476,ec2-compute-service,ec2_cpu_utilization_c6585a.csv,WARNING,,0.1375258913394774,0.5865199708575672,0
2014-04-04 04:44:00,trace-914486,span-85319,ec2-compute-service,ec2_cpu_utilization_c6585a.csv,WARNING,,0.06302531447454829,0.5908958000852456,0
2014-04-04 04:49:00,trace-113233,span-35068,ec2-compute-service,ec2_cpu_utilization_c6585a.csv,WARNING,,0.07462906600968068,0.5859904536791918,0
2014-04-05 03:24:00,trace-432597,span-35832,ec2-compute-service,ec2_cpu_utilization_c6585a.csv,WARNING,,1.2181026833257789,0.8765052438598671,0
2014-04-05 03:29:00,trace-637970,span-33383,ec2-compute-service,ec2_cpu_utilization_c6585a.csv,WARNING,,0.10881356755052671,0.690525406910618,0
2014-04-05 03:34:00,trace-385810,span-68817,ec2-compute-service,ec2_cpu_utilization_c6585a.csv,WARNING,,0.07256600706226213,0.5637583974347047,0
2014-04-05 03:39:00,trace-527858,span-51830,ec2-compute-service,ec2_cpu_utilization_c6585a.csv,WARNING,,0.059809105156127515,0.5566919603774454,0
2014-04-05 03:44:00,trace-681904,span-19221,ec2-compute-service,ec2_cpu_utilization_c6585a.csv,WARNING,,0.07071239916292565,0.5568223063523706,0
2014-04-05 08:19:00,trace-816773,span-11051,ec2-compute-service,ec2_cpu_utilization_c6585a.csv,WARNING,,0.22557025141323792,0.3500962397100634,0
2014-04-05 17:39:00,trace-701206,span-88116,ec2-compute-service,ec2_cpu_utilization_c6585a.csv,WARNING,,0.23309629350983702,0.3547910441700111,0
2014-04-06 03:44:00,trace-328931,span-54757,ec2-compute-service,ec2_cpu_utilization_c6585a.csv,WARNING,,1.3373272599344932,0.9342123648696186,0
2014-04-06 03:49:00,trace-623562,span-87475,ec2-compute-service,ec2_cpu_utilization_c6585a.csv,WARNING,,0.23943951389203974,0.7240326700009486,0
2014-04-06 03:54:00,trace-231379,span-66889,ec2-compute-service,ec2_cpu_utilization_c6585a.csv,WARNING,,0.07387655927218634,0.6253544815134485,0
2014-04-06 03:59:00,trace-922376,span-48134,ec2-compute-service,ec2_cpu_utilization_c6585a.csv,WARNING,,0.06430102246805186,0.6121823588205895,0
2014-04-06 04:04:00,trace-302834,span-97225,ec2-compute-service,ec2_cpu_utilization_c6585a.csv,WARNING,,0.12028521940969315,0.6158537375439403,0
2014-04-07 00:14:00,trace-810381,span-99959,ec2-compute-service,ec2_cpu_utilization_c6585a.csv,WARNING,,0.1869035867078459,0.355381803184171,0
2014-04-07 03:14:00,trace-825787,span-14992,ec2-compute-service,ec2_cpu_utilization_c6585a.csv,WARNING,,1.1715054320914393,0.8993963828752936,0
2014-04-07 03:19:00,trace-525767,span-86384,ec2-compute-service,ec2_cpu_utilization_c6585a.csv,WARNING,,0.07749679115712588,0.7294994466790798,0
2014-04-07 03:24:00,trace-899687,span-14567,ec2-compute-service,ec2_cpu_utilization_c6585a.csv,WARNING,,0.0626342357930115,0.5687241025752247,0
2014-04-07 03:29:00,trace-803363,span-30389,ec2-compute-service,ec2_cpu_utilization_c6585a.csv,WARNING,,0.11051293349294235,0.5666682091078332,0
2014-04-07 03:34:00,trace-423720,span-53919,ec2-compute-service,ec2_cpu_utilization_c6585a.csv,WARNING,,0.07154750171090378,0.5712792429782589,0
2014-04-08 03:29:00,trace-103358,span-98535,ec2-compute-service,ec2_cpu_utilization_c6585a.csv,WARNING,,1.4366985454291976,0.9657858155273068,0
2014-04-08 03:34:00,trace-307596,span-15698,ec2-compute-service,ec2_cpu_utilization_c6585a.csv,WARNING,,0.05931178745726274,0.7744098005905724,0
2014-04-08 03:39:00,trace-155805,span-41349,ec2-compute-service,ec2_cpu_utilization_c6585a.csv,WARNING,,0.07027451990161711,0.6088412126288368,0
2014-04-08 03:44:00,trace-961465,span-54041,ec2-compute-service,ec2_cpu_utilization_c6585a.csv,WARNING,,0.0592196360275044,0.6118418991093395,0
2014-04-08 03:49:00,trace-431927,span-97234,ec2-compute-service,ec2_cpu_utilization_c6585a.csv,WARNING,,0.07278607022804372,0.6082821791966391,0
2014-04-09 03:39:00,trace-897135,span-59422,ec2-compute-service,ec2_cpu_utilization_c6585a.csv,WARNING,,1.3789390590710227,0.8988125840212766,0
2014-04-09 03:44:00,trace-931156,span-42299,ec2-compute-service,ec2_cpu_utilization_c6585a.csv,WARNING,,0.0636556137064992,0.729369488923876,0
2014-04-09 03:49:00,trace-368449,span-28782,ec2-compute-service,ec2_cpu_utilization_c6585a.csv,WARNING,,0.12632280294300743,0.5668722730889642,0
2014-04-09 03:54:00,trace-702251,span-30566,ec2-compute-service,ec2_cpu_utilization_c6585a.csv,WARNING,,0.06068982837083842,0.5712859184561887,0
2014-04-09 03:59:00,trace-630799,span-36177,ec2-compute-service,ec2_cpu_utilization_c6585a.csv,WARNING,,0.057674296873970556,0.5669158887473773,0
2014-04-09 14:24:00,trace-386073,span-38820,ec2-compute-service,ec2_cpu_utilization_c6585a.csv,WARNING,,0.19439660958238575,0.3518279626465657,0
2014-04-10 03:34:00,trace-695376,span-76163,ec2-compute-service,ec2_cpu_utilization_c6585a.csv,WARNING,,1.188834925219497,0.8993963828752936,0
2014-04-10 03:39:00,trace-368733,span-44812,ec2-compute-service,ec2_cpu_utilization_c6585a.csv,WARNING,,0.06885557366594912,0.7295830298916282,0
2014-04-10 03:44:00,trace-544709,span-50953,ec2-compute-service,ec2_cpu_utilization_c6585a.csv,WARNING,,0.0607184706421134,0.5659815985026135,0
2014-04-10 03:49:00,trace-678483,span-35901,ec2-compute-service,ec2_cpu_utilization_c6585a.csv,WARNING,,0.14108796488651737,0.5781872129412735,0
2014-04-10 03:54:00,trace-567927,span-35464,ec2-compute-service,ec2_cpu_utilization_c6585a.csv,WARNING,,0.06309917419577216,0.5710773774291904,0
2014-04-11 03:34:00,trace-749285,span-45440,ec2-compute-service,ec2_cpu_utilization_c6585a.csv,WARNING,,1.218968516655257,0.9468044353522306,0
2014-04-11 03:39:00,trace-680971,span-51430,ec2-compute-service,ec2_cpu_utilization_c6585a.csv,WARNING,,0.07018865977040985,0.7593562907273186,0
2014-04-11 03:44:00,trace-780465,span-88484,ec2-compute-service,ec2_cpu_utilization_c6585a.csv,WARNING,,0.07447389885669732,0.5972370996356133,0
2014-04-11 03:49:00,trace-954741,span-55927,ec2-compute-service,ec2_cpu_utilization_c6585a.csv,WARNING,,0.07014560515338045,0.5972370996356133,0
2014-04-11 03:54:00,trace-929378,span-66561,ec2-compute-service,ec2_cpu_utilization_c6585a.csv,WARNING,,0.1372470777624562,0.5945399734158788,0
2014-04-12 03:04:00,trace-238419,span-43776,ec2-compute-service,ec2_cpu_utilization_c6585a.csv,WARNING,,1.2213152408353207,0.9329682762538316,0
2014-04-12 03:09:00,trace-235370,span-80204,ec2-compute-service,ec2_cpu_utilization_c6585a.csv,WARNING,,0.0756156824919668,0.7519024551281792,0
2014-04-12 03:14:00,trace-548377,span-70652,ec2-compute-service,ec2_cpu_utilization_c6585a.csv,WARNING,,0.10959490628613706,0.6018089436681402,0
2014-04-12 03:19:00,trace-343767,span-30922,ec2-compute-service,ec2_cpu_utilization_c6585a.csv,WARNING,,0.07868700119440311,0.5908958000852456,0
2014-04-12 03:24:00,trace-513532,span-86996,ec2-compute-service,ec2_cpu_utilization_c6585a.csv,WARNING,,0.05457498235439082,0.5859904536791918,0
2014-04-13 04:09:00,trace-618895,span-34000,ec2-compute-service,ec2_cpu_utilization_c6585a.csv,WARNING,,1.535592321229382,0.9089468284526884,0
2014-04-13 04:14:00,trace-102866,span-15898,ec2-compute-service,ec2_cpu_utilization_c6585a.csv,WARNING,,0.06887833902587957,0.7342975296207563,0
2014-04-13 04:19:00,trace-366150,span-44393,ec2-compute-service,ec2_cpu_utilization_c6585a.csv,WARNING,,0.07587419051713423,0.5737695469888011,0
2014-04-13 04:24:00,trace-589415,span-16078,ec2-compute-service,ec2_cpu_utilization_c6585a.csv,WARNING,,0.13728330434481595,0.571802715416114,0
2014-04-13 04:29:00,trace-746012,span-72901,ec2-compute-service,ec2_cpu_utilization_c6585a.csv,WARNING,,0.06592050331497959,0.5763634825601696,0
2014-04-13 13:14:00,trace-588029,span-51574,ec2-compute-service,ec2_cpu_utilization_c6585a.csv,WARNING,,0.23757789062383816,0.3504569655862165,0
2014-04-14 03:19:00,trace-450164,span-93639,ec2-compute-service,ec2_cpu_utilization_c6585a.csv,WARNING,,1.3352686907744635,0.9089468284526884,0
2014-04-14 03:24:00,trace-342934,span-49454,ec2-compute-service,ec2_cpu_utilization_c6585a.csv,WARNING,,0.0558352150137812,0.7342975296207563,0
2014-04-14 03:29:00,trace-601323,span-64710,ec2-compute-service,ec2_cpu_utilization_c6585a.csv,WARNING,,0.05856206063911446,0.5697541302790787,0
2014-04-14 03:34:00,trace-847108,span-85886,ec2-compute-service,ec2_cpu_utilization_c6585a.csv,WARNING,,0.13798981011475026,0.5706408145795929,0
2014-04-14 03:39:00,trace-915864,span-58617,ec2-compute-service,ec2_cpu_utilization_c6585a.csv,WARNING,,0.06228311092034303,0.5756557844751242,0
2014-04-15 03:19:00,trace-383028,span-15454,ec2-compute-service,ec2_cpu_utilization_c6585a.csv,WARNING,,1.807502099819352,0.9999999991813332,0
2014-04-15 03:24:00,trace-338245,span-53618,ec2-compute-service,ec2_cpu_utilization_c6585a.csv,WARNING,,0.062061624486444415,0.8002952223305553,0
2014-04-15 03:29:00,trace-147111,span-49613,ec2-compute-service,ec2_cpu_utilization_c6585a.csv,WARNING,,0.07407086347764096,0.6311717039591602,0
2014-04-15 03:34:00,trace-334000,span-69993,ec2-compute-service,ec2_cpu_utilization_c6585a.csv,WARNING,,0.05691934541937539,0.6312719608532187,0
2014-04-15 03:39:00,trace-608069,span-88672,ec2-compute-service,ec2_cpu_utilization_c6585a.csv,WARNING,,0.1264067375976017,0.6291428689604049,0
2014-04-15 19:04:00,trace-317516,span-71602,ec2-compute-service,ec2_cpu_utilization_c6585a.csv,WARNING,,0.17769909571568512,0.3504569655862165,0
2014-04-16 03:19:00,trace-666510,span-59223,ec2-compute-service,ec2_cpu_utilization_c6585a.csv,WARNING,,1.5502399678693175,0.8921029932227359,0
2014-04-16 03:24:00,trace-689621,span-62732,ec2-compute-service,ec2_cpu_utilization_c6585a.csv,WARNING,,0.127815153672462,0.7041848530074591,0
2014-04-16 03:29:00,trace-699792,span-12462,ec2-compute-service,ec2_cpu_utilization_c6585a.csv,WARNING,,0.06080674751842107,0.5687292432336369,0
2014-04-16 03:34:00,trace-880962,span-19275,ec2-compute-service,ec2_cpu_utilization_c6585a.csv,WARNING,,0.05593219541557773,0.5637460582737216,0
2014-04-16 03:39:00,trace-768629,span-75942,ec2-compute-service,ec2_cpu_utilization_c6585a.csv,WARNING,,0.06683350483092972,0.5637460582737216,0
2014-02-14 19:57:00,trace-908985,span-34366,ec2-compute-service,ec2_cpu_utilization_fe7f93.csv,WARNING,,51.755804224707646,0.7242390575037667,0
2014-02-14 20:02:00,trace-242867,span-80021,ec2-compute-service,ec2_cpu_utilization_fe7f93.csv,WARNING,,47.37910328364343,0.5460743255223899,0
2014-02-14 20:07:00,trace-785503,span-39425,ec2-compute-service,ec2_cpu_utilization_fe7f93.csv,WARNING,,66.24002678923151,0.5412023074753218,0
2014-02-14 20:12:00,trace-860592,span-15368,ec2-compute-service,ec2_cpu_utilization_fe7f93.csv,WARNING,,12.007896692366861,0.6301556589730817,0
2014-02-14 20:17:00,trace-491180,span-70294,ec2-compute-service,ec2_cpu_utilization_fe7f93.csv,WARNING,,19.550222394974547,0.5297382866686438,0
2014-02-14 20:22:00,trace-733718,span-17566,ec2-compute-service,ec2_cpu_utilization_fe7f93.csv,WARNING,,74.52320793950656,0.751825558208111,0
2014-02-14 20:27:00,trace-124042,span-25086,ec2-compute-service,ec2_cpu_utilization_fe7f93.csv,WARNING,,59.08933623868441,0.5795943817980753,0
2014-02-14 20:32:00,trace-713712,span-61618,ec2-compute-service,ec2_cpu_utilization_fe7f93.csv,WARNING,,23.891385182260645,0.5252670224537526,0
2014-02-14 20:37:00,trace-642307,span-85426,ec2-compute-service,ec2_cpu_utilization_fe7f93.csv,WARNING,,6.7232140185583855,0.4841082985502161,0
2014-02-14 20:42:00,trace-735311,span-20283,ec2-compute-service,ec2_cpu_utilization_fe7f93.csv,WARNING,,5.667621535084034,0.4665885813198185,0
2014-02-14 20:47:00,trace-162780,span-32908,ec2-compute-service,ec2_cpu_utilization_fe7f93.csv,WARNING,,5.174138320389297,0.3905435397914856,0
2014-02-14 22:57:00,trace-999434,span-60225,ec2-compute-service,ec2_cpu_utilization_fe7f93.csv,WARNING,,45.22744155739974,0.738470098429124,0
2014-02-14 23:02:00,trace-793023,span-71381,ec2-compute-service,ec2_cpu_utilization_fe7f93.csv,WARNING,,55.0855610653625,0.5246032789410672,0
2014-02-14 23:07:00,trace-962605,span-49791,ec2-compute-service,ec2_cpu_utilization_fe7f93.csv,WARNING,,45.979672539216864,0.5124204821074061,0
2014-02-14 23:12:00,trace-802461,span-79443,ec2-compute-service,ec2_cpu_utilization_fe7f93.csv,WARNING,,5.493037621994013,0.638678872787638,0
2014-02-14 23:17:00,trace-540015,span-14827,ec2-compute-service,ec2_cpu_utilization_fe7f93.csv,WARNING,,3.491024532383172,0.4302880693091986,0
2014-02-14 23:22:00,trace-244771,span-15313,ec2-compute-service,ec2_cpu_utilization_fe7f93.csv,WARNING,,4.074899761955096,0.4213342046116476,0
2014-02-14 23:27:00,trace-870805,span-38807,ec2-compute-service,ec2_cpu_utilization_fe7f93.csv,WARNING,,3.2491515896568237,0.3738098774477948,0
2014-02-15 21:02:00,trace-276298,span-69550,ec2-compute-service,ec2_cpu_utilization_fe7f93.csv,WARNING,,43.9387016572857,0.6011638041857602,0
2014-02-15 21:07:00,trace-412257,span-62999,ec2-compute-service,ec2_cpu_utilization_fe7f93.csv,WARNING,,50.12036208287755,0.6037903312226423,0
2014-02-15 21:12:00,trace-158219,span-45186,ec2-compute-service,ec2_cpu_utilization_fe7f93.csv,WARNING,,49.85582675537984,0.5104982259822702,0
2014-02-15 21:17:00,trace-875292,span-63218,ec2-compute-service,ec2_cpu_utilization_fe7f93.csv,WARNING,,10.262791007371002,0.5774502322901189,0
2014-02-15 21:22:00,trace-652165,span-68001,ec2-compute-service,ec2_cpu_utilization_fe7f93.csv,WARNING,,2.2898531329637217,0.4323205292547634,0
2014-02-15 21:27:00,trace-968212,span-26806,ec2-compute-service,ec2_cpu_utilization_fe7f93.csv,WARNING,,4.407542694380009,0.4346461114424644,0
2014-02-15 21:32:00,trace-137034,span-50317,ec2-compute-service,ec2_cpu_utilization_fe7f93.csv,WARNING,,2.632389425097694,0.3717480794841672,0
2014-02-17 05:47:00,trace-813156,span-20589,ec2-compute-service,ec2_cpu_utilization_fe7f93.csv,WARNING,,61.16017929938343,0.7472859517578024,0
2014-02-17 05:52:00,trace-888089,span-49531,ec2-compute-service,ec2_cpu_utilization_fe7f93.csv,WARNING,,51.387274484273554,0.5371929434028011,0
2014-02-17 05:57:00,trace-193078,span-93973,ec2-compute-service,ec2_cpu_utilization_fe7f93.csv,WARNING,,44.04727835655903,0.4903221768456407,0
2014-02-17 06:02:00,trace-674887,span-81545,ec2-compute-service,ec2_cpu_utilization_fe7f93.csv,WARNING,,8.457417068742437,0.5891424470398998,0
2014-02-17 06:07:00,trace-609668,span-19417,ec2-compute-service,ec2_cpu_utilization_fe7f93.csv,WARNING,,69.93322857906436,0.8233066902938811,0
2014-02-17 06:12:00,trace-168207,span-82055,ec2-compute-service,ec2_cpu_utilization_fe7f93.csv,ERROR,CPUUtilizationHigh: CPU usage spike detected (53.9%),43.98459414189535,0.6085647295621134,1
2014-02-17 06:17:00,trace-211426,span-13722,ec2-compute-service,ec2_cpu_utilization_fe7f93.csv,WARNING,,69.14718901930071,0.6497641985163107,0
2014-02-17 06:22:00,trace-795391,span-89235,ec2-compute-service,ec2_cpu_utilization_fe7f93.csv,WARNING,,56.78469782031329,0.6528964227570877,0
2014-02-17 06:27:00,trace-143856,span-43576,ec2-compute-service,ec2_cpu_utilization_fe7f93.csv,WARNING,,47.572965492744125,0.7642965864207012,0
2014-02-17 06:32:00,trace-159807,span-59877,ec2-compute-service,ec2_cpu_utilization_fe7f93.csv,WARNING,,50.052422523044676,0.7204919335119351,0
2014-02-17 06:37:00,trace-717762,span-50469,ec2-compute-service,ec2_cpu_utilization_fe7f93.csv,WARNING,,52.707924274559964,0.7489396142007267,0
2014-02-17 06:42:00,trace-839477,span-24191,ec2-compute-service,ec2_cpu_utilization_fe7f93.csv,WARNING,,58.94780056666037,0.7232732013707378,0
2014-02-17 06:47:00,trace-346732,span-37386,ec2-compute-service,ec2_cpu_utilization_fe7f93.csv,WARNING,,61.73354666881121,0.7112568099554525,0
2014-02-17 06:52:00,trace-375848,span-66635,ec2-compute-service,ec2_cpu_utilization_fe7f93.csv,WARNING,,50.19094807084582,0.7145097943666063,0
2014-02-17 06:57:00,trace-865197,span-72993,ec2-compute-service,ec2_cpu_utilization_fe7f93.csv,WARNING,,46.05651452136205,0.7377554067056737,0
2014-02-17 07:02:00,trace-328584,span-35416,ec2-compute-service,ec2_cpu_utilization_fe7f93.csv,WARNING,,30.916964270567494,0.6926181283144133,0
2014-02-17 07:07:00,trace-936690,span-26508,ec2-compute-service,ec2_cpu_utilization_fe7f93.csv,WARNING,,58.71776758784201,0.7244252654670615,0
2014-02-17 07:12:00,trace-475854,span-45699,ec2-compute-service,ec2_cpu_utilization_fe7f93.csv,WARNING,,56.65972113686747,0.703478636331508,0
2014-02-17 07:17:00,trace-964285,span-73768,ec2-compute-service,ec2_cpu_utilization_fe7f93.csv,WARNING,,17.43734105108236,0.6367367188316504,0
2014-02-17 07:22:00,trace-263052,span-99335,ec2-compute-service,ec2_cpu_utilization_fe7f93.csv,WARNING,,18.57715552058189,0.5297522977542867,0
2014-02-17 07:27:00,trace-971448,span-11609,ec2-compute-service,ec2_cpu_utilization_fe7f93.csv,WARNING,,83.89723571210222,0.7745772582772228,0
2014-02-17 07:32:00,trace-715416,span-38141,ec2-compute-service,ec2_cpu_utilization_fe7f93.csv,WARNING,,51.00565944415805,0.5984056480345057,0
2014-02-17 07:37:00,trace-735254,span-16782,ec2-compute-service,ec2_cpu_utilization_fe7f93.csv,WARNING,,20.76283618059323,0.5423858084816173,0
2014-02-17 07:42:00,trace-519149,span-87154,ec2-compute-service,ec2_cpu_utilization_fe7f93.csv,WARNING,,9.298031366258225,0.4906182008596981,0
2014-02-17 07:47:00,trace-861569,span-85874,ec2-compute-service,ec2_cpu_utilization_fe7f93.csv,WARNING,,60.278689662821655,0.8121592844708186,0
2014-02-17 07:52:00,trace-412916,span-82084,ec2-compute-service,ec2_cpu_utilization_fe7f93.csv,WARNING,,63.40155966986809,0.5583577155303359,0
2014-02-17 07:57:00,trace-782886,span-95712,ec2-compute-service,ec2_cpu_utilization_fe7f93.csv,WARNING,,38.634869261046866,0.5348858899459004,0
2014-02-17 08:02:00,trace-105695,span-49169,ec2-compute-service,ec2_cpu_utilization_fe7f93.csv,WARNING,,10.202823385194444,0.550289069314609,0
2014-02-17 08:07:00,trace-932297,span-35553,ec2-compute-service,ec2_cpu_utilization_fe7f93.csv,WARNING,,2.826578015775692,0.4606369753697907,0
2014-02-17 08:12:00,trace-465898,span-34816,ec2-compute-service,ec2_cpu_utilization_fe7f93.csv,WARNING,,2.6801184268233547,0.399579655952487,0
2014-02-17 08:17:00,trace-292994,span-83914,ec2-compute-service,ec2_cpu_utilization_fe7f93.csv,WARNING,,4.751117799941254,0.3564354519854543,0
2014-02-17 11:42:00,trace-409509,span-89211,ec2-compute-service,ec2_cpu_utilization_fe7f93.csv,WARNING,,67.36032590927898,0.821184438585588,0
2014-02-17 11:47:00,trace-403342,span-32831,ec2-compute-service,ec2_cpu_utilization_fe7f93.csv,WARNING,,60.018792410445656,0.5658846186465875,0
2014-02-17 11:52:00,trace-525659,span-52316,ec2-compute-service,ec2_cpu_utilization_fe7f93.csv,WARNING,,28.928428629576093,0.5182802104803002,0
2014-02-17 11:57:00,trace-761237,span-49553,ec2-compute-service,ec2_cpu_utilization_fe7f93.csv,WARNING,,2.597975984117399,0.4995307459816958,0
2014-02-17 12:02:00,trace-760046,span-42766,ec2-compute-service,ec2_cpu_utilization_fe7f93.csv,WARNING,,3.482238846507746,0.500804584036485,0
2014-02-17 12:07:00,trace-655710,span-22205,ec2-compute-service,ec2_cpu_utilization_fe7f93.csv,WARNING,,2.6473816382423894,0.3870876825026825,0
2014-02-17 14:12:00,trace-866843,span-28443,ec2-compute-service,ec2_cpu_utilization_fe7f93.csv,WARNING,,65.7216857259022,0.8495355249329608,0
2014-02-17 14:17:00,trace-128202,span-75552,ec2-compute-service,ec2_cpu_utilization_fe7f93.csv,WARNING,,49.98298480699695,0.57585899534195,0
2014-02-17 14:22:00,trace-837744,span-30855,ec2-compute-service,ec2_cpu_utilization_fe7f93.csv,WARNING,,40.96180795011385,0.4952747993458166,0
2014-02-17 14:27:00,trace-911527,span-48724,ec2-compute-service,ec2_cpu_utilization_fe7f93.csv,WARNING,,3.343865991775524,0.6157097955477489,0
2014-02-17 14:32:00,trace-676291,span-78379,ec2-compute-service,ec2_cpu_utilization_fe7f93.csv,WARNING,,3.941994982933418,0.4714857891646672,0
2014-02-17 14:37:00,trace-456427,span-25972,ec2-compute-service,ec2_cpu_utilization_fe7f93.csv,WARNING,,4.972123856392397,0.4198610107398761,0
2014-02-17 14:42:00,trace-909359,span-76630,ec2-compute-service,ec2_cpu_utilization_fe7f93.csv,WARNING,,4.8000276066160446,0.3694466582889041,0
2014-02-17 23:22:00,trace-545563,span-98860,ec2-compute-service,ec2_cpu_utilization_fe7f93.csv,WARNING,,60.3564093629899,0.8033515956976052,0
2014-02-17 23:27:00,trace-276355,span-91326,ec2-compute-service,ec2_cpu_utilization_fe7f93.csv,WARNING,,52.74217740385195,0.5297976628601733,0
2014-02-17 23:32:00,trace-899180,span-31097,ec2-compute-service,ec2_cpu_utilization_fe7f93.csv,WARNING,,39.62207531727445,0.4669895112925354,0
2014-02-17 23:37:00,trace-122692,span-33862,ec2-compute-service,ec2_cpu_utilization_fe7f93.csv,WARNING,,3.2170648976506206,0.590500965862327,0
2014-02-17 23:42:00,trace-441651,span-90152,ec2-compute-service,ec2_cpu_utilization_fe7f93.csv,WARNING,,3.7960166218578872,0.4329674432057655,0
2014-02-17 23:47:00,trace-103969,span-45733,ec2-compute-service,ec2_cpu_utilization_fe7f93.csv,WARNING,,4.251131157274503,0.4066966921569952,0
2014-02-17 23:52:00,trace-754481,span-49876,ec2-compute-service,ec2_cpu_utilization_fe7f93.csv,WARNING,,10.510980728221679,0.3938026008027244,0
2014-02-18 00:02:00,trace-623293,span-26428,ec2-compute-service,ec2_cpu_utilization_fe7f93.csv,WARNING,,35.515533273652395,0.5654344562645519,0
2014-02-18 00:07:00,trace-601793,span-74140,ec2-compute-service,ec2_cpu_utilization_fe7f93.csv,WARNING,,56.466727132191835,0.6166378330807336,0
2014-02-18 00:12:00,trace-970261,span-16364,ec2-compute-service,ec2_cpu_utilization_fe7f93.csv,WARNING,,50.38544075524969,0.5252724645636551,0
2014-02-18 00:17:00,trace-756051,span-76467,ec2-compute-service,ec2_cpu_utilization_fe7f93.csv,WARNING,,13.128230682114015,0.5755311533313787,0
2014-02-18 00:22:00,trace-328338,span-89762,ec2-compute-service,ec2_cpu_utilization_fe7f93.csv,WARNING,,4.5017785587080095,0.4450908283634271,0
2014-02-18 00:27:00,trace-606995,span-98302,ec2-compute-service,ec2_cpu_utilization_fe7f93.csv,WARNING,,6.268625274274288,0.4381755372446384,0
2014-02-18 00:32:00,trace-838591,span-51347,ec2-compute-service,ec2_cpu_utilization_fe7f93.csv,WARNING,,2.3296264864685545,0.3845134990080813,0
2014-02-18 00:52:00,trace-652452,span-35491,ec2-compute-service,ec2_cpu_utilization_fe7f93.csv,WARNING,,21.117205027765145,0.4179229307321061,0
2014-02-18 00:57:00,trace-628036,span-36553,ec2-compute-service,ec2_cpu_utilization_fe7f93.csv,WARNING,,55.964085178958925,0.7057477730794058,0
2014-02-18 01:02:00,trace-144331,span-49560,ec2-compute-service,ec2_cpu_utilization_fe7f93.csv,WARNING,,45.88741801117584,0.5325979644933805,0
2014-02-18 01:07:00,trace-700198,span-14675,ec2-compute-service,ec2_cpu_utilization_fe7f93.csv,WARNING,,27.648212365785056,0.5015110539148044,0
2014-02-18 01:12:00,trace-602237,span-87986,ec2-compute-service,ec2_cpu_utilization_fe7f93.csv,WARNING,,2.7819693686309708,0.461216446932094,0
2014-02-18 01:17:00,trace-678748,span-56418,ec2-compute-service,ec2_cpu_utilization_fe7f93.csv,WARNING,,3.0257729290399085,0.471781309505301,0
2014-02-18 01:22:00,trace-886719,span-32337,ec2-compute-service,ec2_cpu_utilization_fe7f93.csv,WARNING,,3.6963344987776248,0.3797276980024099,0
2014-02-18 05:57:00,trace-756521,span-48751,ec2-compute-service,ec2_cpu_utilization_fe7f93.csv,WARNING,,17.741975862366083,0.3579124810991687,0
2014-02-18 06:02:00,trace-582605,span-24758,ec2-compute-service,ec2_cpu_utilization_fe7f93.csv,WARNING,,84.76990162350941,0.7884858687450733,0
2014-02-18 06:07:00,trace-627466,span-41831,ec2-compute-service,ec2_cpu_utilization_fe7f93.csv,WARNING,,61.05497718813326,0.563388410769921,0
2014-02-18 06:12:00,trace-264726,span-36627,ec2-compute-service,ec2_cpu_utilization_fe7f93.csv,WARNING,,35.71163140476825,0.5099278247472089,0
2014-02-18 06:17:00,trace-800270,span-68251,ec2-compute-service,ec2_cpu_utilization_fe7f93.csv,WARNING,,5.3370032553673195,0.5111513280168415,0
2014-02-18 06:22:00,trace-189312,span-71386,ec2-compute-service,ec2_cpu_utilization_fe7f93.csv,WARNING,,66.96012628320085,0.7232757588877944,0
2014-02-18 06:27:00,trace-624608,span-31684,ec2-compute-service,ec2_cpu_utilization_fe7f93.csv,WARNING,,56.78065287742437,0.5524439323702801,0
2014-02-18 06:32:00,trace-515105,span-58899,ec2-compute-service,ec2_cpu_utilization_fe7f93.csv,WARNING,,47.14573091617063,0.5830994158964854,0
2014-02-18 06:37:00,trace-734151,span-51777,ec2-compute-service,ec2_cpu_utilization_fe7f93.csv,WARNING,,8.629012892496958,0.656677042839933,0
2014-02-18 06:42:00,trace-991372,span-50130,ec2-compute-service,ec2_cpu_utilization_fe7f93.csv,WARNING,,3.5608726061025258,0.4428675381970843,0
2014-02-18 06:47:00,trace-840122,span-25216,ec2-compute-service,ec2_cpu_utilization_fe7f93.csv,WARNING,,7.590624686115701,0.4306946395599821,0
2014-02-18 06:52:00,trace-976336,span-39327,ec2-compute-service,ec2_cpu_utilization_fe7f93.csv,WARNING,,3.2776338072506124,0.3833408416829267,0
2014-02-18 06:57:00,trace-639317,span-77613,ec2-compute-service,ec2_cpu_utilization_fe7f93.csv,WARNING,,14.789884307462113,0.3688917079658027,0
2014-02-18 09:07:00,trace-464315,span-72559,ec2-compute-service,ec2_cpu_utilization_fe7f93.csv,WARNING,,13.136788354962803,0.3766141026506446,0
2014-02-18 09:47:00,trace-919497,span-43783,ec2-compute-service,ec2_cpu_utilization_fe7f93.csv,WARNING,,16.102273970603516,0.3548401259381016,0
2014-02-18 10:07:00,trace-993481,span-61502,ec2-compute-service,ec2_cpu_utilization_fe7f93.csv,WARNING,,16.461418905842887,0.3713148509638555,0
2014-02-18 10:12:00,trace-591215,span-50469,ec2-compute-service,ec2_cpu_utilization_fe7f93.csv,WARNING,,7.347238468768621,0.3541620099972135,0
2014-02-18 10:22:00,trace-421898,span-39978,ec2-compute-service,ec2_cpu_utilization_fe7f93.csv,WARNING,,31.840831902295395,0.4742614053708465,0
2014-02-18 10:27:00,trace-143169,span-58287,ec2-compute-service,ec2_cpu_utilization_fe7f93.csv,WARNING,,23.627315244768827,0.4041504176557712,0
2014-02-18 10:32:00,trace-738273,span-15543,ec2-compute-service,ec2_cpu_utilization_fe7f93.csv,WARNING,,3.0483875751607648,0.4412224460219107,0
2014-02-18 18:52:00,trace-151033,span-55256,ec2-compute-service,ec2_cpu_utilization_fe7f93.csv,WARNING,,74.24640363297134,0.8303056169958696,0
2014-02-18 18:57:00,trace-602264,span-79345,ec2-compute-service,ec2_cpu_utilization_fe7f93.csv,WARNING,,57.765673529521465,0.545896378538153,0
2014-02-18 19:02:00,trace-303814,span-96593,ec2-compute-service,ec2_cpu_utilization_fe7f93.csv,WARNING,,31.4073003304402,0.4871857161575045,0
2014-02-18 19:07:00,trace-312603,span-58803,ec2-compute-service,ec2_cpu_utilization_fe7f93.csv,WARNING,,3.658626425551985,0.4845338984947991,0
2014-02-18 19:12:00,trace-244282,span-93329,ec2-compute-service,ec2_cpu_utilization_fe7f93.csv,WARNING,,5.63025941004872,0.4594256357351698,0
2014-02-18 19:17:00,trace-869217,span-17452,ec2-compute-service,ec2_cpu_utilization_fe7f93.csv,WARNING,,4.9946424435443,0.3766222553381671,0
2014-02-18 22:57:00,trace-656371,span-77708,ec2-compute-service,ec2_cpu_utilization_fe7f93.csv,WARNING,,35.16471444267659,0.6440139984321774,0
2014-02-18 23:02:00,trace-979508,span-29053,ec2-compute-service,ec2_cpu_utilization_fe7f93.csv,WARNING,,47.7043649684703,0.568839464681429,0
2014-02-18 23:07:00,trace-451889,span-69095,ec2-compute-service,ec2_cpu_utilization_fe7f93.csv,WARNING,,51.90560621272635,0.5370069708111266,0
2014-02-18 23:12:00,trace-236319,span-20553,ec2-compute-service,ec2_cpu_utilization_fe7f93.csv,WARNING,,13.91009330593775,0.5911016083969569,0
2014-02-18 23:17:00,trace-236645,span-89267,ec2-compute-service,ec2_cpu_utilization_fe7f93.csv,WARNING,,5.6740062396451725,0.4512104234239549,0
2014-02-18 23:22:00,trace-536862,span-86623,ec2-compute-service,ec2_cpu_utilization_fe7f93.csv,WARNING,,6.420026333646224,0.4207930892967736,0
2014-02-18 23:27:00,trace-153687,span-78312,ec2-compute-service,ec2_cpu_utilization_fe7f93.csv,WARNING,,3.683386665697934,0.3797128834655298,0
2014-02-19 00:02:00,trace-651852,span-38835,ec2-compute-service,ec2_cpu_utilization_fe7f93.csv,WARNING,,25.62196061961399,0.4667312634261581,0
2014-02-19 00:07:00,trace-704453,span-83922,ec2-compute-service,ec2_cpu_utilization_fe7f93.csv,WARNING,,59.17866677935423,0.6559964643505952,0
2014-02-19 00:12:00,trace-633903,span-15060,ec2-compute-service,ec2_cpu_utilization_fe7f93.csv,WARNING,,56.390433318723026,0.5177733134330398,0
2014-02-19 00:17:00,trace-815879,span-81117,ec2-compute-service,ec2_cpu_utilization_fe7f93.csv,WARNING,,20.22279489408803,0.5153441023712014,0
2014-02-19 00:22:00,trace-178533,span-68255,ec2-compute-service,ec2_cpu_utilization_fe7f93.csv,WARNING,,69.03562569602398,0.6417501076783698,0
2014-02-19 00:27:00,trace-550134,span-94284,ec2-compute-service,ec2_cpu_utilization_fe7f93.csv,WARNING,,52.31411865717534,0.6653025875943648,0
2014-02-19 00:32:00,trace-335295,span-91422,ec2-compute-service,ec2_cpu_utilization_fe7f93.csv,WARNING,,45.993438992624164,0.650597942606089,0
2014-02-19 00:37:00,trace-893070,span-47419,ec2-compute-service,ec2_cpu_utilization_fe7f93.csv,WARNING,,5.924926072564975,0.6795422791323269,0
2014-02-19 00:42:00,trace-798476,span-46634,ec2-compute-service,ec2_cpu_utilization_fe7f93.csv,WARNING,,9.262216948321056,0.4882030686707914,0
2014-02-19 00:47:00,trace-870663,span-66063,ec2-compute-service,ec2_cpu_utilization_fe7f93.csv,WARNING,,3.2601739327670076,0.4377021645744506,0
2014-02-19 00:52:00,trace-334318,span-10864,ec2-compute-service,ec2_cpu_utilization_fe7f93.csv,WARNING,,2.967291097627619,0.3789218537204295,0
2014-02-19 05:22:00,trace-747952,span-30955,ec2-compute-service,ec2_cpu_utilization_fe7f93.csv,WARNING,,64.16614586798627,0.8280413457833484,0
2014-02-19 05:27:00,trace-968277,span-79590,ec2-compute-service,ec2_cpu_utilization_fe7f93.csv,WARNING,,58.61405321330545,0.5519909622727555,0
2014-02-19 05:32:00,trace-603692,span-98314,ec2-compute-service,ec2_cpu_utilization_fe7f93.csv,WARNING,,35.220537050468295,0.4912182914436305,0
2014-02-19 05:37:00,trace-556324,span-58924,ec2-compute-service,ec2_cpu_utilization_fe7f93.csv,WARNING,,2.8423488646989337,0.488526385452689,0
2014-02-19 05:42:00,trace-291896,span-50542,ec2-compute-service,ec2_cpu_utilization_fe7f93.csv,WARNING,,5.155986676670631,0.4704410902900274,0
2014-02-19 05:47:00,trace-966220,span-31316,ec2-compute-service,ec2_cpu_utilization_fe7f93.csv,WARNING,,3.307908246539442,0.3812404171503849,0
2014-02-19 07:07:00,trace-378104,span-40791,ec2-compute-service,ec2_cpu_utilization_fe7f93.csv,WARNING,,36.204351900386705,0.6192090621072596,0
2014-02-19 07:12:00,trace-426571,span-72047,ec2-compute-service,ec2_cpu_utilization_fe7f93.csv,WARNING,,58.217190535275975,0.65226879853662,0
2014-02-19 07:17:00,trace-235150,span-88389,ec2-compute-service,ec2_cpu_utilization_fe7f93.csv,WARNING,,50.38959421203238,0.5151743602805992,0
2014-02-19 07:22:00,trace-673340,span-24389,ec2-compute-service,ec2_cpu_utilization_fe7f93.csv,WARNING,,18.804959652056336,0.5594860253461199,0
2014-02-19 07:27:00,trace-991490,span-60733,ec2-compute-service,ec2_cpu_utilization_fe7f93.csv,WARNING,,3.441455744019623,0.4748582412907626,0
2014-02-19 07:32:00,trace-972318,span-36681,ec2-compute-service,ec2_cpu_utilization_fe7f93.csv,WARNING,,4.721125767490792,0.4534626129881104,0
2014-02-19 07:37:00,trace-911136,span-17493,ec2-compute-service,ec2_cpu_utilization_fe7f93.csv,WARNING,,3.550415957806646,0.3731479405141623,0
2014-02-19 17:47:00,trace-416527,span-12994,ec2-compute-service,ec2_cpu_utilization_fe7f93.csv,WARNING,,40.45100245593507,0.6375419967904765,0
2014-02-19 17:52:00,trace-752962,span-15594,ec2-compute-service,ec2_cpu_utilization_fe7f93.csv,WARNING,,49.01275163601856,0.5735941987167801,0
2014-02-19 17:57:00,trace-671603,span-93564,ec2-compute-service,ec2_cpu_utilization_fe7f93.csv,WARNING,,48.19501410719119,0.5176722225951123,0
2014-02-19 18:02:00,trace-703814,span-26626,ec2-compute-service,ec2_cpu_utilization_fe7f93.csv,WARNING,,11.303814578067987,0.599690542796621,0
2014-02-19 18:07:00,trace-205573,span-17130,ec2-compute-service,ec2_cpu_utilization_fe7f93.csv,WARNING,,3.5830283019804647,0.4291853991305172,0
2014-02-19 18:12:00,trace-600364,span-62664,ec2-compute-service,ec2_cpu_utilization_fe7f93.csv,WARNING,,4.4923221807951235,0.4269638784315786,0
2014-02-19 18:17:00,trace-798419,span-94078,ec2-compute-service,ec2_cpu_utilization_fe7f93.csv,WARNING,,5.443580364411605,0.3774381698236201,0
2014-02-19 18:52:00,trace-554485,span-85986,ec2-compute-service,ec2_cpu_utilization_fe7f93.csv,WARNING,,24.887051140097128,0.5070383324380208,0
2014-02-19 18:57:00,trace-209767,span-50745,ec2-compute-service,ec2_cpu_utilization_fe7f93.csv,WARNING,,66.94913233949525,0.6560937968169201,0
2014-02-19 19:02:00,trace-254226,span-35625,ec2-compute-service,ec2_cpu_utilization_fe7f93.csv,WARNING,,49.243165039445906,0.524108439882008,0
2014-02-19 19:07:00,trace-156396,span-23331,ec2-compute-service,ec2_cpu_utilization_fe7f93.csv,WARNING,,24.69662238081008,0.502620521832308,0
2014-02-19 19:12:00,trace-709007,span-73014,ec2-compute-service,ec2_cpu_utilization_fe7f93.csv,WARNING,,6.722188665567038,0.4667066205039771,0
2014-02-19 19:17:00,trace-285550,span-22254,ec2-compute-service,ec2_cpu_utilization_fe7f93.csv,WARNING,,5.173348123934119,0.4338411452516459,0
2014-02-19 19:22:00,trace-438585,span-56121,ec2-compute-service,ec2_cpu_utilization_fe7f93.csv,WARNING,,5.360384307907378,0.3825770677803658,0
2014-02-19 23:02:00,trace-422341,span-94577,ec2-compute-service,ec2_cpu_utilization_fe7f93.csv,WARNING,,59.03980383383702,0.7543730960158852,0
2014-02-19 23:07:00,trace-535647,span-14837,ec2-compute-service,ec2_cpu_utilization_fe7f93.csv,WARNING,,56.153393644008815,0.5271820277107611,0
2014-02-19 23:12:00,trace-576379,span-81232,ec2-compute-service,ec2_cpu_utilization_fe7f93.csv,WARNING,,62.6557994772404,0.5154858826215155,0
2014-02-19 23:17:00,trace-505831,span-11466,ec2-compute-service,ec2_cpu_utilization_fe7f93.csv,WARNING,,5.651885564205489,0.6357652463443682,0
2014-02-19 23:22:00,trace-446030,span-75911,ec2-compute-service,ec2_cpu_utilization_fe7f93.csv,WARNING,,3.8106958702066946,0.4400979717863414,0
2014-02-19 23:27:00,trace-188422,span-70739,ec2-compute-service,ec2_cpu_utilization_fe7f93.csv,WARNING,,4.437686586917601,0.4192803191895949,0
2014-02-19 23:32:00,trace-435513,span-11893,ec2-compute-service,ec2_cpu_utilization_fe7f93.csv,WARNING,,4.81637937676518,0.3714080156388482,0
2014-02-20 00:52:00,trace-832722,span-97460,ec2-compute-service,ec2_cpu_utilization_fe7f93.csv,WARNING,,22.60697741565697,0.5132835790681406,0
2014-02-20 00:57:00,trace-526583,span-31199,ec2-compute-service,ec2_cpu_utilization_fe7f93.csv,WARNING,,53.934721259966345,0.6512265660610737,0
2014-02-20 01:02:00,trace-829688,span-67724,ec2-compute-service,ec2_cpu_utilization_fe7f93.csv,WARNING,,58.065046659960466,0.5228574778035333,0
2014-02-20 01:07:00,trace-329304,span-25989,ec2-compute-service,ec2_cpu_utilization_fe7f93.csv,WARNING,,21.376073019322714,0.5233508003143625,0
2014-02-20 01:12:00,trace-745424,span-89878,ec2-compute-service,ec2_cpu_utilization_fe7f93.csv,WARNING,,5.787946750198247,0.4514752929154044,0
2014-02-20 01:17:00,trace-831658,span-40133,ec2-compute-service,ec2_cpu_utilization_fe7f93.csv,WARNING,,7.116836446828046,0.438530299877449,0
2014-02-20 01:22:00,trace-469430,span-95489,ec2-compute-service,ec2_cpu_utilization_fe7f93.csv,WARNING,,3.2565243227069174,0.3922758871106168,0
2014-02-20 01:42:00,trace-458766,span-67656,ec2-compute-service,ec2_cpu_utilization_fe7f93.csv,WARNING,,55.76128069758803,0.7543338696705337,0
2014-02-20 01:47:00,trace-207573,span-56546,ec2-compute-service,ec2_cpu_utilization_fe7f93.csv,WARNING,,45.948738577816194,0.5454564690148069,0
2014-02-20 01:52:00,trace-258477,span-46386,ec2-compute-service,ec2_cpu_utilization_fe7f93.csv,WARNING,,52.80904838657193,0.4970622594428509,0
2014-02-20 01:57:00,trace-919472,span-70354,ec2-compute-service,ec2_cpu_utilization_fe7f93.csv,WARNING,,3.259832807264927,0.6397665132390942,0
2014-02-20 02:02:00,trace-659603,span-45932,ec2-compute-service,ec2_cpu_utilization_fe7f93.csv,WARNING,,4.377926329996308,0.4317342883883824,0
2014-02-20 02:07:00,trace-882957,span-24327,ec2-compute-service,ec2_cpu_utilization_fe7f93.csv,WARNING,,4.820284109980572,0.4227375885149367,0
2014-02-20 02:12:00,trace-901125,span-37241,ec2-compute-service,ec2_cpu_utilization_fe7f93.csv,WARNING,,4.514865316875406,0.3748065235487848,0
2014-02-20 06:12:00,trace-696543,span-74757,ec2-compute-service,ec2_cpu_utilization_fe7f93.csv,WARNING,,27.08189474541655,0.4965682774501788,0
2014-02-20 06:17:00,trace-817221,span-21350,ec2-compute-service,ec2_cpu_utilization_fe7f93.csv,WARNING,,66.05979375269803,0.6798163512981319,0
2014-02-20 06:22:00,trace-201894,span-52832,ec2-compute-service,ec2_cpu_utilization_fe7f93.csv,WARNING,,66.82282669981394,0.5605653915638107,0
2014-02-20 06:27:00,trace-379720,span-39001,ec2-compute-service,ec2_cpu_utilization_fe7f93.csv,WARNING,,22.990422238377683,0.5363386530406331,0
2014-02-20 06:32:00,trace-100390,span-97535,ec2-compute-service,ec2_cpu_utilization_fe7f93.csv,WARNING,,4.562445003322721,0.4721469392901311,0
2014-02-20 06:37:00,trace-506245,span-32490,ec2-compute-service,ec2_cpu_utilization_fe7f93.csv,WARNING,,4.797749208019568,0.4587574113563101,0
2014-02-20 06:42:00,trace-594080,span-15867,ec2-compute-service,ec2_cpu_utilization_fe7f93.csv,WARNING,,4.555791019831027,0.3845964412976045,0
2014-02-20 16:02:00,trace-371265,span-11539,ec2-compute-service,ec2_cpu_utilization_fe7f93.csv,WARNING,,27.671780646101254,0.4945573489144168,0
2014-02-20 16:07:00,trace-489546,span-84229,ec2-compute-service,ec2_cpu_utilization_fe7f93.csv,WARNING,,53.34977845175399,0.646517603281751,0
2014-02-20 16:12:00,trace-615584,span-20310,ec2-compute-service,ec2_cpu_utilization_fe7f93.csv,WARNING,,54.5205862249692,0.517654799103473,0
2014-02-20 16:17:00,trace-473192,span-79922,ec2-compute-service,ec2_cpu_utilization_fe7f93.csv,WARNING,,17.074050108884745,0.513303970143788,0
2014-02-20 16:22:00,trace-576055,span-22242,ec2-compute-service,ec2_cpu_utilization_fe7f93.csv,WARNING,,4.343025313393829,0.435169025067776,0
2014-02-20 16:27:00,trace-895379,span-81466,ec2-compute-service,ec2_cpu_utilization_fe7f93.csv,WARNING,,4.242890486533985,0.4311100604823764,0
2014-02-20 16:32:00,trace-355821,span-71816,ec2-compute-service,ec2_cpu_utilization_fe7f93.csv,WARNING,,3.4832800324242132,0.3711836731845501,0
2014-02-20 19:17:00,trace-886939,span-76972,ec2-compute-service,ec2_cpu_utilization_fe7f93.csv,WARNING,,35.766788747585494,0.6251754374473744,0
2014-02-20 19:22:00,trace-436430,span-26122,ec2-compute-service,ec2_cpu_utilization_fe7f93.csv,WARNING,,55.578124222679456,0.570709765884291,0
2014-02-20 19:27:00,trace-710724,span-89376,ec2-compute-service,ec2_cpu_utilization_fe7f93.csv,WARNING,,53.69951963217644,0.5184754499295563,0
2014-02-20 19:32:00,trace-236109,span-38633,ec2-compute-service,ec2_cpu_utilization_fe7f93.csv,WARNING,,9.863854029753366,0.6128618592769214,0
2014-02-20 19:37:00,trace-312456,span-46483,ec2-compute-service,ec2_cpu_utilization_fe7f93.csv,WARNING,,2.390917586975656,0.4290363941619587,0
2014-02-20 19:42:00,trace-396213,span-17370,ec2-compute-service,ec2_cpu_utilization_fe7f93.csv,WARNING,,4.627040802440363,0.4250415639815116,0
2014-02-20 19:47:00,trace-171947,span-49133,ec2-compute-service,ec2_cpu_utilization_fe7f93.csv,WARNING,,2.7524638307112377,0.375687497157312,0
2014-02-20 22:22:00,trace-475897,span-10692,ec2-compute-service,ec2_cpu_utilization_fe7f93.csv,WARNING,,51.37463828190869,0.776970899964635,0
2014-02-20 22:27:00,trace-204700,span-83984,ec2-compute-service,ec2_cpu_utilization_fe7f93.csv,WARNING,,48.212681968502494,0.526364839533475,0
2014-02-20 22:32:00,trace-962041,span-15209,ec2-compute-service,ec2_cpu_utilization_fe7f93.csv,WARNING,,41.56969851100353,0.4845970543085827,0
2014-02-20 22:37:00,trace-710885,span-17211,ec2-compute-service,ec2_cpu_utilization_fe7f93.csv,WARNING,,3.0457382224317966,0.6174838578301869,0
2014-02-20 22:42:00,trace-741621,span-34594,ec2-compute-service,ec2_cpu_utilization_fe7f93.csv,WARNING,,2.4498534200988558,0.4279138812096997,0
2014-02-20 22:47:00,trace-438526,span-17933,ec2-compute-service,ec2_cpu_utilization_fe7f93.csv,WARNING,,2.470884788125988,0.4245369815334776,0
2014-02-20 22:52:00,trace-664984,span-75449,ec2-compute-service,ec2_cpu_utilization_fe7f93.csv,WARNING,,2.4197422580290002,0.3735062543053667,0
2014-02-20 23:57:00,trace-549764,span-36123,ec2-compute-service,ec2_cpu_utilization_fe7f93.csv,WARNING,,44.94251592877756,0.6066651933608985,0
2014-02-21 00:02:00,trace-501562,span-95414,ec2-compute-service,ec2_cpu_utilization_fe7f93.csv,WARNING,,72.0600999547237,0.5970226004929164,0
2014-02-21 00:07:00,trace-935988,span-36140,ec2-compute-service,ec2_cpu_utilization_fe7f93.csv,WARNING,,47.866962857757215,0.5099778807010028,0
2014-02-21 00:12:00,trace-527709,span-54148,ec2-compute-service,ec2_cpu_utilization_fe7f93.csv,WARNING,,12.77898789856518,0.5718897885780017,0
2014-02-21 00:17:00,trace-777555,span-15606,ec2-compute-service,ec2_cpu_utilization_fe7f93.csv,WARNING,,2.2742852023664235,0.4364783496967964,0
2014-02-21 00:22:00,trace-624213,span-28690,ec2-compute-service,ec2_cpu_utilization_fe7f93.csv,WARNING,,3.2541512112895568,0.4321683895128351,0
2014-02-21 00:27:00,trace-542065,span-36347,ec2-compute-service,ec2_cpu_utilization_fe7f93.csv,WARNING,,2.166475712280699,0.3814680409493255,0
2014-02-21 00:57:00,trace-191321,span-59056,ec2-compute-service,ec2_cpu_utilization_fe7f93.csv,WARNING,,73.58585620396099,0.8149270551690753,0
2014-02-21 01:02:00,trace-574718,span-91418,ec2-compute-service,ec2_cpu_utilization_fe7f93.csv,WARNING,,59.215231598379546,0.5357768684485213,0
2014-02-21 01:07:00,trace-571761,span-37843,ec2-compute-service,ec2_cpu_utilization_fe7f93.csv,WARNING,,56.10362031922466,0.5984748704045788,0
2014-02-21 01:12:00,trace-773217,span-29627,ec2-compute-service,ec2_cpu_utilization_fe7f93.csv,WARNING,,75.10810808899747,0.6430128257003994,0
2014-02-21 01:17:00,trace-322633,span-62248,ec2-compute-service,ec2_cpu_utilization_fe7f93.csv,WARNING,,51.969354450081745,0.7474839113422169,0
2014-02-21 01:22:00,trace-799476,span-85318,ec2-compute-service,ec2_cpu_utilization_fe7f93.csv,WARNING,,17.074844318250488,0.6618093396742954,0
2014-02-21 01:27:00,trace-450046,span-38557,ec2-compute-service,ec2_cpu_utilization_fe7f93.csv,WARNING,,2.3326035942915415,0.5133504723459617,0
2014-02-21 01:32:00,trace-468863,span-88002,ec2-compute-service,ec2_cpu_utilization_fe7f93.csv,WARNING,,5.058053680752705,0.4383936781715486,0
2014-02-21 01:37:00,trace-419752,span-82095,ec2-compute-service,ec2_cpu_utilization_fe7f93.csv,WARNING,,2.8768310768088656,0.3838192593922782,0
2014-02-21 03:12:00,trace-720740,span-97593,ec2-compute-service,ec2_cpu_utilization_fe7f93.csv,WARNING,,25.241219763149978,0.5141747590216136,0
2014-02-21 03:17:00,trace-439386,span-87606,ec2-compute-service,ec2_cpu_utilization_fe7f93.csv,WARNING,,61.05814265303349,0.6401190004569285,0
2014-02-21 03:22:00,trace-468582,span-10924,ec2-compute-service,ec2_cpu_utilization_fe7f93.csv,WARNING,,42.29940878818906,0.5153696066208324,0
2014-02-21 03:27:00,trace-695330,span-56418,ec2-compute-service,ec2_cpu_utilization_fe7f93.csv,WARNING,,20.477254308224985,0.5271787891186741,0
2014-02-21 03:32:00,trace-190140,span-90846,ec2-compute-service,ec2_cpu_utilization_fe7f93.csv,WARNING,,3.1051404970313214,0.4413767291949936,0
2014-02-21 03:37:00,trace-498731,span-46133,ec2-compute-service,ec2_cpu_utilization_fe7f93.csv,WARNING,,3.757514340883593,0.4394800995276221,0
2014-02-21 03:42:00,trace-701234,span-95058,ec2-compute-service,ec2_cpu_utilization_fe7f93.csv,WARNING,,2.9908706028258965,0.3721946987418326,0
2014-02-21 06:17:00,trace-251542,span-53129,ec2-compute-service,ec2_cpu_utilization_fe7f93.csv,WARNING,,50.59023592998336,0.7726554603473295,0
2014-02-21 06:22:00,trace-450083,span-52674,ec2-compute-service,ec2_cpu_utilization_fe7f93.csv,WARNING,,43.027381022782244,0.5240514396139773,0
2014-02-21 06:27:00,trace-575692,span-39831,ec2-compute-service,ec2_cpu_utilization_fe7f93.csv,WARNING,,54.720387964135064,0.5188277087878453,0
2014-02-21 06:32:00,trace-531436,span-70610,ec2-compute-service,ec2_cpu_utilization_fe7f93.csv,WARNING,,3.0806470721487065,0.6780201610807886,0
2014-02-21 06:37:00,trace-153051,span-82013,ec2-compute-service,ec2_cpu_utilization_fe7f93.csv,WARNING,,2.6401335902011263,0.4486343983507298,0
2014-02-21 06:42:00,trace-576152,span-16470,ec2-compute-service,ec2_cpu_utilization_fe7f93.csv,WARNING,,2.1785711798763217,0.4392964402184383,0
2014-02-21 06:47:00,trace-617733,span-63473,ec2-compute-service,ec2_cpu_utilization_fe7f93.csv,WARNING,,1.8863309772079118,0.3905299426948664,0
2014-02-21 07:37:00,trace-144439,span-24308,ec2-compute-service,ec2_cpu_utilization_fe7f93.csv,WARNING,,65.552749757605,0.8386431825698306,0
2014-02-21 07:42:00,trace-397225,span-85242,ec2-compute-service,ec2_cpu_utilization_fe7f93.csv,WARNING,,54.922420399546716,0.5490732399917493,0
2014-02-21 07:47:00,trace-859495,span-62151,ec2-compute-service,ec2_cpu_utilization_fe7f93.csv,WARNING,,37.25791315899689,0.4777889638067842,0
2014-02-21 07:52:00,trace-788433,span-36299,ec2-compute-service,ec2_cpu_utilization_fe7f93.csv,WARNING,,2.7245977455964088,0.5471217134325748,0
2014-02-21 07:57:00,trace-130063,span-79453,ec2-compute-service,ec2_cpu_utilization_fe7f93.csv,WARNING,,3.455011705531847,0.4451297325250968,0
2014-02-21 08:02:00,trace-202166,span-24506,ec2-compute-service,ec2_cpu_utilization_fe7f93.csv,WARNING,,4.008105918992717,0.3882106603667383,0
2014-02-21 16:37:00,trace-213604,span-36026,ec2-compute-service,ec2_cpu_utilization_fe7f93.csv,WARNING,,31.413666310588493,0.6073245034030323,0
2014-02-21 16:42:00,trace-414557,span-75066,ec2-compute-service,ec2_cpu_utilization_fe7f93.csv,WARNING,,61.72232036730167,0.596808770986107,0
2014-02-21 16:47:00,trace-520497,span-38091,ec2-compute-service,ec2_cpu_utilization_fe7f93.csv,WARNING,,45.676686061252,0.5093080550571057,0
2014-02-21 16:52:00,trace-494295,span-56751,ec2-compute-service,ec2_cpu_utilization_fe7f93.csv,WARNING,,13.878271937432963,0.5674804766786001,0
2014-02-21 16:57:00,trace-786311,span-90863,ec2-compute-service,ec2_cpu_utilization_fe7f93.csv,WARNING,,2.3996603811681005,0.4381324182950333,0
2014-02-21 17:02:00,trace-815232,span-17235,ec2-compute-service,ec2_cpu_utilization_fe7f93.csv,WARNING,,3.6801398445235787,0.4281788722947981,0
2014-02-21 17:07:00,trace-252545,span-77567,ec2-compute-service,ec2_cpu_utilization_fe7f93.csv,WARNING,,5.1210397914963535,0.3731259583517187,0
2014-02-21 22:42:00,trace-355493,span-89823,ec2-compute-service,ec2_cpu_utilization_fe7f93.csv,WARNING,,30.252668402723504,0.5006500488783822,0
2014-02-21 22:47:00,trace-132230,span-94573,ec2-compute-service,ec2_cpu_utilization_fe7f93.csv,WARNING,,63.95169844586864,0.64264511795878,0
2014-02-21 22:52:00,trace-402788,span-58664,ec2-compute-service,ec2_cpu_utilization_fe7f93.csv,WARNING,,43.206657149305585,0.5163640914614624,0
2014-02-21 22:57:00,trace-518641,span-94817,ec2-compute-service,ec2_cpu_utilization_fe7f93.csv,WARNING,,27.289546846433044,0.4774511914279388,0
2014-02-21 23:02:00,trace-331414,span-79806,ec2-compute-service,ec2_cpu_utilization_fe7f93.csv,WARNING,,82.61371027781826,0.731894767689071,0
2014-02-21 23:07:00,trace-270956,span-79322,ec2-compute-service,ec2_cpu_utilization_fe7f93.csv,WARNING,,61.13163342958605,0.6962973290263548,0
2014-02-21 23:12:00,trace-924628,span-49449,ec2-compute-service,ec2_cpu_utilization_fe7f93.csv,WARNING,,32.76480416329541,0.6349678498249545,0
2014-02-21 23:17:00,trace-342037,span-90428,ec2-compute-service,ec2_cpu_utilization_fe7f93.csv,WARNING,,5.130949821920971,0.5008614590719754,0
2014-02-21 23:22:00,trace-798600,span-55760,ec2-compute-service,ec2_cpu_utilization_fe7f93.csv,WARNING,,2.939800900536873,0.4755348720586794,0
2014-02-21 23:27:00,trace-930326,span-16869,ec2-compute-service,ec2_cpu_utilization_fe7f93.csv,WARNING,,2.1477423444779395,0.3842970152090378,0
2014-02-21 23:37:00,trace-468117,span-54306,ec2-compute-service,ec2_cpu_utilization_fe7f93.csv,WARNING,,62.74683486531587,0.8376030400437247,0
2014-02-21 23:42:00,trace-776278,span-38379,ec2-compute-service,ec2_cpu_utilization_fe7f93.csv,WARNING,,51.441689916112054,0.5509306887813576,0
2014-02-21 23:47:00,trace-314304,span-12962,ec2-compute-service,ec2_cpu_utilization_fe7f93.csv,WARNING,,42.94466384733599,0.4771205424761304,0
2014-02-21 23:52:00,trace-538963,span-62349,ec2-compute-service,ec2_cpu_utilization_fe7f93.csv,WARNING,,47.66778337777679,0.6007926261394295,0
2014-02-21 23:57:00,trace-770105,span-15730,ec2-compute-service,ec2_cpu_utilization_fe7f93.csv,WARNING,,64.41019605952233,0.7806379041530197,0
2014-02-22 00:02:00,trace-302210,span-93111,ec2-compute-service,ec2_cpu_utilization_fe7f93.csv,ERROR,CPUUtilizationHigh: CPU usage spike detected (99.7%),101.60508406066828,0.9258972220626258,1
2014-02-22 00:07:00,trace-751084,span-91533,ec2-compute-service,ec2_cpu_utilization_fe7f93.csv,WARNING,,71.13569252061114,0.8646941236401753,0
2014-02-22 00:12:00,trace-909269,span-24997,ec2-compute-service,ec2_cpu_utilization_fe7f93.csv,WARNING,,24.3500182455814,0.8244630622196112,0
2014-02-22 00:17:00,trace-800399,span-30923,ec2-compute-service,ec2_cpu_utilization_fe7f93.csv,WARNING,,2.934200021552664,0.740773979429719,0
2014-02-22 00:22:00,trace-496103,span-73723,ec2-compute-service,ec2_cpu_utilization_fe7f93.csv,WARNING,,3.1495280957391962,0.6763673380038285,0
2014-02-22 00:27:00,trace-151413,span-12841,ec2-compute-service,ec2_cpu_utilization_fe7f93.csv,WARNING,,45.203339667669425,0.5762807930330395,0
2014-02-22 00:32:00,trace-433720,span-20304,ec2-compute-service,ec2_cpu_utilization_fe7f93.csv,WARNING,,57.68977499014588,0.6046410308130759,0
2014-02-22 00:37:00,trace-510226,span-70758,ec2-compute-service,ec2_cpu_utilization_fe7f93.csv,WARNING,,53.13747801676274,0.5165307353027624,0
2014-02-22 00:42:00,trace-858678,span-11375,ec2-compute-service,ec2_cpu_utilization_fe7f93.csv,WARNING,,27.556211633234945,0.5233095517644414,0
2014-02-22 00:47:00,trace-231562,span-13729,ec2-compute-service,ec2_cpu_utilization_fe7f93.csv,WARNING,,4.6443100705237965,0.5104696375622422,0
2014-02-22 00:52:00,trace-447360,span-93860,ec2-compute-service,ec2_cpu_utilization_fe7f93.csv,WARNING,,3.8519593627887354,0.4132589613292013,0
2014-02-22 00:57:00,trace-121398,span-44650,ec2-compute-service,ec2_cpu_utilization_fe7f93.csv,WARNING,,3.3578228567586885,0.3815239250053793,0
2014-02-24 18:17:00,trace-728177,span-13159,ec2-compute-service,ec2_cpu_utilization_fe7f93.csv,WARNING,,47.052989456821635,0.6349074593570236,0
2014-02-24 18:22:00,trace-325959,span-27065,ec2-compute-service,ec2_cpu_utilization_fe7f93.csv,WARNING,,57.350497013525995,0.5737822740744836,0
2014-02-24 18:27:00,trace-539727,span-94307,ec2-compute-service,ec2_cpu_utilization_fe7f93.csv,WARNING,,56.487457406589314,0.5089834272590047,0
2014-02-24 18:32:00,trace-653608,span-79876,ec2-compute-service,ec2_cpu_utilization_fe7f93.csv,WARNING,,39.6097074864399,0.5393016068386847,0
2014-02-24 18:37:00,trace-533950,span-78116,ec2-compute-service,ec2_cpu_utilization_fe7f93.csv,WARNING,,71.30757665434108,0.7029726424881768,0
2014-02-24 18:42:00,trace-102159,span-58940,ec2-compute-service,ec2_cpu_utilization_fe7f93.csv,WARNING,,53.39629291217007,0.7038065299308093,0
2014-02-24 18:47:00,trace-638966,span-71075,ec2-compute-service,ec2_cpu_utilization_fe7f93.csv,WARNING,,19.608470864687742,0.6362860223641422,0
2014-02-24 18:52:00,trace-762132,span-77163,ec2-compute-service,ec2_cpu_utilization_fe7f93.csv,WARNING,,6.914136103436994,0.4902495332202484,0
2014-02-24 18:57:00,trace-254536,span-61137,ec2-compute-service,ec2_cpu_utilization_fe7f93.csv,WARNING,,6.372136267892099,0.4298659682507578,0
2014-02-24 19:02:00,trace-601233,span-84024,ec2-compute-service,ec2_cpu_utilization_fe7f93.csv,WARNING,,3.9200940740730386,0.3891482473722707,0
2014-02-24 19:27:00,trace-729756,span-94517,ec2-compute-service,ec2_cpu_utilization_fe7f93.csv,WARNING,,33.19659940807308,0.6145746589679053,0
2014-02-24 19:32:00,trace-469738,span-93597,ec2-compute-service,ec2_cpu_utilization_fe7f93.csv,WARNING,,51.19582204808274,0.598660879090607,0
2014-02-24 19:37:00,trace-866722,span-15622,ec2-compute-service,ec2_cpu_utilization_fe7f93.csv,WARNING,,54.746831759168,0.5147296505705433,0
2014-02-24 19:42:00,trace-576384,span-81186,ec2-compute-service,ec2_cpu_utilization_fe7f93.csv,WARNING,,18.178121014967797,0.5511500540568749,0
2014-02-24 19:47:00,trace-421395,span-82572,ec2-compute-service,ec2_cpu_utilization_fe7f93.csv,WARNING,,2.3855212919800994,0.4556955383254982,0
2014-02-24 19:52:00,trace-936642,span-32499,ec2-compute-service,ec2_cpu_utilization_fe7f93.csv,WARNING,,2.9800426883276585,0.4320394104309816,0
2014-02-24 19:57:00,trace-685648,span-14603,ec2-compute-service,ec2_cpu_utilization_fe7f93.csv,WARNING,,3.4015019157442015,0.377289373259529,0
2014-02-24 20:22:00,trace-971905,span-22632,ec2-compute-service,ec2_cpu_utilization_fe7f93.csv,WARNING,,65.6524644572947,0.8175074071767434,0
2014-02-24 20:27:00,trace-165756,span-56994,ec2-compute-service,ec2_cpu_utilization_fe7f93.csv,WARNING,,62.02733272851957,0.5699565443072504,0
2014-02-24 20:32:00,trace-418488,span-63775,ec2-compute-service,ec2_cpu_utilization_fe7f93.csv,WARNING,,34.120318574312236,0.4985102357762634,0
2014-02-24 20:37:00,trace-651752,span-52624,ec2-compute-service,ec2_cpu_utilization_fe7f93.csv,WARNING,,3.6158812014882846,0.5380035811727673,0
2014-02-24 20:42:00,trace-399488,span-93791,ec2-compute-service,ec2_cpu_utilization_fe7f93.csv,WARNING,,4.641778430745803,0.4754735916885811,0
2014-02-24 20:47:00,trace-232534,span-91441,ec2-compute-service,ec2_cpu_utilization_fe7f93.csv,WARNING,,3.800152481690114,0.3885358791075334,0
2014-02-24 23:07:00,trace-337612,span-50581,ec2-compute-service,ec2_cpu_utilization_fe7f93.csv,WARNING,,40.537399951704266,0.6172277194992879,0
2014-02-24 23:12:00,trace-900607,span-16191,ec2-compute-service,ec2_cpu_utilization_fe7f93.csv,WARNING,,52.24190238743392,0.5942666842301862,0
2014-02-24 23:17:00,trace-835518,span-76537,ec2-compute-service,ec2_cpu_utilization_fe7f93.csv,WARNING,,57.8822795481636,0.5089367587029805,0
2014-02-24 23:22:00,trace-339608,span-33283,ec2-compute-service,ec2_cpu_utilization_fe7f93.csv,WARNING,,14.638277121841329,0.5628427994762978,0
2014-02-24 23:27:00,trace-979191,span-69123,ec2-compute-service,ec2_cpu_utilization_fe7f93.csv,WARNING,,2.371705294726514,0.4421542146439904,0
2014-02-24 23:32:00,trace-542846,span-40734,ec2-compute-service,ec2_cpu_utilization_fe7f93.csv,WARNING,,3.760713281337183,0.4276822958865964,0
2014-02-24 23:37:00,trace-953159,span-56216,ec2-compute-service,ec2_cpu_utilization_fe7f93.csv,WARNING,,2.5687589675536997,0.3719034526122857,0
2014-02-25 00:27:00,trace-652144,span-83870,ec2-compute-service,ec2_cpu_utilization_fe7f93.csv,WARNING,,57.30959986326007,0.831306248141652,0
2014-02-25 00:32:00,trace-894419,span-72532,ec2-compute-service,ec2_cpu_utilization_fe7f93.csv,WARNING,,52.27793870634469,0.5470306100747683,0
2014-02-25 00:37:00,trace-690611,span-48990,ec2-compute-service,ec2_cpu_utilization_fe7f93.csv,WARNING,,40.38853578254674,0.47443159004142,0
2014-02-25 00:42:00,trace-578977,span-46444,ec2-compute-service,ec2_cpu_utilization_fe7f93.csv,WARNING,,29.59181493491551,0.5004338603774472,0
2014-02-25 00:47:00,trace-629321,span-83324,ec2-compute-service,ec2_cpu_utilization_fe7f93.csv,WARNING,,71.36387501901541,0.6974341806434596,0
2014-02-25 00:52:00,trace-580350,span-10066,ec2-compute-service,ec2_cpu_utilization_fe7f93.csv,WARNING,,43.845130687514136,0.6353284493601862,0
2014-02-25 00:57:00,trace-631821,span-90639,ec2-compute-service,ec2_cpu_utilization_fe7f93.csv,WARNING,,22.425765453169152,0.5714949780639472,0
2014-02-25 01:02:00,trace-477972,span-69658,ec2-compute-service,ec2_cpu_utilization_fe7f93.csv,WARNING,,4.071785782922438,0.4370002836887652,0
2014-02-25 01:07:00,trace-898204,span-99385,ec2-compute-service,ec2_cpu_utilization_fe7f93.csv,WARNING,,2.6875650521881016,0.4573856491712846,0
2014-02-25 01:12:00,trace-350231,span-22940,ec2-compute-service,ec2_cpu_utilization_fe7f93.csv,WARNING,,4.440322717069898,0.378731499135877,0
2014-02-25 01:32:00,trace-326377,span-66827,ec2-compute-service,ec2_cpu_utilization_fe7f93.csv,WARNING,,63.911519068008715,0.738963057844584,0
2014-02-25 01:37:00,trace-132966,span-37777,ec2-compute-service,ec2_cpu_utilization_fe7f93.csv,WARNING,,57.91336707551662,0.5398852851013082,0
2014-02-25 01:42:00,trace-346331,span-27174,ec2-compute-service,ec2_cpu_utilization_fe7f93.csv,WARNING,,51.392817293652115,0.4914444924549715,0
2014-02-25 01:47:00,trace-290271,span-23798,ec2-compute-service,ec2_cpu_utilization_fe7f93.csv,WARNING,,3.945741542303952,0.6122700433218635,0
2014-02-25 01:52:00,trace-947516,span-54237,ec2-compute-service,ec2_cpu_utilization_fe7f93.csv,WARNING,,2.47460249298098,0.435180672468107,0
2014-02-25 01:57:00,trace-348004,span-96006,ec2-compute-service,ec2_cpu_utilization_fe7f93.csv,WARNING,,2.068758518286765,0.4266618424548707,0
2014-02-25 02:02:00,trace-231870,span-17601,ec2-compute-service,ec2_cpu_utilization_fe7f93.csv,WARNING,,2.747698616865242,0.3762122341504024,0
2014-02-25 02:37:00,trace-197462,span-55264,ec2-compute-service,ec2_cpu_utilization_fe7f93.csv,WARNING,,36.043731032984006,0.6290588951192311,0
2014-02-25 02:42:00,trace-622904,span-13084,ec2-compute-service,ec2_cpu_utilization_fe7f93.csv,WARNING,,61.734148487183006,0.6228796172629297,0
2014-02-25 02:47:00,trace-887163,span-11129,ec2-compute-service,ec2_cpu_utilization_fe7f93.csv,WARNING,,60.10312015702308,0.5345254596046072,0
2014-02-25 02:52:00,trace-177506,span-54130,ec2-compute-service,ec2_cpu_utilization_fe7f93.csv,WARNING,,14.5162498384368,0.5875629660227055,0
2014-02-25 02:57:00,trace-954901,span-25187,ec2-compute-service,ec2_cpu_utilization_fe7f93.csv,WARNING,,3.6522336936758864,0.4600393596571994,0
2014-02-25 03:02:00,trace-301682,span-49867,ec2-compute-service,ec2_cpu_utilization_fe7f93.csv,WARNING,,7.914835559618804,0.455932974300726,0
2014-02-25 03:07:00,trace-723982,span-29773,ec2-compute-service,ec2_cpu_utilization_fe7f93.csv,WARNING,,6.528713063222238,0.3994788098997363,0
2014-02-25 23:32:00,trace-413559,span-78968,ec2-compute-service,ec2_cpu_utilization_fe7f93.csv,WARNING,,23.61888968390967,0.4938682863923807,0
2014-02-25 23:37:00,trace-350072,span-11515,ec2-compute-service,ec2_cpu_utilization_fe7f93.csv,WARNING,,74.45509653289686,0.6438011578407534,0
2014-02-25 23:42:00,trace-859990,span-24605,ec2-compute-service,ec2_cpu_utilization_fe7f93.csv,WARNING,,45.63302357544564,0.514244163542197,0
2014-02-25 23:47:00,trace-869565,span-41186,ec2-compute-service,ec2_cpu_utilization_fe7f93.csv,WARNING,,21.697098767658062,0.518031022368356,0
2014-02-25 23:52:00,trace-838447,span-97029,ec2-compute-service,ec2_cpu_utilization_fe7f93.csv,WARNING,,2.4278964743258373,0.442210617338194,0
2014-02-25 23:57:00,trace-120039,span-46561,ec2-compute-service,ec2_cpu_utilization_fe7f93.csv,WARNING,,5.595879820092337,0.4409539671318054,0
2014-02-26 00:02:00,trace-319730,span-11577,ec2-compute-service,ec2_cpu_utilization_fe7f93.csv,WARNING,,3.1813860472229267,0.3845479406353316,0
2014-02-26 01:32:00,trace-872268,span-43798,ec2-compute-service,ec2_cpu_utilization_fe7f93.csv,WARNING,,80.02303830910321,0.8233104237052606,0
2014-02-26 01:37:00,trace-110785,span-82227,ec2-compute-service,ec2_cpu_utilization_fe7f93.csv,WARNING,,44.740560888258806,0.5491835619833034,0
2014-02-26 01:42:00,trace-689719,span-27297,ec2-compute-service,ec2_cpu_utilization_fe7f93.csv,WARNING,,34.23767176518786,0.4882975399662372,0
2014-02-26 01:47:00,trace-819132,span-29581,ec2-compute-service,ec2_cpu_utilization_fe7f93.csv,WARNING,,2.4416691643857242,0.487608086926941,0
2014-02-26 01:52:00,trace-490992,span-74173,ec2-compute-service,ec2_cpu_utilization_fe7f93.csv,WARNING,,4.144263707905091,0.4706398083213968,0
2014-02-26 01:57:00,trace-410809,span-54414,ec2-compute-service,ec2_cpu_utilization_fe7f93.csv,WARNING,,2.4303140524003837,0.3827970413499149,0
2014-02-26 04:12:00,trace-324737,span-23386,ec2-compute-service,ec2_cpu_utilization_fe7f93.csv,WARNING,,66.76947325481126,0.775018325882891,0
2014-02-26 04:17:00,trace-499437,span-33474,ec2-compute-service,ec2_cpu_utilization_fe7f93.csv,WARNING,,62.33551293544571,0.5311985083081792,0
2014-02-26 04:22:00,trace-999092,span-31045,ec2-compute-service,ec2_cpu_utilization_fe7f93.csv,WARNING,,55.14397200758165,0.5094825499149832,0
2014-02-26 04:27:00,trace-598909,span-14922,ec2-compute-service,ec2_cpu_utilization_fe7f93.csv,WARNING,,31.455555359153216,0.5329529552591501,0
2014-02-26 04:32:00,trace-929203,span-62335,ec2-compute-service,ec2_cpu_utilization_fe7f93.csv,WARNING,,48.18644069581328,0.6671525402452698,0
2014-02-26 04:37:00,trace-563930,span-25240,ec2-compute-service,ec2_cpu_utilization_fe7f93.csv,WARNING,,19.744766060033186,0.5990202373865057,0
2014-02-26 04:42:00,trace-889148,span-26574,ec2-compute-service,ec2_cpu_utilization_fe7f93.csv,WARNING,,2.818148818413661,0.4301019582338017,0
2014-02-26 04:47:00,trace-566933,span-54066,ec2-compute-service,ec2_cpu_utilization_fe7f93.csv,WARNING,,5.208252616909161,0.3826720176361192,0
2014-02-26 04:52:00,trace-775573,span-81916,ec2-compute-service,ec2_cpu_utilization_fe7f93.csv,WARNING,,2.3526440171662637,0.3746299116191937,0
2014-02-26 06:07:00,trace-872378,span-60906,ec2-compute-service,ec2_cpu_utilization_fe7f93.csv,WARNING,,38.0949784629335,0.6410429830491016,0
2014-02-26 06:12:00,trace-174694,span-30651,ec2-compute-service,ec2_cpu_utilization_fe7f93.csv,WARNING,,50.25660788758483,0.5713965950266934,0
2014-02-26 06:17:00,trace-170474,span-48185,ec2-compute-service,ec2_cpu_utilization_fe7f93.csv,WARNING,,56.569480800767096,0.5405674851788427,0
2014-02-26 06:22:00,trace-880862,span-81139,ec2-compute-service,ec2_cpu_utilization_fe7f93.csv,WARNING,,11.247579005298695,0.6206257953161233,0
2014-02-26 06:27:00,trace-154970,span-26766,ec2-compute-service,ec2_cpu_utilization_fe7f93.csv,WARNING,,2.699157206533811,0.435891943728559,0
2014-02-26 06:32:00,trace-504911,span-27796,ec2-compute-service,ec2_cpu_utilization_fe7f93.csv,WARNING,,71.39000378930749,0.7782968070806993,0
2014-02-26 06:37:00,trace-597666,span-43139,ec2-compute-service,ec2_cpu_utilization_fe7f93.csv,WARNING,,62.946680576954854,0.5292311793183029,0
2014-02-26 06:42:00,trace-633090,span-83843,ec2-compute-service,ec2_cpu_utilization_fe7f93.csv,WARNING,,48.77538791119657,0.4973856571966747,0
2014-02-26 06:47:00,trace-396303,span-21516,ec2-compute-service,ec2_cpu_utilization_fe7f93.csv,WARNING,,2.9689469989001047,0.6507575049887568,0
2014-02-26 06:52:00,trace-738046,span-40480,ec2-compute-service,ec2_cpu_utilization_fe7f93.csv,WARNING,,2.5862810679596446,0.4413549082473257,0
2014-02-26 06:57:00,trace-472339,span-57766,ec2-compute-service,ec2_cpu_utilization_fe7f93.csv,WARNING,,2.858582135187628,0.4295229663020487,0
2014-02-26 07:02:00,trace-738453,span-80990,ec2-compute-service,ec2_cpu_utilization_fe7f93.csv,WARNING,,2.471845289244852,0.3766042325548805,0
2014-02-26 17:37:00,trace-901818,span-47425,ec2-compute-service,ec2_cpu_utilization_fe7f93.csv,WARNING,,49.539336705505264,0.6831122861513931,0
2014-02-26 17:42:00,trace-320935,span-63634,ec2-compute-service,ec2_cpu_utilization_fe7f93.csv,WARNING,,63.895761376655905,0.5974984784042379,0
2014-02-26 17:47:00,trace-973420,span-97527,ec2-compute-service,ec2_cpu_utilization_fe7f93.csv,WARNING,,49.91286272084541,0.5109060071757928,0
2014-02-26 17:52:00,trace-503359,span-25581,ec2-compute-service,ec2_cpu_utilization_fe7f93.csv,WARNING,,15.05835416217818,0.5721845131290249,0
2014-02-26 17:57:00,trace-450988,span-51984,ec2-compute-service,ec2_cpu_utilization_fe7f93.csv,WARNING,,2.6055684989494785,0.4491335437018927,0
2014-02-26 18:02:00,trace-202478,span-72699,ec2-compute-service,ec2_cpu_utilization_fe7f93.csv,WARNING,,4.515239702572564,0.4309287497907548,0
2014-02-26 18:07:00,trace-254721,span-52065,ec2-compute-service,ec2_cpu_utilization_fe7f93.csv,WARNING,,3.1631016889178847,0.3718533505877873,0
2014-02-26 19:07:00,trace-236668,span-26374,ec2-compute-service,ec2_cpu_utilization_fe7f93.csv,WARNING,,44.494040427742426,0.6566682344520849,0
2014-02-26 19:12:00,trace-913820,span-31029,ec2-compute-service,ec2_cpu_utilization_fe7f93.csv,WARNING,,46.42042295717925,0.5603941151541532,0
2014-02-26 19:17:00,trace-214010,span-24645,ec2-compute-service,ec2_cpu_utilization_fe7f93.csv,WARNING,,55.74826759437589,0.54341097306019,0
2014-02-26 19:22:00,trace-506884,span-25960,ec2-compute-service,ec2_cpu_utilization_fe7f93.csv,WARNING,,9.733662034636334,0.6443946692040552,0
2014-02-26 19:27:00,trace-557820,span-61796,ec2-compute-service,ec2_cpu_utilization_fe7f93.csv,WARNING,,3.087636401497646,0.4310971218701089,0
2014-02-26 19:32:00,trace-769986,span-38132,ec2-compute-service,ec2_cpu_utilization_fe7f93.csv,WARNING,,5.3291506714782635,0.4332284042351946,0
2014-02-26 19:37:00,trace-381209,span-19130,ec2-compute-service,ec2_cpu_utilization_fe7f93.csv,WARNING,,3.309489729368521,0.3829887693587674,0
2014-02-26 22:37:00,trace-338009,span-61702,ec2-compute-service,ec2_cpu_utilization_fe7f93.csv,WARNING,,73.65318461736953,0.8476881101109796,0
2014-02-26 22:42:00,trace-870644,span-16054,ec2-compute-service,ec2_cpu_utilization_fe7f93.csv,WARNING,,49.0108778919741,0.5498896423956602,0
2014-02-26 22:47:00,trace-541733,span-86368,ec2-compute-service,ec2_cpu_utilization_fe7f93.csv,WARNING,,45.19724482498872,0.4807939515056166,0
2014-02-26 22:52:00,trace-974820,span-99156,ec2-compute-service,ec2_cpu_utilization_fe7f93.csv,WARNING,,3.303886112560775,0.5563257826198337,0
2014-02-26 22:57:00,trace-298159,span-57922,ec2-compute-service,ec2_cpu_utilization_fe7f93.csv,WARNING,,2.643208154188302,0.4498853542098751,0
2014-02-26 23:02:00,trace-703623,span-36312,ec2-compute-service,ec2_cpu_utilization_fe7f93.csv,WARNING,,3.606758197730243,0.3896313209813508,0
2014-02-26 23:57:00,trace-755032,span-67608,ec2-compute-service,ec2_cpu_utilization_fe7f93.csv,WARNING,,67.6926656468138,0.8248221033517229,0
2014-02-27 00:02:00,trace-271349,span-41551,ec2-compute-service,ec2_cpu_utilization_fe7f93.csv,WARNING,,48.01510925998822,0.5398276092580081,0
2014-02-27 00:07:00,trace-987457,span-55212,ec2-compute-service,ec2_cpu_utilization_fe7f93.csv,WARNING,,34.30917895393854,0.4681163518012695,0
2014-02-27 00:12:00,trace-753841,span-36950,ec2-compute-service,ec2_cpu_utilization_fe7f93.csv,WARNING,,5.440553667773816,0.5441636576943016,0
2014-02-27 00:17:00,trace-597760,span-10215,ec2-compute-service,ec2_cpu_utilization_fe7f93.csv,WARNING,,3.3914000545577143,0.4364410294465258,0
2014-02-27 00:22:00,trace-955121,span-33834,ec2-compute-service,ec2_cpu_utilization_fe7f93.csv,WARNING,,3.7503235205335166,0.3902093752273491,0
2014-02-27 01:17:00,trace-372544,span-20345,ec2-compute-service,ec2_cpu_utilization_fe7f93.csv,WARNING,,35.848180006140865,0.6306331518289501,0
2014-02-27 01:22:00,trace-915331,span-38229,ec2-compute-service,ec2_cpu_utilization_fe7f93.csv,WARNING,,47.62796305398175,0.5674810685176168,0
2014-02-27 01:27:00,trace-613622,span-81537,ec2-compute-service,ec2_cpu_utilization_fe7f93.csv,WARNING,,45.848981790215454,0.5166524722303585,0
2014-02-27 01:32:00,trace-699095,span-87239,ec2-compute-service,ec2_cpu_utilization_fe7f93.csv,WARNING,,9.853244674130856,0.6179412632783641,0
2014-02-27 01:37:00,trace-873068,span-81792,ec2-compute-service,ec2_cpu_utilization_fe7f93.csv,WARNING,,4.112094163732165,0.4240715133014545,0
2014-02-27 01:42:00,trace-313286,span-47052,ec2-compute-service,ec2_cpu_utilization_fe7f93.csv,WARNING,,25.747274504685137,0.4569957562509313,0
2014-02-27 01:47:00,trace-604910,span-98721,ec2-compute-service,ec2_cpu_utilization_fe7f93.csv,WARNING,,75.20248328466062,0.6472869996436812,0
2014-02-27 01:52:00,trace-723090,span-73261,ec2-compute-service,ec2_cpu_utilization_fe7f93.csv,WARNING,,58.43231479204502,0.5152782971840719,0
2014-02-27 01:57:00,trace-272857,span-46547,ec2-compute-service,ec2_cpu_utilization_fe7f93.csv,WARNING,,25.268853472397687,0.5092314143204013,0
2014-02-27 02:02:00,trace-434071,span-75681,ec2-compute-service,ec2_cpu_utilization_fe7f93.csv,WARNING,,4.136253505173714,0.4440463869828327,0
2014-02-27 02:07:00,trace-850887,span-47333,ec2-compute-service,ec2_cpu_utilization_fe7f93.csv,WARNING,,6.036912313247485,0.4413295664998791,0
2014-02-27 02:12:00,trace-219875,span-49405,ec2-compute-service,ec2_cpu_utilization_fe7f93.csv,WARNING,,3.3389103519445853,0.3777373645862192,0
2014-02-27 16:07:00,trace-655889,span-77946,ec2-compute-service,ec2_cpu_utilization_fe7f93.csv,WARNING,,41.728689417244254,0.6668622580899128,0
2014-02-27 16:12:00,trace-617965,span-72894,ec2-compute-service,ec2_cpu_utilization_fe7f93.csv,WARNING,,75.76733406760714,0.7799980409812131,0
2014-02-27 16:17:00,trace-681042,span-95119,ec2-compute-service,ec2_cpu_utilization_fe7f93.csv,WARNING,,49.651421295958805,0.607649048632511,0
2014-02-27 16:22:00,trace-293946,span-87733,ec2-compute-service,ec2_cpu_utilization_fe7f93.csv,WARNING,,13.224150246087913,0.5584781001306447,0
2014-02-27 16:27:00,trace-952208,span-80167,ec2-compute-service,ec2_cpu_utilization_fe7f93.csv,WARNING,,4.163668853836363,0.5298394064606171,0
2014-02-27 16:32:00,trace-554598,span-42574,ec2-compute-service,ec2_cpu_utilization_fe7f93.csv,WARNING,,4.307553950101347,0.5350643842638341,0
2014-02-27 16:37:00,trace-304603,span-35186,ec2-compute-service,ec2_cpu_utilization_fe7f93.csv,WARNING,,3.853079967248766,0.3534778002299782,0
2014-02-27 19:17:00,trace-834172,span-95525,ec2-compute-service,ec2_cpu_utilization_fe7f93.csv,WARNING,,57.97304314583044,0.6766833917362274,0
2014-02-27 19:22:00,trace-118557,span-38060,ec2-compute-service,ec2_cpu_utilization_fe7f93.csv,WARNING,,83.76474429594555,0.7541486968517632,0
2014-02-27 19:27:00,trace-856265,span-94577,ec2-compute-service,ec2_cpu_utilization_fe7f93.csv,WARNING,,43.67462156167784,0.6100433191371879,0
2014-02-27 19:32:00,trace-823055,span-37025,ec2-compute-service,ec2_cpu_utilization_fe7f93.csv,WARNING,,3.4685328590170763,0.5679556685708741,0
2014-02-27 19:37:00,trace-854981,span-37094,ec2-compute-service,ec2_cpu_utilization_fe7f93.csv,WARNING,,3.7520076714970485,0.507241583324036,0
2014-02-27 19:42:00,trace-969485,span-33991,ec2-compute-service,ec2_cpu_utilization_fe7f93.csv,WARNING,,3.3263786492730985,0.5288307611883927,0
2014-02-27 21:17:00,trace-705751,span-44678,ec2-compute-service,ec2_cpu_utilization_fe7f93.csv,WARNING,,37.91489926875226,0.6528021773233725,0
2014-02-27 21:22:00,trace-126081,span-34354,ec2-compute-service,ec2_cpu_utilization_fe7f93.csv,WARNING,,88.04354947355334,0.7873809437005457,0
2014-02-27 21:27:00,trace-164384,span-70892,ec2-compute-service,ec2_cpu_utilization_fe7f93.csv,WARNING,,35.2409531969237,0.6237587776019892,0
2014-02-27 21:32:00,trace-106464,span-26562,ec2-compute-service,ec2_cpu_utilization_fe7f93.csv,WARNING,,3.7643202356650005,0.6106683336586406,0
2014-02-27 21:37:00,trace-475572,span-84219,ec2-compute-service,ec2_cpu_utilization_fe7f93.csv,WARNING,,4.261340125496133,0.5338223846891571,0
2014-02-27 21:42:00,trace-895701,span-73143,ec2-compute-service,ec2_cpu_utilization_fe7f93.csv,WARNING,,3.4370069728963233,0.5536174963905447,0
2014-02-27 21:47:00,trace-443003,span-22352,ec2-compute-service,ec2_cpu_utilization_fe7f93.csv,WARNING,,6.126669193648982,0.3584460139062932,0
2014-02-27 22:52:00,trace-204127,span-42016,ec2-compute-service,ec2_cpu_utilization_fe7f93.csv,WARNING,,36.021271633445075,0.5565025474065887,0
2014-02-27 22:57:00,trace-133302,span-95382,ec2-compute-service,ec2_cpu_utilization_fe7f93.csv,WARNING,,72.91732790361411,0.8234322600877895,0
2014-02-27 23:02:00,trace-119782,span-77691,ec2-compute-service,ec2_cpu_utilization_fe7f93.csv,WARNING,,41.36074565791356,0.6259908879420226,0
2014-02-27 23:07:00,trace-532941,span-19196,ec2-compute-service,ec2_cpu_utilization_fe7f93.csv,WARNING,,3.783361315744906,0.6440855787425979,0
2014-02-27 23:12:00,trace-622829,span-88863,ec2-compute-service,ec2_cpu_utilization_fe7f93.csv,WARNING,,5.302936795017287,0.5517038913935579,0
2014-02-27 23:17:00,trace-463154,span-42769,ec2-compute-service,ec2_cpu_utilization_fe7f93.csv,WARNING,,3.048465580877858,0.5755478139071737,0
2014-02-27 23:22:00,trace-124700,span-90356,ec2-compute-service,ec2_cpu_utilization_fe7f93.csv,WARNING,,4.235676469028832,0.3546017065590137,0
2014-02-28 01:27:00,trace-891701,span-53880,ec2-compute-service,ec2_cpu_utilization_fe7f93.csv,WARNING,,45.60901230451741,0.640196786057017,0
2014-02-28 01:32:00,trace-149589,span-86276,ec2-compute-service,ec2_cpu_utilization_fe7f93.csv,WARNING,,75.96801481356508,0.7811403573893836,0
2014-02-28 01:37:00,trace-786290,span-67233,ec2-compute-service,ec2_cpu_utilization_fe7f93.csv,WARNING,,37.43067252300505,0.6104373915361982,0
2014-02-28 01:42:00,trace-832256,span-80934,ec2-compute-service,ec2_cpu_utilization_fe7f93.csv,WARNING,,4.591473834829967,0.6104745988969127,0
2014-02-28 01:47:00,trace-876652,span-92987,ec2-compute-service,ec2_cpu_utilization_fe7f93.csv,WARNING,,5.304921913258709,0.5269232169341946,0
2014-02-28 01:52:00,trace-484096,span-49886,ec2-compute-service,ec2_cpu_utilization_fe7f93.csv,WARNING,,4.32799316174332,0.5505223467103209,0
2014-02-28 04:32:00,trace-714966,span-35279,ec2-compute-service,ec2_cpu_utilization_fe7f93.csv,WARNING,,14.049065266052315,0.394948413654979,0
2014-02-28 05:12:00,trace-725732,span-89737,ec2-compute-service,ec2_cpu_utilization_fe7f93.csv,WARNING,,76.7577313792703,0.9999999990105954,0
2014-02-28 05:17:00,trace-342262,span-18997,ec2-compute-service,ec2_cpu_utilization_fe7f93.csv,WARNING,,53.533023020375495,0.6531010305033753,0
2014-02-28 05:22:00,trace-478189,span-50860,ec2-compute-service,ec2_cpu_utilization_fe7f93.csv,WARNING,,11.962207105266762,0.678973608391784,0
2014-02-28 05:27:00,trace-737506,span-73656,ec2-compute-service,ec2_cpu_utilization_fe7f93.csv,WARNING,,4.66331613605226,0.6045769671989929,0
2014-02-28 05:32:00,trace-581862,span-86290,ec2-compute-service,ec2_cpu_utilization_fe7f93.csv,WARNING,,9.90887923877403,0.6122904243478925,0
2014-02-28 05:37:00,trace-221118,span-53601,ec2-compute-service,ec2_cpu_utilization_fe7f93.csv,WARNING,,4.096041442775032,0.3970599344515566,0
2014-03-03 17:19:00,trace-149768,span-58128,ec2-storage-service,ec2_disk_write_bytes_1ef3de.csv,WARNING,,147903569.80431497,0.453609306441874,0
2014-03-03 17:24:00,trace-183123,span-45333,ec2-storage-service,ec2_disk_write_bytes_1ef3de.csv,WARNING,,48034586.42187256,0.3524611342762621,0
2014-03-03 18:49:00,trace-397542,span-45929,ec2-storage-service,ec2_disk_write_bytes_1ef3de.csv,WARNING,,148732904.18749896,0.4355714465370681,0
2014-03-03 18:54:00,trace-851331,span-65421,ec2-storage-service,ec2_disk_write_bytes_1ef3de.csv,WARNING,,27505830.207773503,0.3623389963013664,0
2014-03-03 19:54:00,trace-765673,span-95998,ec2-storage-service,ec2_disk_write_bytes_1ef3de.csv,WARNING,,157378312.45246732,0.4913617966694606,0
2014-03-03 19:59:00,trace-509291,span-28984,ec2-storage-service,ec2_disk_write_bytes_1ef3de.csv,WARNING,,1337641.5281426043,0.4330081425522591,0
2014-03-03 20:34:00,trace-243933,span-92203,ec2-storage-service,ec2_disk_write_bytes_1ef3de.csv,WARNING,,113076750.0978062,0.4332585679036231,0
2014-03-03 21:54:00,trace-300173,span-30977,ec2-storage-service,ec2_disk_write_bytes_1ef3de.csv,WARNING,,146236431.3624758,0.4441233449255911,0
2014-03-03 21:59:00,trace-317726,span-98177,ec2-storage-service,ec2_disk_write_bytes_1ef3de.csv,WARNING,,35560437.21594122,0.365115985721059,0
2014-03-03 23:34:00,trace-770990,span-30056,ec2-storage-service,ec2_disk_write_bytes_1ef3de.csv,WARNING,,153631167.23809278,0.4351031741839559,0
2014-03-03 23:39:00,trace-968117,span-58639,ec2-storage-service,ec2_disk_write_bytes_1ef3de.csv,WARNING,,32832237.476788405,0.3622236962387946,0
2014-03-04 00:14:00,trace-887424,span-82394,ec2-storage-service,ec2_disk_write_bytes_1ef3de.csv,WARNING,,136832578.10380444,0.4821140471710738,0
2014-03-04 00:19:00,trace-931588,span-61375,ec2-storage-service,ec2_disk_write_bytes_1ef3de.csv,WARNING,,26979905.370589506,0.3930080940690581,0
2014-03-04 00:59:00,trace-480069,span-14136,ec2-storage-service,ec2_disk_write_bytes_1ef3de.csv,WARNING,,119011719.15976334,0.450629743702525,0
2014-03-04 01:04:00,trace-918599,span-25479,ec2-storage-service,ec2_disk_write_bytes_1ef3de.csv,WARNING,,51293621.04821654,0.3532688981258446,0
2014-03-04 17:09:00,trace-760183,span-80456,ec2-storage-service,ec2_disk_write_bytes_1ef3de.csv,WARNING,,116421341.36059083,0.4535396328446179,0
2014-03-04 17:14:00,trace-913051,span-85069,ec2-storage-service,ec2_disk_write_bytes_1ef3de.csv,WARNING,,54328629.64305995,0.3564763715319728,0
2014-03-04 21:09:00,trace-381411,span-25696,ec2-storage-service,ec2_disk_write_bytes_1ef3de.csv,WARNING,,139028795.31805676,0.4790003231506731,0
2014-03-04 21:14:00,trace-516561,span-61567,ec2-storage-service,ec2_disk_write_bytes_1ef3de.csv,WARNING,,31864350.237946276,0.3906633921377583,0
2014-03-04 22:14:00,trace-512601,span-93658,ec2-storage-service,ec2_disk_write_bytes_1ef3de.csv,WARNING,,136138134.95607358,0.4526570259349496,0
2014-03-04 22:19:00,trace-820785,span-88518,ec2-storage-service,ec2_disk_write_bytes_1ef3de.csv,WARNING,,28142235.504813284,0.3729152351410427,0
2014-03-04 22:59:00,trace-714985,span-67196,ec2-storage-service,ec2_disk_write_bytes_1ef3de.csv,WARNING,,221349680.76121882,0.5325275729170148,0
2014-03-04 23:04:00,trace-572617,span-10495,ec2-storage-service,ec2_disk_write_bytes_1ef3de.csv,WARNING,,800145.9795411461,0.470847540467845,0
2014-03-05 18:39:00,trace-133324,span-88929,ec2-storage-service,ec2_disk_write_bytes_1ef3de.csv,WARNING,,125912288.68129183,0.4349845179628568,0
2014-03-05 18:44:00,trace-529069,span-42924,ec2-storage-service,ec2_disk_write_bytes_1ef3de.csv,WARNING,,29236041.953799468,0.3609428969854737,0
2014-03-05 19:24:00,trace-779249,span-64675,ec2-storage-service,ec2_disk_write_bytes_1ef3de.csv,WARNING,,188100268.3504498,0.5113269683653997,0
2014-03-05 19:29:00,trace-563406,span-32634,ec2-storage-service,ec2_disk_write_bytes_1ef3de.csv,WARNING,,1101390.9721085797,0.4482016529967178,0
2014-03-05 20:14:00,trace-439148,span-66398,ec2-storage-service,ec2_disk_write_bytes_1ef3de.csv,WARNING,,148116525.10391963,0.4441039303148446,0
2014-03-05 20:19:00,trace-213627,span-92916,ec2-storage-service,ec2_disk_write_bytes_1ef3de.csv,WARNING,,35451305.86285229,0.3652010965082505,0
2014-03-05 21:09:00,trace-938489,span-89795,ec2-storage-service,ec2_disk_write_bytes_1ef3de.csv,WARNING,,143626552.43102708,0.4536350526030559,0
2014-03-05 21:14:00,trace-142137,span-10153,ec2-storage-service,ec2_disk_write_bytes_1ef3de.csv,WARNING,,46199161.26165498,0.3527766631576653,0
2014-03-05 23:04:00,trace-221169,span-48367,ec2-storage-service,ec2_disk_write_bytes_1ef3de.csv,WARNING,,147502999.44934487,0.4442692037529624,0
2014-03-05 23:09:00,trace-475233,span-73456,ec2-storage-service,ec2_disk_write_bytes_1ef3de.csv,WARNING,,36042322.66428517,0.364745281741521,0
2014-03-05 23:29:00,trace-563120,span-40699,ec2-storage-service,ec2_disk_write_bytes_1ef3de.csv,WARNING,,163130716.5094433,0.4455519310350782,0
2014-03-05 23:34:00,trace-268112,span-67986,ec2-storage-service,ec2_disk_write_bytes_1ef3de.csv,WARNING,,29666831.246568687,0.3666702186988436,0
2014-03-05 23:59:00,trace-456918,span-29810,ec2-storage-service,ec2_disk_write_bytes_1ef3de.csv,WARNING,,229624687.30994081,0.5322193389740058,0
2014-03-06 00:04:00,trace-205315,span-67204,ec2-storage-service,ec2_disk_write_bytes_1ef3de.csv,WARNING,,1103028.4681170818,0.4694864222457254,0
2014-03-06 00:54:00,trace-568013,span-94269,ec2-storage-service,ec2_disk_write_bytes_1ef3de.csv,WARNING,,149154006.8216293,0.4406803890620294,0
2014-03-06 00:59:00,trace-325687,span-43980,ec2-storage-service,ec2_disk_write_bytes_1ef3de.csv,WARNING,,33937127.026854865,0.3646555188466718,0
2014-03-06 03:19:00,trace-764704,span-25896,ec2-storage-service,ec2_disk_write_bytes_1ef3de.csv,WARNING,,137951283.26322788,0.4363522714329589,0
2014-03-06 03:24:00,trace-839791,span-75679,ec2-storage-service,ec2_disk_write_bytes_1ef3de.csv,WARNING,,30328280.76685517,0.361162151742635,0
2014-03-06 08:44:00,trace-889660,span-14582,ec2-storage-service,ec2_disk_write_bytes_1ef3de.csv,WARNING,,167091198.38989252,0.5018013330334492,0
2014-03-06 08:49:00,trace-399155,span-89183,ec2-storage-service,ec2_disk_write_bytes_1ef3de.csv,WARNING,,28543153.82555759,0.412350411277102,0
2014-03-06 09:54:00,trace-666605,span-57914,ec2-storage-service,ec2_disk_write_bytes_1ef3de.csv,WARNING,,126839892.4875569,0.446608409178797,0
2014-03-06 09:59:00,trace-800614,span-50096,ec2-storage-service,ec2_disk_write_bytes_1ef3de.csv,WARNING,,33447929.31908066,0.3705399263309131,0
2014-03-06 17:29:00,trace-870348,span-92643,ec2-storage-service,ec2_disk_write_bytes_1ef3de.csv,WARNING,,128254149.2316133,0.4538256199318043,0
2014-03-06 17:34:00,trace-558819,span-38412,ec2-storage-service,ec2_disk_write_bytes_1ef3de.csv,WARNING,,46797492.065664686,0.3556194839849892,0
2014-03-06 19:09:00,trace-593057,span-59549,ec2-storage-service,ec2_disk_write_bytes_1ef3de.csv,WARNING,,160681328.03252158,0.4508267578054819,0
2014-03-06 19:14:00,trace-564432,span-35739,ec2-storage-service,ec2_disk_write_bytes_1ef3de.csv,WARNING,,59577707.49374453,0.3533700250013707,0
2014-03-07 10:14:00,trace-115116,span-30045,ec2-storage-service,ec2_disk_write_bytes_1ef3de.csv,WARNING,,165727492.49423507,0.5158743085292095,0
2014-03-07 10:19:00,trace-930049,span-70139,ec2-storage-service,ec2_disk_write_bytes_1ef3de.csv,WARNING,,22845602.540291183,0.4198864261863411,0
2014-03-07 17:44:00,trace-827963,span-52919,ec2-storage-service,ec2_disk_write_bytes_1ef3de.csv,WARNING,,144867757.8570795,0.5022132716123591,0
2014-03-07 17:49:00,trace-319222,span-68446,ec2-storage-service,ec2_disk_write_bytes_1ef3de.csv,WARNING,,1480446.465087327,0.4428068012195442,0
2014-03-07 18:44:00,trace-892879,span-15499,ec2-storage-service,ec2_disk_write_bytes_1ef3de.csv,WARNING,,155778773.9800739,0.4349586343092957,0
2014-03-07 18:49:00,trace-232371,span-14994,ec2-storage-service,ec2_disk_write_bytes_1ef3de.csv,WARNING,,31021436.646987375,0.3680880994415825,0
2014-03-07 20:14:00,trace-882119,span-17489,ec2-storage-service,ec2_disk_write_bytes_1ef3de.csv,WARNING,,169249657.30649352,0.4441173630945917,0
2014-03-07 20:19:00,trace-435949,span-78367,ec2-storage-service,ec2_disk_write_bytes_1ef3de.csv,WARNING,,28676255.803441692,0.3650382586165329,0
2014-03-07 21:04:00,trace-963787,span-97173,ec2-storage-service,ec2_disk_write_bytes_1ef3de.csv,WARNING,,182064791.85579455,0.5117596152088632,0
2014-03-07 21:09:00,trace-930819,span-13089,ec2-storage-service,ec2_disk_write_bytes_1ef3de.csv,WARNING,,24825698.956344128,0.4187235183365007,0
2014-03-07 21:59:00,trace-407322,span-91268,ec2-storage-service,ec2_disk_write_bytes_1ef3de.csv,WARNING,,159292614.0576313,0.4820782264250817,0
2014-03-07 22:04:00,trace-301798,span-80111,ec2-storage-service,ec2_disk_write_bytes_1ef3de.csv,WARNING,,34550071.464570455,0.3936992400973161,0
2014-03-07 22:49:00,trace-789925,span-99242,ec2-storage-service,ec2_disk_write_bytes_1ef3de.csv,WARNING,,170567670.1519705,0.4615214841290913,0
2014-03-07 22:54:00,trace-253956,span-27199,ec2-storage-service,ec2_disk_write_bytes_1ef3de.csv,WARNING,,41597011.90605999,0.3631350376760245,0
2014-03-07 23:44:00,trace-996068,span-59294,ec2-storage-service,ec2_disk_write_bytes_1ef3de.csv,WARNING,,187139599.4084983,0.5326764528925447,0
2014-03-07 23:49:00,trace-622820,span-10534,ec2-storage-service,ec2_disk_write_bytes_1ef3de.csv,WARNING,,988846.9339254032,0.4709534143552523,0
2014-03-08 01:29:00,trace-398254,span-68754,ec2-storage-service,ec2_disk_write_bytes_1ef3de.csv,WARNING,,125611818.07150503,0.4349498166151769,0
2014-03-08 01:34:00,trace-426160,span-56233,ec2-storage-service,ec2_disk_write_bytes_1ef3de.csv,WARNING,,24959509.621470157,0.3618806999912421,0
2014-03-08 02:19:00,trace-297780,span-68232,ec2-storage-service,ec2_disk_write_bytes_1ef3de.csv,WARNING,,197082932.6589959,0.5326540649262996,0
2014-03-08 02:24:00,trace-206311,span-44409,ec2-storage-service,ec2_disk_write_bytes_1ef3de.csv,WARNING,,933324.3301385138,0.4707635399837561,0
2014-03-08 03:14:00,trace-501954,span-34054,ec2-storage-service,ec2_disk_write_bytes_1ef3de.csv,WARNING,,155379846.15706348,0.4349964235328885,0
2014-03-08 03:19:00,trace-100363,span-20358,ec2-storage-service,ec2_disk_write_bytes_1ef3de.csv,WARNING,,28023876.076912697,0.3611928849456341,0
2014-03-08 04:14:00,trace-496456,span-82201,ec2-storage-service,ec2_disk_write_bytes_1ef3de.csv,WARNING,,158099836.1787762,0.4537938825989324,0
2014-03-08 04:19:00,trace-998704,span-53965,ec2-storage-service,ec2_disk_write_bytes_1ef3de.csv,WARNING,,54628281.73014971,0.3563022198835485,0
2014-03-08 22:49:00,trace-513440,span-40825,ec2-storage-service,ec2_disk_write_bytes_1ef3de.csv,WARNING,,184250125.40564308,0.4948643539775677,0
2014-03-08 22:54:00,trace-795416,span-13203,ec2-storage-service,ec2_disk_write_bytes_1ef3de.csv,WARNING,,26233479.572459385,0.4048876048464066,0
2014-03-10 12:59:00,trace-460466,span-78619,ec2-storage-service,ec2_disk_write_bytes_1ef3de.csv,WARNING,,159690108.40008253,0.4376395681819662,0
2014-03-10 13:04:00,trace-805377,span-43541,ec2-storage-service,ec2_disk_write_bytes_1ef3de.csv,WARNING,,27184070.9290727,0.3636528195250928,0
2014-03-10 15:39:00,trace-880594,span-74952,ec2-storage-service,ec2_disk_write_bytes_1ef3de.csv,WARNING,,169220873.36447695,0.4854712635648939,0
2014-03-10 15:44:00,trace-270824,span-12567,ec2-storage-service,ec2_disk_write_bytes_1ef3de.csv,WARNING,,28248979.702409595,0.3898847522329286,0
2014-03-10 16:44:00,trace-700699,span-76275,ec2-storage-service,ec2_disk_write_bytes_1ef3de.csv,WARNING,,132027400.76843843,0.4469170865519773,0
2014-03-10 16:49:00,trace-764687,span-80663,ec2-storage-service,ec2_disk_write_bytes_1ef3de.csv,WARNING,,33672019.63823886,0.3707201360358966,0
2014-03-10 17:34:00,trace-338441,span-20492,ec2-storage-service,ec2_disk_write_bytes_1ef3de.csv,WARNING,,204625873.4634186,0.5326059307988726,0
2014-03-10 17:39:00,trace-949649,span-99044,ec2-storage-service,ec2_disk_write_bytes_1ef3de.csv,WARNING,,996392.0921951332,0.4707122410191822,0
2014-03-10 18:54:00,trace-642955,span-85057,ec2-storage-service,ec2_disk_write_bytes_1ef3de.csv,WARNING,,99325835.24576068,0.4265482856332938,0
2014-03-10 19:04:00,trace-504499,span-40935,ec2-storage-service,ec2_disk_write_bytes_1ef3de.csv,WARNING,,149571073.24480987,0.4733572630809062,0
2014-03-10 19:09:00,trace-262696,span-23440,ec2-storage-service,ec2_disk_write_bytes_1ef3de.csv,WARNING,,166336167.05167416,0.486015184239624,0
2014-03-10 19:14:00,trace-494485,span-17868,ec2-storage-service,ec2_disk_write_bytes_1ef3de.csv,WARNING,,19654615.445998676,0.4775063668815661,0
2014-03-10 19:19:00,trace-708811,span-48729,ec2-storage-service,ec2_disk_write_bytes_1ef3de.csv,WARNING,,155340967.2998968,0.5037123694774545,0
2014-03-10 19:24:00,trace-272409,span-50325,ec2-storage-service,ec2_disk_write_bytes_1ef3de.csv,WARNING,,62855918.43291233,0.4948907475891295,0
2014-03-10 19:29:00,trace-894865,span-19111,ec2-storage-service,ec2_disk_write_bytes_1ef3de.csv,WARNING,,18423922.42594414,0.4038306244434667,0
2014-03-10 19:34:00,trace-738071,span-90583,ec2-storage-service,ec2_disk_write_bytes_1ef3de.csv,WARNING,,70171857.51091188,0.3909794094732409,0
2014-03-10 19:39:00,trace-771813,span-95844,ec2-storage-service,ec2_disk_write_bytes_1ef3de.csv,WARNING,,127876090.13664903,0.4679000902122951,0
2014-03-10 19:44:00,trace-339654,span-44775,ec2-storage-service,ec2_disk_write_bytes_1ef3de.csv,WARNING,,192523629.97744372,0.5289873956428188,0
2014-03-10 19:49:00,trace-277169,span-34503,ec2-storage-service,ec2_disk_write_bytes_1ef3de.csv,WARNING,,0.0,0.4792734028574263,0
2014-03-10 19:54:00,trace-231827,span-49263,ec2-storage-service,ec2_disk_write_bytes_1ef3de.csv,WARNING,,0.0,0.4026122895368459,0
2014-03-10 19:59:00,trace-675770,span-64857,ec2-storage-service,ec2_disk_write_bytes_1ef3de.csv,WARNING,,0.0,0.3681782316010306,0
2014-03-10 20:44:00,trace-926547,span-24249,ec2-storage-service,ec2_disk_write_bytes_1ef3de.csv,WARNING,,120906770.39921984,0.4587671953146971,0
2014-03-10 20:49:00,trace-734649,span-34600,ec2-storage-service,ec2_disk_write_bytes_1ef3de.csv,WARNING,,132959263.18381757,0.4674079834959033,0
2014-03-10 20:54:00,trace-461185,span-51139,ec2-storage-service,ec2_disk_write_bytes_1ef3de.csv,WARNING,,30195.133226802333,0.4233193866657346,0
2014-03-10 20:59:00,trace-403446,span-97838,ec2-storage-service,ec2_disk_write_bytes_1ef3de.csv,WARNING,,19929100.179597445,0.3713241426193368,0
2014-03-10 21:04:00,trace-768903,span-32785,ec2-storage-service,ec2_disk_write_bytes_1ef3de.csv,WARNING,,83030.74940249762,0.3642884217461197,0
2014-03-10 21:09:00,trace-451136,span-61428,ec2-storage-service,ec2_disk_write_bytes_1ef3de.csv,ERROR,DiskWriteAnomaly: Unusual disk write pattern (427032000 bytes),348444879.5703055,0.8460914643619363,1
2014-03-10 21:14:00,trace-546242,span-96450,ec2-storage-service,ec2_disk_write_bytes_1ef3de.csv,WARNING,,52189859.98436908,0.6766395603744356,0
2014-03-10 21:19:00,trace-556437,span-47265,ec2-storage-service,ec2_disk_write_bytes_1ef3de.csv,WARNING,,42693204.65889802,0.5140500074047776,0
2014-03-10 21:24:00,trace-544503,span-16727,ec2-storage-service,ec2_disk_write_bytes_1ef3de.csv,WARNING,,365612112.91147476,0.8628609692082663,0
2014-03-10 21:29:00,trace-525643,span-26692,ec2-storage-service,ec2_disk_write_bytes_1ef3de.csv,WARNING,,30605425.525389023,0.7419430498339472,0
2014-03-10 21:34:00,trace-534352,span-62409,ec2-storage-service,ec2_disk_write_bytes_1ef3de.csv,WARNING,,2543835.499368948,0.5145519352258311,0
2014-03-10 21:39:00,trace-211776,span-91731,ec2-storage-service,ec2_disk_write_bytes_1ef3de.csv,WARNING,,3733.1684534254923,0.4929617424882923,0
2014-03-10 21:44:00,trace-597873,span-31341,ec2-storage-service,ec2_disk_write_bytes_1ef3de.csv,WARNING,,96783.58558587452,0.5047009710503624,0
2014-03-10 22:19:00,trace-994230,span-56330,ec2-storage-service,ec2_disk_write_bytes_1ef3de.csv,WARNING,,409820670.6898173,0.8665007162608664,0
2014-03-10 22:24:00,trace-823776,span-96807,ec2-storage-service,ec2_disk_write_bytes_1ef3de.csv,WARNING,,34311382.48568749,0.7103392936762054,0
2014-03-10 22:29:00,trace-178840,span-44695,ec2-storage-service,ec2_disk_write_bytes_1ef3de.csv,WARNING,,2942845.9515676866,0.5165407400468341,0
2014-03-10 22:34:00,trace-982799,span-59156,ec2-storage-service,ec2_disk_write_bytes_1ef3de.csv,WARNING,,18441.693140152795,0.5040447027785369,0
2014-03-10 22:39:00,trace-783189,span-90908,ec2-storage-service,ec2_disk_write_bytes_1ef3de.csv,WARNING,,0.0,0.5116235398096374,0
2014-03-11 00:39:00,trace-547746,span-78199,ec2-storage-service,ec2_disk_write_bytes_1ef3de.csv,WARNING,,438024514.8737095,0.8391572565855627,0
2014-03-11 00:44:00,trace-502681,span-13326,ec2-storage-service,ec2_disk_write_bytes_1ef3de.csv,WARNING,,30551572.294040754,0.6868161849758714,0
2014-03-11 00:49:00,trace-782954,span-14763,ec2-storage-service,ec2_disk_write_bytes_1ef3de.csv,WARNING,,2561245.3567610383,0.5045037187975698,0
2014-03-11 00:54:00,trace-409732,span-21221,ec2-storage-service,ec2_disk_write_bytes_1ef3de.csv,WARNING,,0.0,0.4880953849056047,0
2014-03-11 00:59:00,trace-327966,span-47860,ec2-storage-service,ec2_disk_write_bytes_1ef3de.csv,WARNING,,0.0,0.4990957470726007,0
2014-03-11 01:29:00,trace-623225,span-62311,ec2-storage-service,ec2_disk_write_bytes_1ef3de.csv,WARNING,,114284613.49929598,0.4245643901164438,0
2014-03-11 01:34:00,trace-353078,span-97227,ec2-storage-service,ec2_disk_write_bytes_1ef3de.csv,WARNING,,400248750.60374546,0.7474908462832868,0
2014-03-11 01:39:00,trace-930222,span-78580,ec2-storage-service,ec2_disk_write_bytes_1ef3de.csv,WARNING,,36874966.4533822,0.6197850799281526,0
2014-03-11 01:44:00,trace-361578,span-87129,ec2-storage-service,ec2_disk_write_bytes_1ef3de.csv,WARNING,,2798755.7103946735,0.4982664706406927,0
2014-03-11 01:49:00,trace-383816,span-15812,ec2-storage-service,ec2_disk_write_bytes_1ef3de.csv,WARNING,,0.0,0.4755083996483176,0
2014-03-11 01:54:00,trace-100654,span-64633,ec2-storage-service,ec2_disk_write_bytes_1ef3de.csv,WARNING,,0.0,0.4560170425872002,0
2014-03-11 20:49:00,trace-429478,span-39087,ec2-storage-service,ec2_disk_write_bytes_1ef3de.csv,WARNING,,416618531.9790562,0.8718836726254922,0
2014-03-11 20:54:00,trace-988559,span-58867,ec2-storage-service,ec2_disk_write_bytes_1ef3de.csv,WARNING,,38521073.18051448,0.714703367460358,0
2014-03-11 20:59:00,trace-258272,span-98074,ec2-storage-service,ec2_disk_write_bytes_1ef3de.csv,WARNING,,4942384.226950221,0.5215206939106564,0
2014-03-11 21:04:00,trace-602716,span-96436,ec2-storage-service,ec2_disk_write_bytes_1ef3de.csv,WARNING,,32391.77812198149,0.5080775548386978,0
2014-03-11 21:09:00,trace-450036,span-98559,ec2-storage-service,ec2_disk_write_bytes_1ef3de.csv,WARNING,,0.0,0.5136770229284775,0
2014-03-12 06:39:00,trace-969360,span-30698,ec2-storage-service,ec2_disk_write_bytes_1ef3de.csv,WARNING,,162987951.19614217,0.4507483999236241,0
2014-03-12 06:44:00,trace-938092,span-63910,ec2-storage-service,ec2_disk_write_bytes_1ef3de.csv,WARNING,,397270596.872498,0.7187138992409559,0
2014-03-12 06:49:00,trace-395901,span-88012,ec2-storage-service,ec2_disk_write_bytes_1ef3de.csv,WARNING,,42973716.61329721,0.5987062088424344,0
2014-03-12 06:54:00,trace-156116,span-23161,ec2-storage-service,ec2_disk_write_bytes_1ef3de.csv,WARNING,,2139253.347316246,0.4996799924011255,0
2014-03-12 06:59:00,trace-206379,span-30836,ec2-storage-service,ec2_disk_write_bytes_1ef3de.csv,WARNING,,0.0,0.476528422463776,0
2014-03-12 07:04:00,trace-286720,span-36331,ec2-storage-service,ec2_disk_write_bytes_1ef3de.csv,WARNING,,0.0,0.4440828161015379,0
2014-03-12 17:09:00,trace-955876,span-29187,ec2-storage-service,ec2_disk_write_bytes_1ef3de.csv,WARNING,,137068680.9133369,0.4522831075038336,0
2014-03-12 17:14:00,trace-706306,span-37105,ec2-storage-service,ec2_disk_write_bytes_1ef3de.csv,WARNING,,394178861.9661424,0.7177088049112192,0
2014-03-12 17:19:00,trace-970220,span-94585,ec2-storage-service,ec2_disk_write_bytes_1ef3de.csv,WARNING,,35810679.60502785,0.5982405151649937,0
2014-03-12 17:24:00,trace-420057,span-12637,ec2-storage-service,ec2_disk_write_bytes_1ef3de.csv,WARNING,,2256923.723353277,0.4993884429038737,0
2014-03-12 17:29:00,trace-862277,span-92464,ec2-storage-service,ec2_disk_write_bytes_1ef3de.csv,WARNING,,0.0,0.4753644345841814,0
2014-03-12 17:34:00,trace-213768,span-95092,ec2-storage-service,ec2_disk_write_bytes_1ef3de.csv,WARNING,,0.0,0.4433265356925419,0
2014-03-12 20:09:00,trace-729112,span-98741,ec2-storage-service,ec2_disk_write_bytes_1ef3de.csv,WARNING,,417402262.48723966,0.868678489892716,0
2014-03-12 20:14:00,trace-960380,span-79202,ec2-storage-service,ec2_disk_write_bytes_1ef3de.csv,WARNING,,31931176.968587942,0.7128998376346956,0
2014-03-12 20:19:00,trace-610473,span-81051,ec2-storage-service,ec2_disk_write_bytes_1ef3de.csv,WARNING,,4611290.364014689,0.5177952508514895,0
2014-03-12 20:24:00,trace-377342,span-79521,ec2-storage-service,ec2_disk_write_bytes_1ef3de.csv,WARNING,,23476.547595504555,0.504600312156934,0
2014-03-12 20:29:00,trace-915907,span-29403,ec2-storage-service,ec2_disk_write_bytes_1ef3de.csv,WARNING,,1467.360565438673,0.5119611622204082,0
2014-03-12 21:04:00,trace-979554,span-52292,ec2-storage-service,ec2_disk_write_bytes_1ef3de.csv,WARNING,,393057415.9802467,0.8691576285020639,0
2014-03-12 21:09:00,trace-857666,span-15629,ec2-storage-service,ec2_disk_write_bytes_1ef3de.csv,WARNING,,32644433.142375927,0.7115932349230663,0
2014-03-12 21:14:00,trace-308886,span-18417,ec2-storage-service,ec2_disk_write_bytes_1ef3de.csv,WARNING,,4214096.653490966,0.5183132802213452,0
2014-03-12 21:19:00,trace-960931,span-66574,ec2-storage-service,ec2_disk_write_bytes_1ef3de.csv,WARNING,,26434.2488794042,0.5050915317824882,0
2014-03-12 21:24:00,trace-883566,span-37675,ec2-storage-service,ec2_disk_write_bytes_1ef3de.csv,WARNING,,1163901.9797371728,0.5152677399519026,0
2014-03-12 22:34:00,trace-565483,span-50563,ec2-storage-service,ec2_disk_write_bytes_1ef3de.csv,WARNING,,335831090.7602222,0.7699161733960995,0
2014-03-12 22:39:00,trace-905609,span-99254,ec2-storage-service,ec2_disk_write_bytes_1ef3de.csv,WARNING,,110235263.99817757,0.574801905180059,0
2014-03-12 22:44:00,trace-419248,span-94335,ec2-storage-service,ec2_disk_write_bytes_1ef3de.csv,WARNING,,42328380.685716815,0.5095590090260795,0
2014-03-12 22:49:00,trace-498167,span-38333,ec2-storage-service,ec2_disk_write_bytes_1ef3de.csv,WARNING,,44421.65776044868,0.4980823588185659,0
2014-03-12 22:54:00,trace-665158,span-81101,ec2-storage-service,ec2_disk_write_bytes_1ef3de.csv,WARNING,,0.0,0.4688472828499342,0
2014-03-12 23:29:00,trace-723765,span-84160,ec2-storage-service,ec2_disk_write_bytes_1ef3de.csv,WARNING,,395497599.7027073,0.8453311961290642,0
2014-03-12 23:34:00,trace-494051,span-28646,ec2-storage-service,ec2_disk_write_bytes_1ef3de.csv,WARNING,,29345735.040706515,0.6907339660550832,0
2014-03-12 23:39:00,trace-399479,span-79351,ec2-storage-service,ec2_disk_write_bytes_1ef3de.csv,WARNING,,3024339.1749820686,0.5067093807462021,0
2014-03-12 23:44:00,trace-404094,span-70654,ec2-storage-service,ec2_disk_write_bytes_1ef3de.csv,WARNING,,0.0,0.4926072134063469,0
2014-03-12 23:49:00,trace-219975,span-78143,ec2-storage-service,ec2_disk_write_bytes_1ef3de.csv,WARNING,,0.0,0.5030452851284745,0
2014-03-13 00:19:00,trace-726614,span-87527,ec2-storage-service,ec2_disk_write_bytes_1ef3de.csv,WARNING,,261252258.20953324,0.6377629576730129,0
2014-03-13 00:24:00,trace-532601,span-45919,ec2-storage-service,ec2_disk_write_bytes_1ef3de.csv,WARNING,,217876036.92220002,0.5678609966374183,0
2014-03-13 00:29:00,trace-433260,span-82590,ec2-storage-service,ec2_disk_write_bytes_1ef3de.csv,WARNING,,35707497.940168165,0.519534228637138,0
2014-03-13 00:34:00,trace-771183,span-56015,ec2-storage-service,ec2_disk_write_bytes_1ef3de.csv,WARNING,,2504942.5467255125,0.4986521813664106,0
2014-03-13 00:39:00,trace-623165,span-13491,ec2-storage-service,ec2_disk_write_bytes_1ef3de.csv,WARNING,,0.0,0.4736394673645981,0
2014-03-13 02:29:00,trace-771088,span-16997,ec2-storage-service,ec2_disk_write_bytes_1ef3de.csv,WARNING,,170895225.2697301,0.4611263365248653,0
2014-03-13 02:34:00,trace-491670,span-48523,ec2-storage-service,ec2_disk_write_bytes_1ef3de.csv,WARNING,,273032485.56651473,0.7116571546794627,0
2014-03-13 02:39:00,trace-773078,span-97508,ec2-storage-service,ec2_disk_write_bytes_1ef3de.csv,WARNING,,34799817.43784202,0.5935361386990576,0
2014-03-13 02:44:00,trace-374270,span-99131,ec2-storage-service,ec2_disk_write_bytes_1ef3de.csv,WARNING,,2555884.3820216623,0.4984556704469545,0
2014-03-13 02:49:00,trace-308726,span-13317,ec2-storage-service,ec2_disk_write_bytes_1ef3de.csv,WARNING,,0.0,0.4764541858640921,0
2014-03-13 02:54:00,trace-817006,span-53158,ec2-storage-service,ec2_disk_write_bytes_1ef3de.csv,WARNING,,0.0,0.4408077813878231,0
2014-03-13 15:39:00,trace-804676,span-69342,ec2-storage-service,ec2_disk_write_bytes_1ef3de.csv,WARNING,,456226332.4285162,0.8763316585814782,0
2014-03-13 15:44:00,trace-519876,span-47196,ec2-storage-service,ec2_disk_write_bytes_1ef3de.csv,WARNING,,37537600.98390129,0.7201029674540094,0
2014-03-13 15:49:00,trace-419532,span-91297,ec2-storage-service,ec2_disk_write_bytes_1ef3de.csv,WARNING,,4112150.809242669,0.5271054037115575,0
2014-03-13 15:54:00,trace-127043,span-43635,ec2-storage-service,ec2_disk_write_bytes_1ef3de.csv,WARNING,,26693.281551273052,0.5150970217396519,0
2014-03-13 15:59:00,trace-599730,span-43132,ec2-storage-service,ec2_disk_write_bytes_1ef3de.csv,WARNING,,0.0,0.5201130263037006,0
2014-03-13 17:59:00,trace-193944,span-82107,ec2-storage-service,ec2_disk_write_bytes_1ef3de.csv,WARNING,,374323779.8193029,0.8678422993534616,0
2014-03-13 18:04:00,trace-615578,span-67889,ec2-storage-service,ec2_disk_write_bytes_1ef3de.csv,WARNING,,40023077.26437192,0.7120981440540677,0
2014-03-13 18:09:00,trace-366294,span-29423,ec2-storage-service,ec2_disk_write_bytes_1ef3de.csv,WARNING,,4705376.290196956,0.517756781255954,0
2014-03-13 18:14:00,trace-996972,span-54921,ec2-storage-service,ec2_disk_write_bytes_1ef3de.csv,WARNING,,20155.231216720502,0.5042014669397454,0
2014-03-13 18:19:00,trace-953349,span-83690,ec2-storage-service,ec2_disk_write_bytes_1ef3de.csv,WARNING,,0.0,0.5109096569908006,0
2014-03-13 23:09:00,trace-643410,span-33956,ec2-storage-service,ec2_disk_write_bytes_1ef3de.csv,WARNING,,361159831.312528,0.8430516550856855,0
2014-03-13 23:14:00,trace-472454,span-78685,ec2-storage-service,ec2_disk_write_bytes_1ef3de.csv,WARNING,,32045623.67848727,0.6890088323373349,0
2014-03-13 23:19:00,trace-337268,span-96064,ec2-storage-service,ec2_disk_write_bytes_1ef3de.csv,WARNING,,2542747.211475479,0.5071907950947183,0
2014-03-13 23:24:00,trace-407268,span-45897,ec2-storage-service,ec2_disk_write_bytes_1ef3de.csv,WARNING,,6294.700309324087,0.4907809619264887,0
2014-03-13 23:29:00,trace-921726,span-53827,ec2-storage-service,ec2_disk_write_bytes_1ef3de.csv,WARNING,,0.0,0.5013751932330033,0
2014-03-14 00:49:00,trace-654661,span-40270,ec2-storage-service,ec2_disk_write_bytes_1ef3de.csv,WARNING,,414002086.581855,0.868535899876234,0
2014-03-14 00:54:00,trace-820177,span-75184,ec2-storage-service,ec2_disk_write_bytes_1ef3de.csv,WARNING,,28080197.673497032,0.71446345616067,0
2014-03-14 00:59:00,trace-662167,span-59597,ec2-storage-service,ec2_disk_write_bytes_1ef3de.csv,WARNING,,6277894.759489612,0.5182853713028306,0
2014-03-14 01:04:00,trace-710224,span-91515,ec2-storage-service,ec2_disk_write_bytes_1ef3de.csv,WARNING,,21138.188764064267,0.504730056986622,0
2014-03-14 01:09:00,trace-847320,span-64144,ec2-storage-service,ec2_disk_write_bytes_1ef3de.csv,WARNING,,0.0,0.5112562093157398,0
2014-03-14 01:44:00,trace-536442,span-89380,ec2-storage-service,ec2_disk_write_bytes_1ef3de.csv,WARNING,,537214582.2138582,0.8768278062088397,0
2014-03-14 01:49:00,trace-562927,span-84710,ec2-storage-service,ec2_disk_write_bytes_1ef3de.csv,WARNING,,27440135.985753804,0.7215308965381422,0
2014-03-14 01:54:00,trace-897157,span-43461,ec2-storage-service,ec2_disk_write_bytes_1ef3de.csv,WARNING,,7461569.251390674,0.5274251991442833,0
2014-03-14 01:59:00,trace-210084,span-93732,ec2-storage-service,ec2_disk_write_bytes_1ef3de.csv,WARNING,,23670.03955342092,0.515412754131713,0
2014-03-14 02:04:00,trace-441701,span-81260,ec2-storage-service,ec2_disk_write_bytes_1ef3de.csv,WARNING,,0.0,0.5203786763442306,0
2014-03-14 05:04:00,trace-173568,span-68560,ec2-storage-service,ec2_disk_write_bytes_1ef3de.csv,WARNING,,374169827.21375006,0.7638826153386474,0
2014-03-14 05:09:00,trace-250953,span-96292,ec2-storage-service,ec2_disk_write_bytes_1ef3de.csv,WARNING,,101049359.83395462,0.5680396124306992,0
2014-03-14 05:14:00,trace-280775,span-54354,ec2-storage-service,ec2_disk_write_bytes_1ef3de.csv,WARNING,,38187264.07447909,0.5117530465144239,0
2014-03-14 05:19:00,trace-481164,span-24390,ec2-storage-service,ec2_disk_write_bytes_1ef3de.csv,WARNING,,1050841.3181848128,0.4985074426819459,0
2014-03-14 05:24:00,trace-651595,span-34502,ec2-storage-service,ec2_disk_write_bytes_1ef3de.csv,WARNING,,0.0,0.4706776970144339,0
2014-03-14 08:39:00,trace-473957,span-48258,ec2-storage-service,ec2_disk_write_bytes_1ef3de.csv,WARNING,,386995788.43326825,0.8390398844388587,0
2014-03-14 08:44:00,trace-203920,span-91494,ec2-storage-service,ec2_disk_write_bytes_1ef3de.csv,WARNING,,40669882.872560665,0.6870235652883242,0
2014-03-14 08:49:00,trace-687073,span-86050,ec2-storage-service,ec2_disk_write_bytes_1ef3de.csv,WARNING,,3666427.267153343,0.505966495117458,0
2014-03-14 08:54:00,trace-173606,span-51662,ec2-storage-service,ec2_disk_write_bytes_1ef3de.csv,WARNING,,8553.090282244782,0.4899063585904151,0
2014-03-14 08:59:00,trace-901555,span-35616,ec2-storage-service,ec2_disk_write_bytes_1ef3de.csv,WARNING,,0.0,0.4996076316605441,0
2014-03-14 11:09:00,trace-976801,span-72013,ec2-storage-service,ec2_disk_write_bytes_1ef3de.csv,WARNING,,486248867.59166265,0.8677678845881164,0
2014-03-14 11:14:00,trace-126128,span-41556,ec2-storage-service,ec2_disk_write_bytes_1ef3de.csv,WARNING,,42494727.018407755,0.7113872277497287,0
2014-03-14 11:19:00,trace-777236,span-18949,ec2-storage-service,ec2_disk_write_bytes_1ef3de.csv,WARNING,,5043575.329857958,0.5169374769017782,0
2014-03-14 11:24:00,trace-617200,span-81206,ec2-storage-service,ec2_disk_write_bytes_1ef3de.csv,WARNING,,22071.89148123878,0.5044625583871419,0
2014-03-14 11:29:00,trace-283683,span-48885,ec2-storage-service,ec2_disk_write_bytes_1ef3de.csv,WARNING,,0.0,0.5111466855401502,0
2014-03-14 16:09:00,trace-632125,span-59355,ec2-storage-service,ec2_disk_write_bytes_1ef3de.csv,WARNING,,188356880.17313528,0.4885941365492507,0
2014-03-14 16:14:00,trace-872291,span-61012,ec2-storage-service,ec2_disk_write_bytes_1ef3de.csv,WARNING,,315237956.46942747,0.6896666783968457,0
2014-03-14 16:19:00,trace-318168,span-27106,ec2-storage-service,ec2_disk_write_bytes_1ef3de.csv,WARNING,,37606453.45995475,0.5764513338889163,0
2014-03-14 16:24:00,trace-633008,span-47661,ec2-storage-service,ec2_disk_write_bytes_1ef3de.csv,WARNING,,3569023.7608661763,0.4979485380292057,0
2014-03-14 16:29:00,trace-324866,span-97318,ec2-storage-service,ec2_disk_write_bytes_1ef3de.csv,WARNING,,0.0,0.4767279665117033,0
2014-03-14 16:34:00,trace-250862,span-68655,ec2-storage-service,ec2_disk_write_bytes_1ef3de.csv,WARNING,,0.0,0.4282080353535077,0
2014-03-14 17:09:00,trace-278446,span-52907,ec2-storage-service,ec2_disk_write_bytes_1ef3de.csv,WARNING,,425418606.434835,0.8388070495899096,0
2014-03-14 17:14:00,trace-396956,span-59570,ec2-storage-service,ec2_disk_write_bytes_1ef3de.csv,WARNING,,37553665.53749318,0.686786942905525,0
2014-03-14 17:19:00,trace-222066,span-60251,ec2-storage-service,ec2_disk_write_bytes_1ef3de.csv,WARNING,,3469011.7755161664,0.5049544974266544,0
2014-03-14 17:24:00,trace-119156,span-86208,ec2-storage-service,ec2_disk_write_bytes_1ef3de.csv,WARNING,,25236.85086456563,0.4906705787161342,0
2014-03-14 17:29:00,trace-773289,span-76606,ec2-storage-service,ec2_disk_write_bytes_1ef3de.csv,WARNING,,0.0,0.4998242069378222,0
2014-03-14 18:29:00,trace-555775,span-64205,ec2-storage-service,ec2_disk_write_bytes_1ef3de.csv,WARNING,,345091538.18216234,0.8065591692768979,0
2014-03-14 18:34:00,trace-819701,span-52863,ec2-storage-service,ec2_disk_write_bytes_1ef3de.csv,WARNING,,106962300.59924547,0.612572421528321,0
2014-03-14 18:39:00,trace-762554,span-81387,ec2-storage-service,ec2_disk_write_bytes_1ef3de.csv,WARNING,,7628296.260494031,0.511741161562077,0
2014-03-14 18:44:00,trace-297286,span-39777,ec2-storage-service,ec2_disk_write_bytes_1ef3de.csv,WARNING,,28193.386922615464,0.4899277966336488,0
2014-03-14 18:49:00,trace-520661,span-77038,ec2-storage-service,ec2_disk_write_bytes_1ef3de.csv,WARNING,,0.0,0.4767472258843374,0
2014-03-14 19:24:00,trace-514627,span-60577,ec2-storage-service,ec2_disk_write_bytes_1ef3de.csv,WARNING,,385215275.34315157,0.8686468984601527,0
2014-03-14 19:29:00,trace-245338,span-49422,ec2-storage-service,ec2_disk_write_bytes_1ef3de.csv,WARNING,,36735342.4325334,0.7130635898323746,0
2014-03-14 19:34:00,trace-745832,span-41213,ec2-storage-service,ec2_disk_write_bytes_1ef3de.csv,WARNING,,3568365.9502824834,0.517338971291564,0
2014-03-14 19:39:00,trace-659650,span-61588,ec2-storage-service,ec2_disk_write_bytes_1ef3de.csv,WARNING,,23889.414702376725,0.5041574170764664,0
2014-03-14 19:44:00,trace-880445,span-84755,ec2-storage-service,ec2_disk_write_bytes_1ef3de.csv,WARNING,,0.0,0.5116546830891499,0
2014-03-14 22:09:00,trace-442424,span-29867,ec2-storage-service,ec2_disk_write_bytes_1ef3de.csv,WARNING,,133435976.95153174,0.4523551517885518,0
2014-03-14 22:14:00,trace-840045,span-86958,ec2-storage-service,ec2_disk_write_bytes_1ef3de.csv,WARNING,,304905670.54480624,0.7170317620176869,0
2014-03-14 22:19:00,trace-722995,span-23180,ec2-storage-service,ec2_disk_write_bytes_1ef3de.csv,WARNING,,29643166.158535182,0.5977236580050386,0
2014-03-14 22:24:00,trace-345847,span-89872,ec2-storage-service,ec2_disk_write_bytes_1ef3de.csv,WARNING,,3618938.148241988,0.4999709686064564,0
2014-03-14 22:29:00,trace-367614,span-24953,ec2-storage-service,ec2_disk_write_bytes_1ef3de.csv,WARNING,,0.0,0.4768180656733105,0
2014-03-14 22:34:00,trace-612177,span-16523,ec2-storage-service,ec2_disk_write_bytes_1ef3de.csv,WARNING,,0.0,0.4431621617135325,0
2014-03-14 23:09:00,trace-393313,span-55641,ec2-storage-service,ec2_disk_write_bytes_1ef3de.csv,WARNING,,431174415.53856254,0.8381177486885799,0
2014-03-14 23:14:00,trace-768779,span-24457,ec2-storage-service,ec2_disk_write_bytes_1ef3de.csv,WARNING,,40681668.15469596,0.6865785387540888,0
2014-03-14 23:19:00,trace-438246,span-43085,ec2-storage-service,ec2_disk_write_bytes_1ef3de.csv,WARNING,,3487956.5678902958,0.5077510140441145,0
2014-03-14 23:24:00,trace-499346,span-12042,ec2-storage-service,ec2_disk_write_bytes_1ef3de.csv,WARNING,,46538.203822585216,0.4899191200909805,0
2014-03-14 23:29:00,trace-591638,span-75185,ec2-storage-service,ec2_disk_write_bytes_1ef3de.csv,WARNING,,0.0,0.4991991340427528,0
2014-03-15 00:04:00,trace-939141,span-38716,ec2-storage-service,ec2_disk_write_bytes_1ef3de.csv,WARNING,,493224332.65476453,0.8679442199653391,0
2014-03-15 00:09:00,trace-239133,span-18609,ec2-storage-service,ec2_disk_write_bytes_1ef3de.csv,WARNING,,41056891.41378102,0.7115614815736122,0
2014-03-15 00:14:00,trace-445165,span-30805,ec2-storage-service,ec2_disk_write_bytes_1ef3de.csv,WARNING,,4888537.063131537,0.5182124228390189,0
2014-03-15 00:19:00,trace-632465,span-40111,ec2-storage-service,ec2_disk_write_bytes_1ef3de.csv,WARNING,,22526.43570086084,0.5051623101793268,0
2014-03-15 00:24:00,trace-714229,span-21826,ec2-storage-service,ec2_disk_write_bytes_1ef3de.csv,WARNING,,0.0,0.5116816217861146,0
2014-03-15 00:59:00,trace-610283,span-68031,ec2-storage-service,ec2_disk_write_bytes_1ef3de.csv,WARNING,,402298080.6882942,0.8706000844375505,0
2014-03-15 01:04:00,trace-437164,span-15495,ec2-storage-service,ec2_disk_write_bytes_1ef3de.csv,WARNING,,40858509.52418216,0.7136035457526168,0
2014-03-15 01:09:00,trace-861062,span-16743,ec2-storage-service,ec2_disk_write_bytes_1ef3de.csv,WARNING,,3849166.5150919603,0.519595778496696,0
2014-03-15 01:14:00,trace-804133,span-67042,ec2-storage-service,ec2_disk_write_bytes_1ef3de.csv,WARNING,,21332.26195679958,0.5063740300578391,0
2014-03-15 01:19:00,trace-847465,span-38552,ec2-storage-service,ec2_disk_write_bytes_1ef3de.csv,WARNING,,0.0,0.5124837716855776,0
2014-03-16 00:19:00,trace-784308,span-86311,ec2-storage-service,ec2_disk_write_bytes_1ef3de.csv,WARNING,,535028281.3808115,0.893181495260647,0
2014-03-16 00:24:00,trace-116535,span-76490,ec2-storage-service,ec2_disk_write_bytes_1ef3de.csv,WARNING,,3903771.189522264,0.7613336722826183,0
2014-03-16 00:29:00,trace-356323,span-99080,ec2-storage-service,ec2_disk_write_bytes_1ef3de.csv,WARNING,,2236856.2594321007,0.5337811262590241,0
2014-03-16 00:34:00,trace-330063,span-51269,ec2-storage-service,ec2_disk_write_bytes_1ef3de.csv,WARNING,,40576.52316041678,0.530453280250179,0
2014-03-16 00:39:00,trace-385291,span-55528,ec2-storage-service,ec2_disk_write_bytes_1ef3de.csv,WARNING,,0.0,0.5372778640674103,0
2014-03-17 08:44:00,trace-824291,span-76381,ec2-storage-service,ec2_disk_write_bytes_1ef3de.csv,WARNING,,440723995.22041947,0.9999999991718722,0
2014-03-17 08:49:00,trace-950181,span-48672,ec2-storage-service,ec2_disk_write_bytes_1ef3de.csv,WARNING,,37954600.61624088,0.8199484044574159,0
2014-03-17 08:54:00,trace-591874,span-61024,ec2-storage-service,ec2_disk_write_bytes_1ef3de.csv,WARNING,,3940459.871364202,0.6102228549482258,0
2014-03-17 08:59:00,trace-365976,span-42332,ec2-storage-service,ec2_disk_write_bytes_1ef3de.csv,WARNING,,22696.427319928927,0.599362581760431,0
2014-03-17 09:04:00,trace-244179,span-87994,ec2-storage-service,ec2_disk_write_bytes_1ef3de.csv,WARNING,,0.0,0.6032407869631236,0
2014-03-17 09:34:00,trace-495797,span-85118,ec2-storage-service,ec2_disk_write_bytes_1ef3de.csv,WARNING,,152945449.81392655,0.5065091882806048,0
2014-03-17 09:39:00,trace-748002,span-18418,ec2-storage-service,ec2_disk_write_bytes_1ef3de.csv,WARNING,,199613637.47009215,0.5044431838054562,0
2014-03-17 09:44:00,trace-184363,span-73044,ec2-storage-service,ec2_disk_write_bytes_1ef3de.csv,WARNING,,46564037.701189995,0.4594060502465597,0
2014-03-17 09:49:00,trace-373958,span-20024,ec2-storage-service,ec2_disk_write_bytes_1ef3de.csv,WARNING,,40512.52116128217,0.4299442507237743,0
2014-03-17 09:54:00,trace-682124,span-17435,ec2-storage-service,ec2_disk_write_bytes_1ef3de.csv,WARNING,,0.0,0.395036008616287,0
2014-03-17 20:04:00,trace-957033,span-98416,ec2-storage-service,ec2_disk_write_bytes_1ef3de.csv,WARNING,,521286338.8259894,0.995832479255347,0
2014-03-17 20:09:00,trace-349717,span-13407,ec2-storage-service,ec2_disk_write_bytes_1ef3de.csv,WARNING,,44400140.37170076,0.8167878316101975,0
2014-03-17 20:14:00,trace-629954,span-47122,ec2-storage-service,ec2_disk_write_bytes_1ef3de.csv,WARNING,,3165950.8243062254,0.6074230025994845,0
2014-03-17 20:19:00,trace-306717,span-36505,ec2-storage-service,ec2_disk_write_bytes_1ef3de.csv,WARNING,,10779.535025465688,0.5961931759728802,0
2014-03-17 20:24:00,trace-929601,span-83282,ec2-storage-service,ec2_disk_write_bytes_1ef3de.csv,WARNING,,0.0,0.6010380416643275,0
2014-03-17 21:04:00,trace-926954,span-91132,ec2-storage-service,ec2_disk_write_bytes_1ef3de.csv,WARNING,,393063432.78332245,0.7989816673845697,0
2014-03-17 21:09:00,trace-858849,span-13880,ec2-storage-service,ec2_disk_write_bytes_1ef3de.csv,WARNING,,38692694.119154856,0.6500860269324926,0
2014-03-17 21:14:00,trace-667827,span-78321,ec2-storage-service,ec2_disk_write_bytes_1ef3de.csv,WARNING,,3042068.4222997883,0.5009512548812647,0
2014-03-17 21:19:00,trace-607800,span-70102,ec2-storage-service,ec2_disk_write_bytes_1ef3de.csv,WARNING,,0.0,0.4766416917367506,0
2014-03-17 21:24:00,trace-213034,span-53333,ec2-storage-service,ec2_disk_write_bytes_1ef3de.csv,WARNING,,0.0,0.4807306186351888,0
2014-03-18 00:14:00,trace-154362,span-63997,ec2-storage-service,ec2_disk_write_bytes_1ef3de.csv,WARNING,,313593074.1392448,0.6606820419094026,0
2014-03-18 00:19:00,trace-512289,span-24549,ec2-storage-service,ec2_disk_write_bytes_1ef3de.csv,WARNING,,102160290.81192015,0.5001566212798452,0
2014-03-18 00:24:00,trace-840686,span-85515,ec2-storage-service,ec2_disk_write_bytes_1ef3de.csv,WARNING,,5314419.548881345,0.4563966869583468,0
2014-03-18 00:29:00,trace-257255,span-34624,ec2-storage-service,ec2_disk_write_bytes_1ef3de.csv,WARNING,,37938.89613126989,0.4277530394628493,0
2014-03-18 00:34:00,trace-578997,span-56705,ec2-storage-service,ec2_disk_write_bytes_1ef3de.csv,WARNING,,0.0,0.4126762175275996,0
2014-04-02 15:10:00,trace-946822,span-78369,ec2-storage-service,ec2_disk_write_bytes_c0d644.csv,WARNING,,455167286.44474334,0.5645599169838649,0
2014-04-02 15:15:00,trace-737300,span-24116,ec2-storage-service,ec2_disk_write_bytes_c0d644.csv,WARNING,,35487610.4961631,0.4825500845411964,0
2014-04-02 17:10:00,trace-850046,span-86425,ec2-storage-service,ec2_disk_write_bytes_c0d644.csv,WARNING,,293383810.51087123,0.495923842568279,0
2014-04-02 17:15:00,trace-640282,span-36639,ec2-storage-service,ec2_disk_write_bytes_c0d644.csv,WARNING,,120660470.70352198,0.3627648768000829,0
2014-04-02 18:30:00,trace-132930,span-83313,ec2-storage-service,ec2_disk_write_bytes_c0d644.csv,WARNING,,444218137.89790577,0.5293495367042251,0
2014-04-02 18:35:00,trace-585725,span-28316,ec2-storage-service,ec2_disk_write_bytes_c0d644.csv,WARNING,,106426783.41938123,0.4195921094476189,0
2014-04-02 21:35:00,trace-196058,span-97876,ec2-storage-service,ec2_disk_write_bytes_c0d644.csv,WARNING,,456092451.358338,0.5641421285946305,0
2014-04-02 21:40:00,trace-442196,span-94627,ec2-storage-service,ec2_disk_write_bytes_c0d644.csv,WARNING,,38535987.30584459,0.482184412376221,0
2014-04-02 22:10:00,trace-458234,span-46701,ec2-storage-service,ec2_disk_write_bytes_c0d644.csv,WARNING,,382383574.9829693,0.5851919354946553,0
2014-04-02 22:15:00,trace-681529,span-20367,ec2-storage-service,ec2_disk_write_bytes_c0d644.csv,WARNING,,33974954.6410116,0.4998561284219302,0
2014-04-02 22:30:00,trace-264404,span-95178,ec2-storage-service,ec2_disk_write_bytes_c0d644.csv,WARNING,,19175008.14708039,0.3508334016316787,0
2014-04-02 22:35:00,trace-579702,span-35563,ec2-storage-service,ec2_disk_write_bytes_c0d644.csv,WARNING,,346766532.3830956,0.5025498979373699,0
2014-04-02 22:40:00,trace-155182,span-42991,ec2-storage-service,ec2_disk_write_bytes_c0d644.csv,WARNING,,159222309.26084667,0.3638514456701556,0
2014-04-03 00:45:00,trace-952318,span-93848,ec2-storage-service,ec2_disk_write_bytes_c0d644.csv,WARNING,,276874657.4115682,0.4379173400846102,0
2014-04-03 00:50:00,trace-325461,span-47500,ec2-storage-service,ec2_disk_write_bytes_c0d644.csv,WARNING,,211319306.6077651,0.4155220030930099,0
2014-04-03 00:55:00,trace-588195,span-57997,ec2-storage-service,ec2_disk_write_bytes_c0d644.csv,WARNING,,34636864.7392597,0.3723053886496353,0
2014-04-03 06:10:00,trace-433887,span-87852,ec2-storage-service,ec2_disk_write_bytes_c0d644.csv,WARNING,,510385951.45740944,0.5668593222888985,0
2014-04-03 06:15:00,trace-757253,span-23753,ec2-storage-service,ec2_disk_write_bytes_c0d644.csv,WARNING,,30302799.473237813,0.4852658409844909,0
2014-04-03 06:45:00,trace-569984,span-69412,ec2-storage-service,ec2_disk_write_bytes_c0d644.csv,WARNING,,333446392.56558675,0.4882219237957135,0
2014-04-03 06:50:00,trace-641797,span-78653,ec2-storage-service,ec2_disk_write_bytes_c0d644.csv,WARNING,,29369172.862089716,0.4302646220600479,0
2014-04-03 08:05:00,trace-366186,span-72574,ec2-storage-service,ec2_disk_write_bytes_c0d644.csv,WARNING,,429181720.6124745,0.5460069820114105,0
2014-04-03 08:10:00,trace-638304,span-35022,ec2-storage-service,ec2_disk_write_bytes_c0d644.csv,WARNING,,71917029.1543076,0.4396887860284061,0
2014-04-03 08:55:00,trace-274750,span-71720,ec2-storage-service,ec2_disk_write_bytes_c0d644.csv,WARNING,,413376784.3499791,0.5239208605713945,0
2014-04-03 09:00:00,trace-757346,span-86478,ec2-storage-service,ec2_disk_write_bytes_c0d644.csv,WARNING,,107363404.36832131,0.4048324835899657,0
2014-04-03 16:40:00,trace-227101,span-70924,ec2-storage-service,ec2_disk_write_bytes_c0d644.csv,WARNING,,376890480.2699249,0.5345800513127603,0
2014-04-03 16:45:00,trace-829668,span-73745,ec2-storage-service,ec2_disk_write_bytes_c0d644.csv,WARNING,,97314353.02004492,0.4209787973198726,0
2014-04-03 17:10:00,trace-493445,span-58542,ec2-storage-service,ec2_disk_write_bytes_c0d644.csv,WARNING,,404087230.2825118,0.5257368136943834,0
2014-04-03 17:15:00,trace-656107,span-57779,ec2-storage-service,ec2_disk_write_bytes_c0d644.csv,WARNING,,107766441.74447587,0.4130638592620804,0
2014-04-03 19:00:00,trace-689872,span-29950,ec2-storage-service,ec2_disk_write_bytes_c0d644.csv,WARNING,,386590822.2373081,0.4960219437819104,0
2014-04-03 19:05:00,trace-944464,span-38036,ec2-storage-service,ec2_disk_write_bytes_c0d644.csv,WARNING,,132847437.28285937,0.3650634925907672,0
2014-04-03 20:20:00,trace-695644,span-24292,ec2-storage-service,ec2_disk_write_bytes_c0d644.csv,WARNING,,455851882.6850495,0.5623749210610011,0
2014-04-03 20:25:00,trace-298910,span-77819,ec2-storage-service,ec2_disk_write_bytes_c0d644.csv,WARNING,,93282645.52224395,0.4426969431751104,0
2014-04-03 21:30:00,trace-246692,span-40461,ec2-storage-service,ec2_disk_write_bytes_c0d644.csv,WARNING,,207278531.86762396,0.4035294514151273,0
2014-04-03 21:35:00,trace-109472,span-79263,ec2-storage-service,ec2_disk_write_bytes_c0d644.csv,WARNING,,297011724.7332128,0.4455381036378301,0
2014-04-03 21:40:00,trace-387667,span-40766,ec2-storage-service,ec2_disk_write_bytes_c0d644.csv,WARNING,,44552811.26972424,0.3972066285049496,0
2014-04-03 21:50:00,trace-371223,span-18399,ec2-storage-service,ec2_disk_write_bytes_c0d644.csv,WARNING,,272601025.4592405,0.4712541113067528,0
2014-04-03 21:55:00,trace-378676,span-92357,ec2-storage-service,ec2_disk_write_bytes_c0d644.csv,WARNING,,223328322.98106965,0.4283182353262678,0
2014-04-03 23:10:00,trace-373497,span-38477,ec2-storage-service,ec2_disk_write_bytes_c0d644.csv,WARNING,,438327130.0817354,0.5852091903828225,0
2014-04-03 23:15:00,trace-793464,span-73370,ec2-storage-service,ec2_disk_write_bytes_c0d644.csv,WARNING,,33401259.90921523,0.4996129477178292,0
2014-04-04 00:20:00,trace-548096,span-22916,ec2-storage-service,ec2_disk_write_bytes_c0d644.csv,WARNING,,158290525.3661635,0.352268240289103,0
2014-04-04 00:25:00,trace-796805,span-57636,ec2-storage-service,ec2_disk_write_bytes_c0d644.csv,WARNING,,298445878.8416465,0.4785499343950597,0
2014-04-04 00:30:00,trace-916117,span-61134,ec2-storage-service,ec2_disk_write_bytes_c0d644.csv,WARNING,,29762730.045198876,0.4231143857400238,0
2014-04-04 06:20:00,trace-194455,span-77847,ec2-storage-service,ec2_disk_write_bytes_c0d644.csv,WARNING,,430141279.69383645,0.5258910806077065,0
2014-04-04 06:25:00,trace-339646,span-68865,ec2-storage-service,ec2_disk_write_bytes_c0d644.csv,WARNING,,84105758.20964633,0.4225366550906135,0
2014-04-04 10:55:00,trace-485007,span-71192,ec2-storage-service,ec2_disk_write_bytes_c0d644.csv,WARNING,,381123195.7061583,0.5878983325917237,0
2014-04-04 11:00:00,trace-335161,span-35993,ec2-storage-service,ec2_disk_write_bytes_c0d644.csv,WARNING,,36087567.5488555,0.5041021624253488,0
2014-04-04 18:50:00,trace-386287,span-87603,ec2-storage-service,ec2_disk_write_bytes_c0d644.csv,WARNING,,396095411.6517146,0.5859395832497838,0
2014-04-04 18:55:00,trace-815637,span-59990,ec2-storage-service,ec2_disk_write_bytes_c0d644.csv,WARNING,,37284378.98691939,0.4978993349509075,0
2014-04-04 19:40:00,trace-169351,span-59999,ec2-storage-service,ec2_disk_write_bytes_c0d644.csv,WARNING,,461514995.0621829,0.5887105904754448,0
2014-04-04 19:45:00,trace-598095,span-80309,ec2-storage-service,ec2_disk_write_bytes_c0d644.csv,WARNING,,29114318.229100257,0.5059362264101587,0
2014-04-04 21:00:00,trace-219156,span-86000,ec2-storage-service,ec2_disk_write_bytes_c0d644.csv,WARNING,,378972062.8178526,0.5208946552196989,0
2014-04-04 21:05:00,trace-627608,span-20750,ec2-storage-service,ec2_disk_write_bytes_c0d644.csv,WARNING,,90574572.68112414,0.4286048826936146,0
2014-04-04 23:20:00,trace-126572,span-27948,ec2-storage-service,ec2_disk_write_bytes_c0d644.csv,WARNING,,476442891.0196736,0.5677896077698295,0
2014-04-04 23:25:00,trace-794186,span-99051,ec2-storage-service,ec2_disk_write_bytes_c0d644.csv,WARNING,,37634545.3527889,0.4850959543060027,0
2014-04-05 05:35:00,trace-846716,span-82233,ec2-storage-service,ec2_disk_write_bytes_c0d644.csv,WARNING,,395741405.1487577,0.5805277167457956,0
2014-04-05 05:40:00,trace-899395,span-74360,ec2-storage-service,ec2_disk_write_bytes_c0d644.csv,WARNING,,30611563.73107751,0.495070498952421,0
2014-04-05 16:50:00,trace-741857,span-86312,ec2-storage-service,ec2_disk_write_bytes_c0d644.csv,WARNING,,408034052.9204927,0.5203706850986508,0
2014-04-05 16:55:00,trace-610874,span-91494,ec2-storage-service,ec2_disk_write_bytes_c0d644.csv,WARNING,,102431838.73125224,0.4124681717478679,0
2014-04-05 22:05:00,trace-182867,span-47528,ec2-storage-service,ec2_disk_write_bytes_c0d644.csv,WARNING,,162925958.8693183,0.4029766559238458,0
2014-04-05 22:10:00,trace-558818,span-43332,ec2-storage-service,ec2_disk_write_bytes_c0d644.csv,WARNING,,317755341.6041735,0.4453834487142577,0
2014-04-05 22:15:00,trace-753817,span-88929,ec2-storage-service,ec2_disk_write_bytes_c0d644.csv,WARNING,,43914375.08982962,0.3967811593674971,0
2014-04-05 23:10:00,trace-364395,span-55717,ec2-storage-service,ec2_disk_write_bytes_c0d644.csv,WARNING,,470741502.7598163,0.5625410792433516,0
2014-04-05 23:15:00,trace-197382,span-96551,ec2-storage-service,ec2_disk_write_bytes_c0d644.csv,WARNING,,33344834.166083388,0.4797203523509926,0
2014-04-06 00:35:00,trace-385248,span-22224,ec2-storage-service,ec2_disk_write_bytes_c0d644.csv,WARNING,,180434290.45254317,0.404109740429738,0
2014-04-06 00:40:00,trace-990752,span-39299,ec2-storage-service,ec2_disk_write_bytes_c0d644.csv,WARNING,,339024502.66215694,0.4460517908817693,0
2014-04-06 00:45:00,trace-964360,span-83474,ec2-storage-service,ec2_disk_write_bytes_c0d644.csv,WARNING,,39914225.91627735,0.3988090806419526,0
2014-04-06 05:50:00,trace-568298,span-80871,ec2-storage-service,ec2_disk_write_bytes_c0d644.csv,WARNING,,324316556.8626518,0.5139844884976215,0
2014-04-06 05:55:00,trace-271929,span-69840,ec2-storage-service,ec2_disk_write_bytes_c0d644.csv,WARNING,,83801261.90602636,0.4047471481768808,0
2014-04-07 04:10:00,trace-105577,span-30002,ec2-storage-service,ec2_disk_write_bytes_c0d644.csv,WARNING,,517309224.8984179,0.5672668058706931,0
2014-04-07 04:15:00,trace-593027,span-59103,ec2-storage-service,ec2_disk_write_bytes_c0d644.csv,WARNING,,32156824.83030975,0.4845688396124131,0
2014-04-07 15:45:00,trace-349402,span-76830,ec2-storage-service,ec2_disk_write_bytes_c0d644.csv,WARNING,,403017823.631874,0.5264720658481478,0
2014-04-07 15:50:00,trace-867754,span-34398,ec2-storage-service,ec2_disk_write_bytes_c0d644.csv,WARNING,,119101061.81462641,0.4006290829404629,0
2014-04-07 17:50:00,trace-150755,span-27706,ec2-storage-service,ec2_disk_write_bytes_c0d644.csv,WARNING,,508050291.0661671,0.5662119127583883,0
2014-04-07 17:55:00,trace-688172,span-94361,ec2-storage-service,ec2_disk_write_bytes_c0d644.csv,WARNING,,28913950.4492263,0.4845902812879852,0
2014-04-07 19:10:00,trace-289921,span-84854,ec2-storage-service,ec2_disk_write_bytes_c0d644.csv,WARNING,,520319514.28832173,0.5799506365970936,0
2014-04-07 19:15:00,trace-208721,span-91110,ec2-storage-service,ec2_disk_write_bytes_c0d644.csv,WARNING,,40547519.59923017,0.4934882601701682,0
2014-04-08 18:00:00,trace-277190,span-38930,ec2-storage-service,ec2_disk_write_bytes_c0d644.csv,WARNING,,327319018.64490885,0.5034102816885426,0
2014-04-08 18:05:00,trace-462544,span-21801,ec2-storage-service,ec2_disk_write_bytes_c0d644.csv,WARNING,,32122655.739447128,0.4386277698663461,0
2014-04-08 19:55:00,trace-247631,span-42334,ec2-storage-service,ec2_disk_write_bytes_c0d644.csv,WARNING,,395661145.1868143,0.5808196393538189,0
2014-04-08 20:00:00,trace-777758,span-86230,ec2-storage-service,ec2_disk_write_bytes_c0d644.csv,WARNING,,32203095.101266444,0.4932745793860019,0
2014-04-08 21:45:00,trace-161715,span-20737,ec2-storage-service,ec2_disk_write_bytes_c0d644.csv,WARNING,,459699450.7612938,0.5624490531731268,0
2014-04-08 21:50:00,trace-282047,span-15147,ec2-storage-service,ec2_disk_write_bytes_c0d644.csv,WARNING,,36773774.27915574,0.4796357795926189,0
2014-04-08 22:15:00,trace-381787,span-48967,ec2-storage-service,ec2_disk_write_bytes_c0d644.csv,WARNING,,354719833.8032473,0.5633259529464685,0
2014-04-08 22:20:00,trace-927165,span-94003,ec2-storage-service,ec2_disk_write_bytes_c0d644.csv,WARNING,,31281005.98747822,0.4796937224889885,0
2014-04-08 22:40:00,trace-822648,span-68959,ec2-storage-service,ec2_disk_write_bytes_c0d644.csv,WARNING,,356287063.8652736,0.5162638404432229,0
2014-04-08 22:45:00,trace-822496,span-70740,ec2-storage-service,ec2_disk_write_bytes_c0d644.csv,WARNING,,84371025.96817683,0.4107145059547422,0
2014-04-08 23:10:00,trace-930997,span-30183,ec2-storage-service,ec2_disk_write_bytes_c0d644.csv,WARNING,,475156353.6757402,0.5774658122394646,0
2014-04-08 23:15:00,trace-793619,span-73668,ec2-storage-service,ec2_disk_write_bytes_c0d644.csv,WARNING,,36580760.87108067,0.496977631633486,0
2014-04-09 01:25:00,trace-585443,span-20931,ec2-storage-service,ec2_disk_write_bytes_c0d644.csv,WARNING,,247334684.37236533,0.4171989117063159,0
2014-04-09 01:30:00,trace-360529,span-60639,ec2-storage-service,ec2_disk_write_bytes_c0d644.csv,ERROR,DiskWriteAnomaly: Unusual disk write pattern (591730000 bytes),628611529.0602552,0.7017553853133391,1
2014-04-09 01:35:00,trace-814261,span-11044,ec2-storage-service,ec2_disk_write_bytes_c0d644.csv,WARNING,,0.0,0.6507155118999195,0
2014-04-09 01:40:00,trace-124363,span-56694,ec2-storage-service,ec2_disk_write_bytes_c0d644.csv,WARNING,,77775692.16434214,0.4664976808100816,0
2014-04-09 01:45:00,trace-907733,span-84329,ec2-storage-service,ec2_disk_write_bytes_c0d644.csv,WARNING,,2833134.730388908,0.4366948642391464,0
2014-04-09 01:50:00,trace-549871,span-47534,ec2-storage-service,ec2_disk_write_bytes_c0d644.csv,WARNING,,14730.012354688019,0.4320949665435667,0
2014-04-09 02:15:00,trace-826989,span-65856,ec2-storage-service,ec2_disk_write_bytes_c0d644.csv,WARNING,,245649194.79952502,0.460014183765942,0
2014-04-09 02:20:00,trace-646547,span-30655,ec2-storage-service,ec2_disk_write_bytes_c0d644.csv,WARNING,,561763177.8088566,0.6321745928238516,0
2014-04-09 02:25:00,trace-550400,span-31602,ec2-storage-service,ec2_disk_write_bytes_c0d644.csv,WARNING,,0.0,0.5945071356916737,0
2014-04-09 02:30:00,trace-987278,span-90818,ec2-storage-service,ec2_disk_write_bytes_c0d644.csv,WARNING,,107882200.65749761,0.4554621489112142,0
2014-04-09 02:35:00,trace-510354,span-54328,ec2-storage-service,ec2_disk_write_bytes_c0d644.csv,WARNING,,3247445.243775445,0.4106793465364168,0
2014-04-09 02:40:00,trace-271236,span-99743,ec2-storage-service,ec2_disk_write_bytes_c0d644.csv,WARNING,,20056.854286537797,0.3902241605854354,0
2014-04-09 03:10:00,trace-189846,span-40562,ec2-storage-service,ec2_disk_write_bytes_c0d644.csv,WARNING,,476235176.10939807,0.5897299019695248,0
2014-04-09 03:15:00,trace-960665,span-93049,ec2-storage-service,ec2_disk_write_bytes_c0d644.csv,WARNING,,320807939.5800196,0.4852640956622885,0
2014-04-09 03:20:00,trace-389962,span-40544,ec2-storage-service,ec2_disk_write_bytes_c0d644.csv,WARNING,,0.0,0.4560585913068438,0
2014-04-09 03:25:00,trace-419849,span-30104,ec2-storage-service,ec2_disk_write_bytes_c0d644.csv,WARNING,,101521385.10111588,0.4369155124539434,0
2014-04-09 03:30:00,trace-956035,span-69025,ec2-storage-service,ec2_disk_write_bytes_c0d644.csv,WARNING,,2430930.1905373516,0.3950205737089392,0
2014-04-09 04:05:00,trace-524632,span-52012,ec2-storage-service,ec2_disk_write_bytes_c0d644.csv,WARNING,,709897597.8516104,0.7811187483270146,0
2014-04-09 04:10:00,trace-561261,span-31400,ec2-storage-service,ec2_disk_write_bytes_c0d644.csv,WARNING,,101366906.36642861,0.6528832798055361,0
2014-04-09 04:15:00,trace-743703,span-59833,ec2-storage-service,ec2_disk_write_bytes_c0d644.csv,WARNING,,68499722.74967663,0.5011563214797683,0
2014-04-09 04:20:00,trace-431612,span-69473,ec2-storage-service,ec2_disk_write_bytes_c0d644.csv,WARNING,,14704976.187363515,0.4987789588238598,0
2014-04-09 04:25:00,trace-530000,span-33723,ec2-storage-service,ec2_disk_write_bytes_c0d644.csv,WARNING,,79771.82867124665,0.4868776258743372,0
2014-04-09 16:40:00,trace-624362,span-36498,ec2-storage-service,ec2_disk_write_bytes_c0d644.csv,WARNING,,272474201.4149318,0.4597973036602433,0
2014-04-09 16:45:00,trace-513757,span-55929,ec2-storage-service,ec2_disk_write_bytes_c0d644.csv,WARNING,,442100133.95027137,0.631564296347565,0
2014-04-09 16:50:00,trace-388172,span-39545,ec2-storage-service,ec2_disk_write_bytes_c0d644.csv,WARNING,,0.0,0.5935782806586176,0
2014-04-09 16:55:00,trace-524190,span-68899,ec2-storage-service,ec2_disk_write_bytes_c0d644.csv,WARNING,,109100183.24946274,0.4560217010901763,0
2014-04-09 17:00:00,trace-455288,span-74824,ec2-storage-service,ec2_disk_write_bytes_c0d644.csv,WARNING,,2723926.029177643,0.4115932629874185,0
2014-04-09 17:05:00,trace-246115,span-51846,ec2-storage-service,ec2_disk_write_bytes_c0d644.csv,WARNING,,24431.84506593956,0.389313735372615,0
2014-04-09 20:55:00,trace-600827,span-60227,ec2-storage-service,ec2_disk_write_bytes_c0d644.csv,WARNING,,895286799.7030966,0.8601138986628021,0
2014-04-09 21:00:00,trace-915915,span-17265,ec2-storage-service,ec2_disk_write_bytes_c0d644.csv,WARNING,,1066109.8459172305,0.7828153314829942,0
2014-04-09 21:05:00,trace-115733,span-47420,ec2-storage-service,ec2_disk_write_bytes_c0d644.csv,WARNING,,110392988.73201758,0.5568576379132231,0
2014-04-09 21:10:00,trace-764607,span-33840,ec2-storage-service,ec2_disk_write_bytes_c0d644.csv,WARNING,,6468580.773923613,0.5507140614238333,0
2014-04-09 21:15:00,trace-346301,span-44929,ec2-storage-service,ec2_disk_write_bytes_c0d644.csv,WARNING,,24565.08195262953,0.5488731412633525,0
2014-04-09 21:45:00,trace-262434,span-96489,ec2-storage-service,ec2_disk_write_bytes_c0d644.csv,WARNING,,624053842.7740353,0.7648421729416373,0
2014-04-09 21:50:00,trace-177597,span-16041,ec2-storage-service,ec2_disk_write_bytes_c0d644.csv,WARNING,,129061623.19742322,0.6254931056973447,0
2014-04-09 21:55:00,trace-292941,span-31059,ec2-storage-service,ec2_disk_write_bytes_c0d644.csv,WARNING,,64424418.82853594,0.488936051613737,0
2014-04-09 22:00:00,trace-248620,span-25078,ec2-storage-service,ec2_disk_write_bytes_c0d644.csv,WARNING,,111098079.90735826,0.4936027129261858,0
2014-04-09 22:05:00,trace-307158,span-68760,ec2-storage-service,ec2_disk_write_bytes_c0d644.csv,WARNING,,20946863.799753804,0.4848167173191869,0
2014-04-09 22:40:00,trace-386453,span-76344,ec2-storage-service,ec2_disk_write_bytes_c0d644.csv,WARNING,,230433588.61932385,0.4171029924187849,0
2014-04-09 22:45:00,trace-882366,span-91899,ec2-storage-service,ec2_disk_write_bytes_c0d644.csv,WARNING,,726687252.019572,0.7593268942322925,0
2014-04-09 22:50:00,trace-339967,span-47841,ec2-storage-service,ec2_disk_write_bytes_c0d644.csv,WARNING,,41605352.351470135,0.6770569411031182,0
2014-04-09 22:55:00,trace-468697,span-60281,ec2-storage-service,ec2_disk_write_bytes_c0d644.csv,WARNING,,14158199.567095745,0.4860817123212394,0
2014-04-09 23:00:00,trace-887199,span-13895,ec2-storage-service,ec2_disk_write_bytes_c0d644.csv,WARNING,,7836.008698654467,0.4776104078410054,0
2014-04-09 23:05:00,trace-667256,span-50097,ec2-storage-service,ec2_disk_write_bytes_c0d644.csv,WARNING,,102715218.07485893,0.485039092906522,0
2014-04-10 05:45:00,trace-701158,span-28174,ec2-storage-service,ec2_disk_write_bytes_c0d644.csv,WARNING,,631689329.4407884,0.7760904973230122,0
2014-04-10 05:50:00,trace-664790,span-46674,ec2-storage-service,ec2_disk_write_bytes_c0d644.csv,WARNING,,125469896.87073728,0.6524130228217007,0
2014-04-10 05:55:00,trace-822969,span-59464,ec2-storage-service,ec2_disk_write_bytes_c0d644.csv,WARNING,,99707558.38779543,0.4972586997053674,0
2014-04-10 06:00:00,trace-883924,span-64469,ec2-storage-service,ec2_disk_write_bytes_c0d644.csv,WARNING,,9356555.57444219,0.4904131779841443,0
2014-04-10 06:05:00,trace-958809,span-53723,ec2-storage-service,ec2_disk_write_bytes_c0d644.csv,WARNING,,2682896.8722552024,0.483428715938606,0
2014-04-10 12:55:00,trace-342113,span-86298,ec2-storage-service,ec2_disk_write_bytes_c0d644.csv,WARNING,,220295624.72599423,0.4150170928730138,0
2014-04-10 13:00:00,trace-729721,span-12147,ec2-storage-service,ec2_disk_write_bytes_c0d644.csv,WARNING,,271013777.4960901,0.4743590228624429,0
2014-04-10 13:05:00,trace-400589,span-63803,ec2-storage-service,ec2_disk_write_bytes_c0d644.csv,WARNING,,2505595.4429142,0.448905432224232,0
2014-04-10 13:35:00,trace-730458,span-12013,ec2-storage-service,ec2_disk_write_bytes_c0d644.csv,WARNING,,367492268.7470494,0.5520196384013384,0
2014-04-10 13:40:00,trace-939934,span-47755,ec2-storage-service,ec2_disk_write_bytes_c0d644.csv,WARNING,,0.0,0.4982680609862454,0
2014-04-10 13:50:00,trace-699649,span-31304,ec2-storage-service,ec2_disk_write_bytes_c0d644.csv,WARNING,,185106106.5928242,0.3735807103908614,0
2014-04-10 13:55:00,trace-992018,span-91171,ec2-storage-service,ec2_disk_write_bytes_c0d644.csv,WARNING,,786702244.0225329,0.8372659193410341,0
2014-04-10 14:00:00,trace-240562,span-31252,ec2-storage-service,ec2_disk_write_bytes_c0d644.csv,WARNING,,4849151.6599666625,0.7480005451425115,0
2014-04-10 14:05:00,trace-341535,span-79959,ec2-storage-service,ec2_disk_write_bytes_c0d644.csv,WARNING,,0.0,0.5277769857482937,0
2014-04-10 14:10:00,trace-883258,span-71991,ec2-storage-service,ec2_disk_write_bytes_c0d644.csv,WARNING,,0.0,0.5281558302058985,0
2014-04-10 14:15:00,trace-411997,span-41826,ec2-storage-service,ec2_disk_write_bytes_c0d644.csv,WARNING,,0.0,0.5252080231253556,0
2014-04-10 14:35:00,trace-696649,span-87990,ec2-storage-service,ec2_disk_write_bytes_c0d644.csv,ERROR,DiskWriteAnomaly: Unusual disk write pattern (863964000 bytes),949123144.8058517,0.9307642842347827,1
2014-04-10 14:40:00,trace-140736,span-34530,ec2-storage-service,ec2_disk_write_bytes_c0d644.csv,WARNING,,147709362.50341251,0.7908049087942692,0
2014-04-10 14:45:00,trace-730368,span-84094,ec2-storage-service,ec2_disk_write_bytes_c0d644.csv,WARNING,,0.0,0.6044470621103157,0
2014-04-10 14:50:00,trace-488742,span-47387,ec2-storage-service,ec2_disk_write_bytes_c0d644.csv,WARNING,,118351725.63553676,0.6132270390653953,0
2014-04-10 14:55:00,trace-532859,span-20100,ec2-storage-service,ec2_disk_write_bytes_c0d644.csv,WARNING,,4112638.0132319154,0.6049657623116296,0
2014-04-10 17:10:00,trace-531385,span-38804,ec2-storage-service,ec2_disk_write_bytes_c0d644.csv,WARNING,,503096039.7195002,0.6753821949866665,0
2014-04-10 17:15:00,trace-393132,span-86448,ec2-storage-service,ec2_disk_write_bytes_c0d644.csv,WARNING,,105182866.190702,0.5449720287588743,0
2014-04-10 17:20:00,trace-843264,span-77306,ec2-storage-service,ec2_disk_write_bytes_c0d644.csv,WARNING,,0.0,0.3967213943242608,0
2014-04-10 17:25:00,trace-374548,span-18989,ec2-storage-service,ec2_disk_write_bytes_c0d644.csv,WARNING,,141096508.07493883,0.421322324046619,0
2014-04-10 17:30:00,trace-865644,span-49462,ec2-storage-service,ec2_disk_write_bytes_c0d644.csv,WARNING,,3113947.408377378,0.4045966564948384,0
2014-04-10 18:35:00,trace-519503,span-75472,ec2-storage-service,ec2_disk_write_bytes_c0d644.csv,WARNING,,526476422.9393347,0.7294882477584606,0
2014-04-10 18:40:00,trace-134160,span-16789,ec2-storage-service,ec2_disk_write_bytes_c0d644.csv,WARNING,,46158378.54748064,0.6412228596381471,0
2014-04-10 18:45:00,trace-969029,span-75641,ec2-storage-service,ec2_disk_write_bytes_c0d644.csv,WARNING,,0.0,0.4356527475606992,0
2014-04-10 18:50:00,trace-331322,span-15544,ec2-storage-service,ec2_disk_write_bytes_c0d644.csv,WARNING,,120700351.43450408,0.4624968970755587,0
2014-04-10 18:55:00,trace-860649,span-73248,ec2-storage-service,ec2_disk_write_bytes_c0d644.csv,WARNING,,3064821.327896162,0.4495588686587859,0
2014-04-10 20:10:00,trace-512857,span-81749,ec2-storage-service,ec2_disk_write_bytes_c0d644.csv,WARNING,,668890736.6793954,0.7032488379645617,0
2014-04-10 20:15:00,trace-377749,span-60713,ec2-storage-service,ec2_disk_write_bytes_c0d644.csv,WARNING,,70437276.38493326,0.5972499323003806,0
2014-04-10 20:20:00,trace-944898,span-13981,ec2-storage-service,ec2_disk_write_bytes_c0d644.csv,WARNING,,0.0,0.4167492570505787,0
2014-04-10 20:25:00,trace-481382,span-26984,ec2-storage-service,ec2_disk_write_bytes_c0d644.csv,WARNING,,127048549.62891929,0.4427437662535144,0
2014-04-10 20:30:00,trace-515976,span-11524,ec2-storage-service,ec2_disk_write_bytes_c0d644.csv,WARNING,,2854832.574232445,0.427457269679082,0
2014-04-10 21:00:00,trace-191656,span-75614,ec2-storage-service,ec2_disk_write_bytes_c0d644.csv,WARNING,,649036678.5627468,0.7665562095991896,0
2014-04-10 21:05:00,trace-533048,span-55836,ec2-storage-service,ec2_disk_write_bytes_c0d644.csv,WARNING,,1923513.502038114,0.6894825242280794,0
2014-04-10 21:10:00,trace-883077,span-28562,ec2-storage-service,ec2_disk_write_bytes_c0d644.csv,WARNING,,865306.8842764184,0.4694355797923145,0
2014-04-10 21:15:00,trace-962839,span-17610,ec2-storage-service,ec2_disk_write_bytes_c0d644.csv,WARNING,,130863004.2627391,0.4910300870400633,0
2014-04-10 21:20:00,trace-115791,span-68047,ec2-storage-service,ec2_disk_write_bytes_c0d644.csv,WARNING,,3442652.2069559847,0.477054796652466,0
2014-04-10 22:50:00,trace-561122,span-29665,ec2-storage-service,ec2_disk_write_bytes_c0d644.csv,WARNING,,646592729.178749,0.6644232153886847,0
2014-04-10 22:55:00,trace-334955,span-96148,ec2-storage-service,ec2_disk_write_bytes_c0d644.csv,WARNING,,142870545.51679963,0.5275048551866244,0
2014-04-10 23:00:00,trace-657176,span-16749,ec2-storage-service,ec2_disk_write_bytes_c0d644.csv,WARNING,,0.0,0.3953563133431709,0
2014-04-10 23:05:00,trace-907040,span-90986,ec2-storage-service,ec2_disk_write_bytes_c0d644.csv,WARNING,,96855994.72120044,0.4163846824624395,0
2014-04-10 23:10:00,trace-446140,span-66017,ec2-storage-service,ec2_disk_write_bytes_c0d644.csv,WARNING,,2960972.9986342676,0.3974643090353564,0
2014-04-11 00:20:00,trace-635848,span-64401,ec2-storage-service,ec2_disk_write_bytes_c0d644.csv,WARNING,,126417152.48958077,0.3577534530473608,0
2014-04-11 00:25:00,trace-787823,span-41663,ec2-storage-service,ec2_disk_write_bytes_c0d644.csv,WARNING,,469573037.32076854,0.6411612589975345,0
2014-04-11 00:30:00,trace-551989,span-43123,ec2-storage-service,ec2_disk_write_bytes_c0d644.csv,WARNING,,0.0,0.5837983142159839,0
2014-04-11 00:35:00,trace-817997,span-10028,ec2-storage-service,ec2_disk_write_bytes_c0d644.csv,WARNING,,103710372.54739906,0.41564958612396,0
2014-04-11 00:40:00,trace-248469,span-55406,ec2-storage-service,ec2_disk_write_bytes_c0d644.csv,WARNING,,4947090.626258932,0.3933576648278614,0
2014-04-11 00:45:00,trace-616394,span-23503,ec2-storage-service,ec2_disk_write_bytes_c0d644.csv,WARNING,,3228617.7387076686,0.3917788309012584,0
2014-04-11 01:55:00,trace-706962,span-35345,ec2-storage-service,ec2_disk_write_bytes_c0d644.csv,WARNING,,309162610.83720887,0.4994039602585423,0
2014-04-11 02:00:00,trace-850401,span-69557,ec2-storage-service,ec2_disk_write_bytes_c0d644.csv,WARNING,,388321616.6765314,0.4806837477457527,0
2014-04-11 02:05:00,trace-632249,span-36140,ec2-storage-service,ec2_disk_write_bytes_c0d644.csv,WARNING,,0.0,0.459955503535989,0
2014-04-11 02:10:00,trace-289773,span-87567,ec2-storage-service,ec2_disk_write_bytes_c0d644.csv,WARNING,,122976130.33563823,0.3993288142645559,0
2014-04-11 02:15:00,trace-885216,span-91218,ec2-storage-service,ec2_disk_write_bytes_c0d644.csv,WARNING,,7175989.024602222,0.3741062182153618,0
2014-04-11 04:55:00,trace-521777,span-60568,ec2-storage-service,ec2_disk_write_bytes_c0d644.csv,WARNING,,364525111.84527314,0.5006925958749662,0
2014-04-11 05:00:00,trace-719256,span-39504,ec2-storage-service,ec2_disk_write_bytes_c0d644.csv,WARNING,,323229142.9422994,0.4763124734902175,0
2014-04-11 05:05:00,trace-664585,span-96394,ec2-storage-service,ec2_disk_write_bytes_c0d644.csv,WARNING,,0.0,0.4564842897887609,0
2014-04-11 05:10:00,trace-561823,span-26939,ec2-storage-service,ec2_disk_write_bytes_c0d644.csv,WARNING,,116241481.77798402,0.411572812858604,0
2014-04-11 05:15:00,trace-406604,span-76576,ec2-storage-service,ec2_disk_write_bytes_c0d644.csv,WARNING,,8475286.590002099,0.3735343940570368,0
2014-04-11 10:40:00,trace-162119,span-45321,ec2-storage-service,ec2_disk_write_bytes_c0d644.csv,WARNING,,773401867.6271621,0.767238736286691,0
2014-04-11 10:45:00,trace-509675,span-96246,ec2-storage-service,ec2_disk_write_bytes_c0d644.csv,WARNING,,0.0,0.6891517057995429,0
2014-04-11 10:50:00,trace-249805,span-29157,ec2-storage-service,ec2_disk_write_bytes_c0d644.csv,WARNING,,133593143.50955765,0.4914516873050641,0
2014-04-11 10:55:00,trace-732900,span-93028,ec2-storage-service,ec2_disk_write_bytes_c0d644.csv,WARNING,,10248593.726430105,0.4780245462991414,0
2014-04-11 11:00:00,trace-338178,span-39680,ec2-storage-service,ec2_disk_write_bytes_c0d644.csv,WARNING,,3100797.0522193345,0.4745333175243409,0
2014-04-11 12:50:00,trace-464446,span-84400,ec2-storage-service,ec2_disk_write_bytes_c0d644.csv,WARNING,,264639382.75901386,0.4631578893431484,0
2014-04-11 12:55:00,trace-630084,span-57218,ec2-storage-service,ec2_disk_write_bytes_c0d644.csv,WARNING,,443597935.5633179,0.5168633354624041,0
2014-04-11 13:00:00,trace-763582,span-34074,ec2-storage-service,ec2_disk_write_bytes_c0d644.csv,WARNING,,368675.23385091237,0.4761480691854348,0
2014-04-11 13:10:00,trace-523041,span-46839,ec2-storage-service,ec2_disk_write_bytes_c0d644.csv,WARNING,,126396216.22889449,0.3878668049596793,0
2014-04-11 14:15:00,trace-692610,span-66321,ec2-storage-service,ec2_disk_write_bytes_c0d644.csv,WARNING,,678847188.9609314,0.7468335977949571,0
2014-04-11 14:20:00,trace-734388,span-35988,ec2-storage-service,ec2_disk_write_bytes_c0d644.csv,WARNING,,26347716.68295365,0.6642035782819975,0
2014-04-11 14:25:00,trace-591860,span-33806,ec2-storage-service,ec2_disk_write_bytes_c0d644.csv,WARNING,,0.0,0.4501807201454699,0
2014-04-11 14:30:00,trace-510259,span-85761,ec2-storage-service,ec2_disk_write_bytes_c0d644.csv,WARNING,,102980201.71210186,0.4751672352403391,0
2014-04-11 14:35:00,trace-797976,span-62127,ec2-storage-service,ec2_disk_write_bytes_c0d644.csv,WARNING,,0.0,0.4602601880081901,0
2014-04-11 17:35:00,trace-961864,span-97362,ec2-storage-service,ec2_disk_write_bytes_c0d644.csv,WARNING,,298861093.7815904,0.4729792232789794,0
2014-04-11 17:40:00,trace-199122,span-80404,ec2-storage-service,ec2_disk_write_bytes_c0d644.csv,WARNING,,645518975.0118543,0.6622875385417579,0
2014-04-11 17:45:00,trace-439851,span-99647,ec2-storage-service,ec2_disk_write_bytes_c0d644.csv,WARNING,,471710595.92807865,0.675044614951257,0
2014-04-11 17:50:00,trace-872466,span-12017,ec2-storage-service,ec2_disk_write_bytes_c0d644.csv,WARNING,,298190716.1770661,0.6425108997560516,0
2014-04-11 17:55:00,trace-207724,span-14792,ec2-storage-service,ec2_disk_write_bytes_c0d644.csv,WARNING,,16536.85686560078,0.6181654257280418,0
2014-04-11 18:00:00,trace-938018,span-91787,ec2-storage-service,ec2_disk_write_bytes_c0d644.csv,WARNING,,0.0,0.5500012767628639,0
2014-04-11 18:05:00,trace-789566,span-13543,ec2-storage-service,ec2_disk_write_bytes_c0d644.csv,WARNING,,375005999.36655796,0.5343386111264802,0
2014-04-11 18:10:00,trace-728935,span-45031,ec2-storage-service,ec2_disk_write_bytes_c0d644.csv,WARNING,,695707291.6180857,0.7921778084046418,0
2014-04-11 18:15:00,trace-551067,span-65311,ec2-storage-service,ec2_disk_write_bytes_c0d644.csv,WARNING,,554495183.6496803,0.7818046842131734,0
2014-04-11 18:20:00,trace-165867,span-98780,ec2-storage-service,ec2_disk_write_bytes_c0d644.csv,WARNING,,656401591.852143,0.7910081287585771,0
2014-04-11 18:25:00,trace-944326,span-97640,ec2-storage-service,ec2_disk_write_bytes_c0d644.csv,WARNING,,521155902.9978941,0.917685989870678,0
2014-04-11 18:30:00,trace-721535,span-58893,ec2-storage-service,ec2_disk_write_bytes_c0d644.csv,WARNING,,566376209.9265453,0.9716550371953668,0
2014-04-11 18:35:00,trace-143822,span-98534,ec2-storage-service,ec2_disk_write_bytes_c0d644.csv,WARNING,,532308457.6065358,0.9620501117342986,0
2014-04-11 18:40:00,trace-490732,span-70091,ec2-storage-service,ec2_disk_write_bytes_c0d644.csv,WARNING,,596838968.2128618,0.9527598673660724,0
2014-04-11 18:45:00,trace-510609,span-44318,ec2-storage-service,ec2_disk_write_bytes_c0d644.csv,WARNING,,522356552.74342704,0.9554711900325374,0
2014-04-11 18:50:00,trace-279006,span-91103,ec2-storage-service,ec2_disk_write_bytes_c0d644.csv,WARNING,,741671577.441496,0.9793815772122046,0
2014-04-11 18:55:00,trace-713655,span-23265,ec2-storage-service,ec2_disk_write_bytes_c0d644.csv,WARNING,,340843808.4902135,0.927905551175796,0
2014-04-11 19:00:00,trace-703910,span-39187,ec2-storage-service,ec2_disk_write_bytes_c0d644.csv,WARNING,,379212862.5285251,0.8563062090072932,0
2014-04-11 19:05:00,trace-775899,span-66630,ec2-storage-service,ec2_disk_write_bytes_c0d644.csv,WARNING,,0.0,0.713623129980848,0
2014-04-11 19:10:00,trace-270457,span-97580,ec2-storage-service,ec2_disk_write_bytes_c0d644.csv,WARNING,,0.0,0.5882350362858142,0
2014-04-11 19:15:00,trace-459181,span-35008,ec2-storage-service,ec2_disk_write_bytes_c0d644.csv,WARNING,,0.0,0.3618369329242362,0
2014-04-11 20:20:00,trace-189876,span-34976,ec2-storage-service,ec2_disk_write_bytes_c0d644.csv,WARNING,,336432121.12337685,0.5093866950541448,0
2014-04-11 20:25:00,trace-782986,span-69789,ec2-storage-service,ec2_disk_write_bytes_c0d644.csv,WARNING,,1297888.532479987,0.4577344300940505,0
2014-04-11 20:45:00,trace-819005,span-83396,ec2-storage-service,ec2_disk_write_bytes_c0d644.csv,WARNING,,577576228.7450985,0.6956081404685692,0
2014-04-11 20:50:00,trace-299121,span-83366,ec2-storage-service,ec2_disk_write_bytes_c0d644.csv,WARNING,,75012358.34052517,0.578432377921523,0
2014-04-11 20:55:00,trace-156096,span-17910,ec2-storage-service,ec2_disk_write_bytes_c0d644.csv,WARNING,,0.0,0.4109270150325596,0
2014-04-11 21:00:00,trace-150248,span-84656,ec2-storage-service,ec2_disk_write_bytes_c0d644.csv,WARNING,,142653870.42016986,0.4358668352159362,0
2014-04-11 21:05:00,trace-179888,span-85282,ec2-storage-service,ec2_disk_write_bytes_c0d644.csv,WARNING,,412203.2273604094,0.4168405430035766,0
2014-04-11 22:40:00,trace-141954,span-99719,ec2-storage-service,ec2_disk_write_bytes_c0d644.csv,WARNING,,564201836.8137063,0.6831693185373164,0
2014-04-11 22:45:00,trace-362739,span-39592,ec2-storage-service,ec2_disk_write_bytes_c0d644.csv,WARNING,,79719662.46140558,0.5630383707617528,0
2014-04-11 22:50:00,trace-424809,span-30823,ec2-storage-service,ec2_disk_write_bytes_c0d644.csv,WARNING,,1234120.8077589478,0.4040948445965425,0
2014-04-11 22:55:00,trace-821754,span-81055,ec2-storage-service,ec2_disk_write_bytes_c0d644.csv,WARNING,,105626050.02332187,0.4313276469961383,0
2014-04-11 23:00:00,trace-464765,span-95374,ec2-storage-service,ec2_disk_write_bytes_c0d644.csv,WARNING,,517167.1025572418,0.4084602462569473,0
2014-04-12 00:20:00,trace-658086,span-99826,ec2-storage-service,ec2_disk_write_bytes_c0d644.csv,WARNING,,538028091.7907188,0.6475590384000638,0
2014-04-12 00:25:00,trace-953415,span-53005,ec2-storage-service,ec2_disk_write_bytes_c0d644.csv,WARNING,,124218933.85307616,0.5114649419346029,0
2014-04-12 00:30:00,trace-259472,span-21953,ec2-storage-service,ec2_disk_write_bytes_c0d644.csv,WARNING,,0.0,0.3899344040235148,0
2014-04-12 00:35:00,trace-254607,span-85536,ec2-storage-service,ec2_disk_write_bytes_c0d644.csv,WARNING,,104825802.15168148,0.409861223359551,0
2014-04-12 00:40:00,trace-967461,span-14055,ec2-storage-service,ec2_disk_write_bytes_c0d644.csv,WARNING,,1709337.711694487,0.3917431676535348,0
2014-04-12 01:50:00,trace-329016,span-38251,ec2-storage-service,ec2_disk_write_bytes_c0d644.csv,WARNING,,307113990.50992566,0.4633008262026771,0
2014-04-12 01:55:00,trace-148037,span-88082,ec2-storage-service,ec2_disk_write_bytes_c0d644.csv,WARNING,,394311792.06761813,0.5301442205407019,0
2014-04-12 02:00:00,trace-964358,span-88816,ec2-storage-service,ec2_disk_write_bytes_c0d644.csv,WARNING,,0.0,0.4926797515873348,0
2014-04-12 02:05:00,trace-723813,span-20702,ec2-storage-service,ec2_disk_write_bytes_c0d644.csv,WARNING,,115748594.5178058,0.4122254393987787,0
2014-04-12 02:10:00,trace-895768,span-75421,ec2-storage-service,ec2_disk_write_bytes_c0d644.csv,WARNING,,4668054.0733980555,0.3695269573929186,0
2014-04-13 20:35:00,trace-608670,span-99630,ec2-storage-service,ec2_disk_write_bytes_c0d644.csv,WARNING,,610370003.1108927,0.7673366395225615,0
2014-04-13 20:40:00,trace-744062,span-94585,ec2-storage-service,ec2_disk_write_bytes_c0d644.csv,WARNING,,1338929.3608210413,0.6910605034030681,0
2014-04-13 20:45:00,trace-804397,span-90103,ec2-storage-service,ec2_disk_write_bytes_c0d644.csv,WARNING,,0.0,0.4694710169266692,0
2014-04-13 20:50:00,trace-234585,span-23335,ec2-storage-service,ec2_disk_write_bytes_c0d644.csv,WARNING,,143773550.10723478,0.4911647319352415,0
2014-04-13 20:55:00,trace-835733,span-87658,ec2-storage-service,ec2_disk_write_bytes_c0d644.csv,WARNING,,21802.274396979792,0.477969046825442,0
2014-04-13 22:00:00,trace-917439,span-66947,ec2-storage-service,ec2_disk_write_bytes_c0d644.csv,WARNING,,557125233.1568708,0.6665023705774547,0
2014-04-13 22:05:00,trace-717508,span-36393,ec2-storage-service,ec2_disk_write_bytes_c0d644.csv,WARNING,,132218656.42353499,0.5222279218160714,0
2014-04-13 22:10:00,trace-974722,span-96335,ec2-storage-service,ec2_disk_write_bytes_c0d644.csv,WARNING,,0.0,0.395719038313574,0
2014-04-13 22:15:00,trace-621397,span-15993,ec2-storage-service,ec2_disk_write_bytes_c0d644.csv,WARNING,,120732441.7274571,0.4158080316740361,0
2014-04-13 22:20:00,trace-858685,span-62066,ec2-storage-service,ec2_disk_write_bytes_c0d644.csv,WARNING,,2485883.075319629,0.3958270925806397,0
2014-04-14 18:25:00,trace-116138,span-54527,ec2-storage-service,ec2_disk_write_bytes_c0d644.csv,WARNING,,179345485.85622877,0.378483635760355,0
2014-04-14 18:30:00,trace-178422,span-65698,ec2-storage-service,ec2_disk_write_bytes_c0d644.csv,WARNING,,440684767.66075164,0.6265013008211913,0
2014-04-14 18:35:00,trace-129086,span-27322,ec2-storage-service,ec2_disk_write_bytes_c0d644.csv,WARNING,,1150711.3744349452,0.5720371150668202,0
2014-04-14 18:40:00,trace-987246,span-93569,ec2-storage-service,ec2_disk_write_bytes_c0d644.csv,WARNING,,97892464.49996245,0.4116275554586306,0
2014-04-14 18:45:00,trace-103435,span-63331,ec2-storage-service,ec2_disk_write_bytes_c0d644.csv,WARNING,,10314125.766081296,0.3876792068130399,0
2014-04-14 18:50:00,trace-522275,span-67557,ec2-storage-service,ec2_disk_write_bytes_c0d644.csv,WARNING,,0.0,0.3789771431426675,0
2014-04-15 06:15:00,trace-939446,span-42826,ec2-storage-service,ec2_disk_write_bytes_c0d644.csv,WARNING,,232569481.37542698,0.4132562028276982,0
2014-04-15 06:20:00,trace-383466,span-45739,ec2-storage-service,ec2_disk_write_bytes_c0d644.csv,WARNING,,453084693.3945357,0.5951441834499032,0
2014-04-15 06:25:00,trace-108314,span-85164,ec2-storage-service,ec2_disk_write_bytes_c0d644.csv,WARNING,,0.0,0.5458976544306046,0
2014-04-15 06:30:00,trace-922545,span-25357,ec2-storage-service,ec2_disk_write_bytes_c0d644.csv,WARNING,,116411120.20044707,0.4110209847527548,0
2014-04-15 06:35:00,trace-401173,span-11737,ec2-storage-service,ec2_disk_write_bytes_c0d644.csv,WARNING,,6941729.099726992,0.3726255158034182,0
2014-04-15 06:40:00,trace-709762,span-88218,ec2-storage-service,ec2_disk_write_bytes_c0d644.csv,WARNING,,0.0,0.3535065782502878,0
2014-04-15 11:05:00,trace-865387,span-56157,ec2-storage-service,ec2_disk_write_bytes_c0d644.csv,WARNING,,588774146.2993659,0.698928435774105,0
2014-04-15 11:10:00,trace-272106,span-10294,ec2-storage-service,ec2_disk_write_bytes_c0d644.csv,WARNING,,32482.68670276094,0.6321872100825816,0
2014-04-15 11:15:00,trace-198185,span-21434,ec2-storage-service,ec2_disk_write_bytes_c0d644.csv,WARNING,,133666918.93561287,0.446530299656237,0
2014-04-15 11:20:00,trace-628943,span-93029,ec2-storage-service,ec2_disk_write_bytes_c0d644.csv,WARNING,,10754179.753288476,0.426585897308035,0
2014-04-15 11:25:00,trace-436243,span-66799,ec2-storage-service,ec2_disk_write_bytes_c0d644.csv,WARNING,,2061232.3076193742,0.4259816127792645,0
2014-04-15 18:15:00,trace-420580,span-42376,ec2-storage-service,ec2_disk_write_bytes_c0d644.csv,WARNING,,639352850.3080751,0.6530349495318208,0
2014-04-15 18:20:00,trace-177924,span-39332,ec2-storage-service,ec2_disk_write_bytes_c0d644.csv,WARNING,,112323995.16204496,0.5164757539425764,0
2014-04-15 18:25:00,trace-493056,span-99031,ec2-storage-service,ec2_disk_write_bytes_c0d644.csv,WARNING,,0.0,0.3927873452629883,0
2014-04-15 18:30:00,trace-383135,span-37472,ec2-storage-service,ec2_disk_write_bytes_c0d644.csv,WARNING,,137127111.81550118,0.4127678102937989,0
2014-04-15 18:35:00,trace-363685,span-12765,ec2-storage-service,ec2_disk_write_bytes_c0d644.csv,WARNING,,1650230.4137583498,0.3937965480277636,0
2014-04-15 19:05:00,trace-784643,span-10769,ec2-storage-service,ec2_disk_write_bytes_c0d644.csv,WARNING,,717084417.3044723,0.7667647006048162,0
2014-04-15 19:10:00,trace-889404,span-28256,ec2-storage-service,ec2_disk_write_bytes_c0d644.csv,WARNING,,103182.19863248362,0.6901946881529273,0
2014-04-15 19:15:00,trace-249725,span-96669,ec2-storage-service,ec2_disk_write_bytes_c0d644.csv,WARNING,,0.0,0.4725353278799155,0
2014-04-15 19:20:00,trace-989808,span-52399,ec2-storage-service,ec2_disk_write_bytes_c0d644.csv,WARNING,,136651639.6072103,0.4939496345023724,0
2014-04-15 19:25:00,trace-507922,span-48231,ec2-storage-service,ec2_disk_write_bytes_c0d644.csv,WARNING,,36389.710735730376,0.4784236808994048,0
2014-04-15 23:35:00,trace-618993,span-86631,ec2-storage-service,ec2_disk_write_bytes_c0d644.csv,WARNING,,618936474.3015428,0.6904555532947068,0
2014-04-15 23:40:00,trace-257541,span-11313,ec2-storage-service,ec2_disk_write_bytes_c0d644.csv,WARNING,,103667110.2753841,0.5713412028155137,0
2014-04-15 23:45:00,trace-241002,span-13285,ec2-storage-service,ec2_disk_write_bytes_c0d644.csv,WARNING,,0.0,0.4080751660424497,0
2014-04-15 23:50:00,trace-247776,span-28705,ec2-storage-service,ec2_disk_write_bytes_c0d644.csv,WARNING,,138260219.35456118,0.4347084232077953,0
2014-04-15 23:55:00,trace-433112,span-76922,ec2-storage-service,ec2_disk_write_bytes_c0d644.csv,WARNING,,1072339.6269707843,0.4134855560592015,0
2014-04-16 02:30:00,trace-765979,span-82390,ec2-storage-service,ec2_disk_write_bytes_c0d644.csv,WARNING,,523620048.0631123,0.6643145735002247,0
2014-04-16 02:35:00,trace-607553,span-69274,ec2-storage-service,ec2_disk_write_bytes_c0d644.csv,WARNING,,127424263.81818323,0.5275701733008822,0
2014-04-16 02:40:00,trace-473410,span-36739,ec2-storage-service,ec2_disk_write_bytes_c0d644.csv,WARNING,,0.0,0.3952996144174238,0
2014-04-16 02:45:00,trace-153019,span-86154,ec2-storage-service,ec2_disk_write_bytes_c0d644.csv,WARNING,,112949065.69637033,0.4163279835366923,0
2014-04-16 02:50:00,trace-790641,span-30187,ec2-storage-service,ec2_disk_write_bytes_c0d644.csv,WARNING,,1365795.3904150336,0.3971540015270755,0
2014-04-16 03:45:00,trace-862473,span-94085,ec2-storage-service,ec2_disk_write_bytes_c0d644.csv,WARNING,,468594308.4680098,0.670272463863513,0
2014-04-16 03:50:00,trace-492647,span-17642,ec2-storage-service,ec2_disk_write_bytes_c0d644.csv,WARNING,,132542660.00900505,0.534354589614266,0
2014-04-16 03:55:00,trace-526976,span-48192,ec2-storage-service,ec2_disk_write_bytes_c0d644.csv,WARNING,,0.0,0.395249290135131,0
2014-04-16 04:00:00,trace-851943,span-29558,ec2-storage-service,ec2_disk_write_bytes_c0d644.csv,WARNING,,124099810.31699735,0.4178291702580171,0
2014-04-16 04:05:00,trace-846777,span-64712,ec2-storage-service,ec2_disk_write_bytes_c0d644.csv,WARNING,,1874206.1178214431,0.4007170588589677,0
2014-04-16 04:40:00,trace-250534,span-70030,ec2-storage-service,ec2_disk_write_bytes_c0d644.csv,WARNING,,401605265.173014,0.5482759884514458,0
2014-04-16 04:45:00,trace-286278,span-56950,ec2-storage-service,ec2_disk_write_bytes_c0d644.csv,WARNING,,224502400.6659828,0.4327431623300883,0
2014-04-16 04:50:00,trace-240749,span-85828,ec2-storage-service,ec2_disk_write_bytes_c0d644.csv,WARNING,,0.0,0.4011423437878242,0
2014-04-16 04:55:00,trace-505123,span-15609,ec2-storage-service,ec2_disk_write_bytes_c0d644.csv,WARNING,,132687474.96712555,0.4113125032280237,0
2014-04-16 05:00:00,trace-537359,span-32936,ec2-storage-service,ec2_disk_write_bytes_c0d644.csv,WARNING,,3496377.9783348683,0.3652130093017049,0
2014-04-15 16:44:00,trace-997691,span-23163,ec2-network-service,ec2_network_in_257a54.csv,ERROR,NetworkInAnomaly: Abnormal network traffic (13429000 bytes),11680536.069535255,0.3753531906456719,1
2014-04-15 16:49:00,trace-277129,span-22537,ec2-network-service,ec2_network_in_257a54.csv,WARNING,,7509416.570731704,0.3699547128367332,0
2014-04-15 16:54:00,trace-830351,span-84599,ec2-network-service,ec2_network_in_257a54.csv,WARNING,,159162488.69964206,0.715531316428135,0
2014-04-15 16:59:00,trace-848294,span-12413,ec2-network-service,ec2_network_in_257a54.csv,WARNING,,2900372.9608128346,0.6408019568896863,0
2014-04-15 17:04:00,trace-989234,span-12105,ec2-network-service,ec2_network_in_257a54.csv,WARNING,,335148.94228569797,0.5178226148864502,0
2014-04-15 17:09:00,trace-600850,span-68408,ec2-network-service,ec2_network_in_257a54.csv,WARNING,,212454364.9296933,0.9958077743826302,0
2014-04-15 17:14:00,trace-345993,span-89731,ec2-network-service,ec2_network_in_257a54.csv,WARNING,,52895767.59269507,0.7747185816335187,0
2014-04-15 17:19:00,trace-950712,span-25762,ec2-network-service,ec2_network_in_257a54.csv,WARNING,,336708.8857716432,0.6693277623225117,0
2014-04-15 17:24:00,trace-337902,span-68703,ec2-network-service,ec2_network_in_257a54.csv,WARNING,,268328.7337179503,0.6424620257815484,0
2014-04-15 17:29:00,trace-645865,span-11214,ec2-network-service,ec2_network_in_257a54.csv,WARNING,,262269.7669229034,0.643272931800618,0
2014-04-15 17:34:00,trace-582450,span-73230,ec2-network-service,ec2_network_in_257a54.csv,WARNING,,349360.5096120709,0.390269487342018,0
2014-04-15 21:19:00,trace-167194,span-87806,ec2-network-service,ec2_network_in_257a54.csv,WARNING,,13108212.771665726,0.3674633181469344,0
2014-03-03 17:21:00,trace-145807,span-32301,ec2-network-service,ec2_network_in_5abac7.csv,WARNING,,5276049.116646771,0.7167099186082759,0
2014-03-03 17:26:00,trace-728580,span-23777,ec2-network-service,ec2_network_in_5abac7.csv,WARNING,,10932.62943332551,0.5633147246511233,0
2014-03-03 17:31:00,trace-719265,span-57819,ec2-network-service,ec2_network_in_5abac7.csv,WARNING,,779844.4392740042,0.4284357714286784,0
2014-03-03 17:36:00,trace-996618,span-33290,ec2-network-service,ec2_network_in_5abac7.csv,WARNING,,63.01187922575078,0.3971458257635072,0
2014-03-03 17:41:00,trace-275324,span-13293,ec2-network-service,ec2_network_in_5abac7.csv,WARNING,,44.87053010163202,0.3848931664289197,0
2014-03-03 18:46:00,trace-603150,span-67089,ec2-network-service,ec2_network_in_5abac7.csv,WARNING,,5133791.427136708,0.7169493474673292,0
2014-03-03 18:51:00,trace-490857,span-76273,ec2-network-service,ec2_network_in_5abac7.csv,WARNING,,9148.303346290073,0.5625775118628461,0
2014-03-03 18:56:00,trace-870759,span-97908,ec2-network-service,ec2_network_in_5abac7.csv,WARNING,,623704.2126766589,0.4283804346966217,0
2014-03-03 19:01:00,trace-544256,span-66325,ec2-network-service,ec2_network_in_5abac7.csv,WARNING,,52.67862645528384,0.397990960676661,0
2014-03-03 19:06:00,trace-992007,span-22178,ec2-network-service,ec2_network_in_5abac7.csv,WARNING,,42.14927228692733,0.3886546805058811,0
2014-03-03 19:51:00,trace-909216,span-73722,ec2-network-service,ec2_network_in_5abac7.csv,WARNING,,4948129.947469501,0.720777678095119,0
2014-03-03 19:56:00,trace-551069,span-77359,ec2-network-service,ec2_network_in_5abac7.csv,WARNING,,55799.010018020366,0.5670354464840637,0
2014-03-03 20:01:00,trace-377255,span-42312,ec2-network-service,ec2_network_in_5abac7.csv,WARNING,,7750.729114315343,0.4072345014649294,0
2014-03-03 20:06:00,trace-991255,span-77313,ec2-network-service,ec2_network_in_5abac7.csv,WARNING,,720929.6991416377,0.4305498924130957,0
2014-03-03 20:11:00,trace-704596,span-56389,ec2-network-service,ec2_network_in_5abac7.csv,WARNING,,78.47116565396284,0.4015610320762929,0
2014-03-03 20:36:00,trace-732088,span-17490,ec2-network-service,ec2_network_in_5abac7.csv,WARNING,,4915697.138023216,0.7166393864416885,0
2014-03-03 20:41:00,trace-124502,span-45757,ec2-network-service,ec2_network_in_5abac7.csv,WARNING,,10565.617607085162,0.5623158491301121,0
2014-03-03 20:46:00,trace-682933,span-69055,ec2-network-service,ec2_network_in_5abac7.csv,WARNING,,668230.2474050316,0.4312513632477758,0
2014-03-03 20:51:00,trace-784266,span-80192,ec2-network-service,ec2_network_in_5abac7.csv,WARNING,,317823.1459439444,0.4326667020821122,0
2014-03-03 20:56:00,trace-846631,span-62021,ec2-network-service,ec2_network_in_5abac7.csv,WARNING,,112.97655570517269,0.4168755633678966,0
2014-03-03 21:51:00,trace-468987,span-11831,ec2-network-service,ec2_network_in_5abac7.csv,WARNING,,4957708.348439518,0.7151095380753578,0
2014-03-03 21:56:00,trace-172782,span-28302,ec2-network-service,ec2_network_in_5abac7.csv,WARNING,,78.22176649087538,0.5632204671208638,0
2014-03-03 22:01:00,trace-464206,span-61507,ec2-network-service,ec2_network_in_5abac7.csv,WARNING,,163442.3293101906,0.4159664566835662,0
2014-03-03 22:06:00,trace-307580,span-20683,ec2-network-service,ec2_network_in_5abac7.csv,WARNING,,414876.49508253153,0.411739788426341,0
2014-03-03 22:11:00,trace-875372,span-43172,ec2-network-service,ec2_network_in_5abac7.csv,WARNING,,63.32647516937271,0.3930206537879931,0
2014-03-03 23:31:00,trace-711524,span-21017,ec2-network-service,ec2_network_in_5abac7.csv,WARNING,,5633507.930647135,0.7151021380085497,0
2014-03-03 23:36:00,trace-654636,span-26448,ec2-network-service,ec2_network_in_5abac7.csv,WARNING,,6695.023964102305,0.5611920963693469,0
2014-03-03 23:41:00,trace-221070,span-68759,ec2-network-service,ec2_network_in_5abac7.csv,WARNING,,551103.6798515249,0.4242577992387227,0
2014-03-03 23:46:00,trace-362512,span-83960,ec2-network-service,ec2_network_in_5abac7.csv,WARNING,,108.68052424966454,0.3948101935452686,0
2014-03-03 23:51:00,trace-660139,span-35496,ec2-network-service,ec2_network_in_5abac7.csv,WARNING,,61.217618119029794,0.3822967796199643,0
2014-03-04 00:11:00,trace-786296,span-88858,ec2-network-service,ec2_network_in_5abac7.csv,WARNING,,4978670.299035972,0.7188937441936847,0
2014-03-04 00:16:00,trace-825155,span-46390,ec2-network-service,ec2_network_in_5abac7.csv,WARNING,,27587.405158314035,0.5652690941771504,0
2014-03-04 00:21:00,trace-783725,span-27207,ec2-network-service,ec2_network_in_5abac7.csv,WARNING,,130945.0107801517,0.4155825064882308,0
2014-03-04 00:26:00,trace-180771,span-66572,ec2-network-service,ec2_network_in_5abac7.csv,WARNING,,440753.6043776642,0.4146849704979299,0
2014-03-04 00:31:00,trace-737943,span-29276,ec2-network-service,ec2_network_in_5abac7.csv,WARNING,,44.889932004632996,0.3975199056613707,0
2014-03-04 01:01:00,trace-847365,span-45670,ec2-network-service,ec2_network_in_5abac7.csv,WARNING,,5074306.082031418,0.7142353438979474,0
2014-03-04 01:06:00,trace-473839,span-46486,ec2-network-service,ec2_network_in_5abac7.csv,WARNING,,8588.638349057712,0.5612079017932832,0
2014-03-04 01:11:00,trace-207338,span-91335,ec2-network-service,ec2_network_in_5abac7.csv,WARNING,,634288.8170048113,0.4232860563637568,0
2014-03-04 01:16:00,trace-187132,span-42959,ec2-network-service,ec2_network_in_5abac7.csv,WARNING,,54.92131021855135,0.3924449226201029,0
2014-03-04 01:21:00,trace-698411,span-66326,ec2-network-service,ec2_network_in_5abac7.csv,WARNING,,34.2304814465343,0.3836349135290765,0
2014-03-04 17:11:00,trace-694486,span-37197,ec2-network-service,ec2_network_in_5abac7.csv,WARNING,,6234024.510669994,0.7138834611338994,0
2014-03-04 17:16:00,trace-208775,span-35032,ec2-network-service,ec2_network_in_5abac7.csv,WARNING,,9017.87516397165,0.5603135606290996,0
2014-03-04 17:21:00,trace-928396,span-40028,ec2-network-service,ec2_network_in_5abac7.csv,WARNING,,650054.0084441468,0.4227111650931594,0
2014-03-04 17:26:00,trace-967619,span-18536,ec2-network-service,ec2_network_in_5abac7.csv,WARNING,,85.21547596418871,0.392503722449071,0
2014-03-04 17:31:00,trace-145712,span-16273,ec2-network-service,ec2_network_in_5abac7.csv,WARNING,,67.57384623483593,0.3832392301488949,0
2014-03-04 21:06:00,trace-715516,span-84353,ec2-network-service,ec2_network_in_5abac7.csv,WARNING,,5401423.455740779,0.7166793468024517,0
2014-03-04 21:11:00,trace-448058,span-60830,ec2-network-service,ec2_network_in_5abac7.csv,WARNING,,14578.525747535132,0.5646814461108733,0
2014-03-04 21:16:00,trace-346222,span-93488,ec2-network-service,ec2_network_in_5abac7.csv,WARNING,,173724.6455280653,0.4159011704595856,0
2014-03-04 21:21:00,trace-932651,span-24692,ec2-network-service,ec2_network_in_5abac7.csv,WARNING,,438361.6643120974,0.4143186062790505,0
2014-03-04 21:26:00,trace-894335,span-38527,ec2-network-service,ec2_network_in_5abac7.csv,WARNING,,92.53313352253349,0.3973247548494346,0
2014-03-04 22:11:00,trace-682296,span-93276,ec2-network-service,ec2_network_in_5abac7.csv,WARNING,,5693009.72811413,0.7164130387770675,0
2014-03-04 22:16:00,trace-766220,span-27438,ec2-network-service,ec2_network_in_5abac7.csv,WARNING,,181.11096312005517,0.5647728450611265,0
2014-03-04 22:21:00,trace-907274,span-70213,ec2-network-service,ec2_network_in_5abac7.csv,WARNING,,160200.22321886616,0.418147099493801,0
2014-03-04 22:26:00,trace-198971,span-78906,ec2-network-service,ec2_network_in_5abac7.csv,WARNING,,431043.57181131886,0.4180897974279028,0
2014-03-04 22:31:00,trace-419586,span-95990,ec2-network-service,ec2_network_in_5abac7.csv,WARNING,,123.30743067412149,0.3967571603649791,0
2014-03-04 23:01:00,trace-334975,span-13650,ec2-network-service,ec2_network_in_5abac7.csv,WARNING,,6245987.396490471,0.7183486709870508,0
2014-03-04 23:06:00,trace-889622,span-58113,ec2-network-service,ec2_network_in_5abac7.csv,WARNING,,9825.20057247919,0.5625238884793353,0
2014-03-04 23:11:00,trace-329767,span-27459,ec2-network-service,ec2_network_in_5abac7.csv,WARNING,,679157.7180198047,0.4270826880542401,0
2014-03-04 23:16:00,trace-278157,span-28768,ec2-network-service,ec2_network_in_5abac7.csv,WARNING,,50.242797984492604,0.3988472011778808,0
2014-03-04 23:21:00,trace-353807,span-37885,ec2-network-service,ec2_network_in_5abac7.csv,WARNING,,112.71830117872993,0.3899725362658494,0
2014-03-05 18:36:00,trace-893327,span-60311,ec2-network-service,ec2_network_in_5abac7.csv,WARNING,,5114723.134071531,0.7154418740130579,0
2014-03-05 18:41:00,trace-171017,span-33932,ec2-network-service,ec2_network_in_5abac7.csv,WARNING,,9367.245462229774,0.561369185194724,0
2014-03-05 18:46:00,trace-602394,span-95468,ec2-network-service,ec2_network_in_5abac7.csv,WARNING,,151848.21689644014,0.4150342562435087,0
2014-03-05 18:51:00,trace-155823,span-48032,ec2-network-service,ec2_network_in_5abac7.csv,WARNING,,517389.561258713,0.4119983556513863,0
2014-03-05 18:56:00,trace-118807,span-21767,ec2-network-service,ec2_network_in_5abac7.csv,WARNING,,33.996345058717374,0.3918609034605665,0
2014-03-05 19:21:00,trace-781509,span-25540,ec2-network-service,ec2_network_in_5abac7.csv,WARNING,,4648831.984914764,0.717577260190269,0
2014-03-05 19:26:00,trace-352515,span-95435,ec2-network-service,ec2_network_in_5abac7.csv,WARNING,,215943.1307989145,0.5701025608126216,0
2014-03-05 19:31:00,trace-350768,span-32606,ec2-network-service,ec2_network_in_5abac7.csv,WARNING,,8216.753899629874,0.4155382651821537,0
2014-03-05 19:36:00,trace-872783,span-56936,ec2-network-service,ec2_network_in_5abac7.csv,WARNING,,676418.8729887778,0.4378787000514841,0
2014-03-05 19:41:00,trace-661669,span-38074,ec2-network-service,ec2_network_in_5abac7.csv,WARNING,,58.47662034387431,0.4113450220213474,0
2014-03-05 20:11:00,trace-804737,span-36853,ec2-network-service,ec2_network_in_5abac7.csv,WARNING,,5420613.459235874,0.715215867988394,0
2014-03-05 20:16:00,trace-623512,span-60493,ec2-network-service,ec2_network_in_5abac7.csv,WARNING,,110.07884917114545,0.5634086181662228,0
2014-03-05 20:21:00,trace-267567,span-23703,ec2-network-service,ec2_network_in_5abac7.csv,WARNING,,175114.613596911,0.4156165756826973,0
2014-03-05 20:26:00,trace-158453,span-98478,ec2-network-service,ec2_network_in_5abac7.csv,WARNING,,558933.5878833019,0.4119853054334262,0
2014-03-05 20:31:00,trace-287063,span-19716,ec2-network-service,ec2_network_in_5abac7.csv,WARNING,,46.6141640125227,0.3923842079821281,0
2014-03-05 21:11:00,trace-671386,span-10132,ec2-network-service,ec2_network_in_5abac7.csv,WARNING,,4999706.777851274,0.7148051490421652,0
2014-03-05 21:16:00,trace-431065,span-46538,ec2-network-service,ec2_network_in_5abac7.csv,WARNING,,11220.295602438557,0.5612752524773007,0
2014-03-05 21:21:00,trace-861269,span-17213,ec2-network-service,ec2_network_in_5abac7.csv,WARNING,,664710.161108072,0.4228674150000863,0
2014-03-05 21:26:00,trace-978087,span-78371,ec2-network-service,ec2_network_in_5abac7.csv,WARNING,,55.60883328544292,0.3925849226670702,0
2014-03-05 21:31:00,trace-366278,span-49601,ec2-network-service,ec2_network_in_5abac7.csv,WARNING,,50.39106062260334,0.383507431289451,0
2014-03-05 23:01:00,trace-364053,span-90032,ec2-network-service,ec2_network_in_5abac7.csv,WARNING,,4331689.266289144,0.7131417502071351,0
2014-03-05 23:06:00,trace-848597,span-44731,ec2-network-service,ec2_network_in_5abac7.csv,WARNING,,154.10105629421733,0.5556316048633863,0
2014-03-05 23:11:00,trace-199270,span-76425,ec2-network-service,ec2_network_in_5abac7.csv,WARNING,,156154.40959587027,0.4018866534507685,0
2014-03-05 23:16:00,trace-728758,span-38205,ec2-network-service,ec2_network_in_5abac7.csv,WARNING,,501719.43332930806,0.4103289628127505,0
2014-03-05 23:21:00,trace-935544,span-20940,ec2-network-service,ec2_network_in_5abac7.csv,WARNING,,13459.106146099699,0.3935581549508663,0
2014-03-05 23:26:00,trace-386629,span-99299,ec2-network-service,ec2_network_in_5abac7.csv,WARNING,,5279784.132717498,0.7533593916794028,0
2014-03-05 23:31:00,trace-494283,span-30607,ec2-network-service,ec2_network_in_5abac7.csv,WARNING,,112.17116658868001,0.5904861619195385,0
2014-03-05 23:36:00,trace-357808,span-84554,ec2-network-service,ec2_network_in_5abac7.csv,WARNING,,146710.90036277456,0.4347880263210624,0
2014-03-05 23:41:00,trace-901619,span-13985,ec2-network-service,ec2_network_in_5abac7.csv,WARNING,,536222.6959027636,0.4435366221362327,0
2014-03-05 23:46:00,trace-802682,span-71245,ec2-network-service,ec2_network_in_5abac7.csv,WARNING,,482847.9412843871,0.4497914191885879,0
2014-03-06 00:01:00,trace-957759,span-67225,ec2-network-service,ec2_network_in_5abac7.csv,WARNING,,5258309.3964120345,0.7304589025603889,0
2014-03-06 00:06:00,trace-379365,span-58506,ec2-network-service,ec2_network_in_5abac7.csv,WARNING,,187030.83542314122,0.5712857104499174,0
2014-03-06 00:11:00,trace-313678,span-37937,ec2-network-service,ec2_network_in_5abac7.csv,WARNING,,778466.0375579583,0.4580827109490588,0
2014-03-06 00:16:00,trace-886064,span-51831,ec2-network-service,ec2_network_in_5abac7.csv,WARNING,,60.67626531415242,0.4192609691361612,0
2014-03-06 00:21:00,trace-803700,span-96338,ec2-network-service,ec2_network_in_5abac7.csv,WARNING,,41.70588341686474,0.4060111410299903,0
2014-03-06 00:51:00,trace-172178,span-95311,ec2-network-service,ec2_network_in_5abac7.csv,WARNING,,4221275.5443494795,0.7138782810871338,0
2014-03-06 00:56:00,trace-169893,span-96799,ec2-network-service,ec2_network_in_5abac7.csv,WARNING,,7637.023959200723,0.5603903237285952,0
2014-03-06 01:01:00,trace-375345,span-12739,ec2-network-service,ec2_network_in_5abac7.csv,WARNING,,149156.7193092644,0.4143461756678648,0
2014-03-06 01:06:00,trace-338886,span-52495,ec2-network-service,ec2_network_in_5abac7.csv,WARNING,,479864.8829909089,0.4090804612444471,0
2014-03-06 01:11:00,trace-241707,span-19964,ec2-network-service,ec2_network_in_5abac7.csv,WARNING,,38.621959321652,0.3914462718738009,0
2014-03-06 03:16:00,trace-838157,span-94790,ec2-network-service,ec2_network_in_5abac7.csv,WARNING,,4675390.1991476,0.7174050445926488,0
2014-03-06 03:21:00,trace-963907,span-37412,ec2-network-service,ec2_network_in_5abac7.csv,WARNING,,63.40767919514703,0.5633577260525591,0
2014-03-06 03:26:00,trace-145591,span-71750,ec2-network-service,ec2_network_in_5abac7.csv,WARNING,,133721.5788782985,0.4146397048909239,0
2014-03-06 03:31:00,trace-528670,span-72672,ec2-network-service,ec2_network_in_5abac7.csv,WARNING,,558348.1007939727,0.4096056414992861,0
2014-03-06 03:36:00,trace-184294,span-77808,ec2-network-service,ec2_network_in_5abac7.csv,WARNING,,103.1058623391174,0.3930385396642344,0
2014-03-06 08:41:00,trace-284087,span-98074,ec2-network-service,ec2_network_in_5abac7.csv,WARNING,,4241674.049453851,0.7193557193536587,0
2014-03-06 08:46:00,trace-943810,span-47310,ec2-network-service,ec2_network_in_5abac7.csv,WARNING,,46064.63198152601,0.5665125008621694,0
2014-03-06 08:51:00,trace-299899,span-45256,ec2-network-service,ec2_network_in_5abac7.csv,WARNING,,8477.705329341967,0.4082281317400579,0
2014-03-06 08:56:00,trace-401033,span-61428,ec2-network-service,ec2_network_in_5abac7.csv,WARNING,,511643.2975924836,0.4276266923691991,0
2014-03-06 09:01:00,trace-674543,span-15409,ec2-network-service,ec2_network_in_5abac7.csv,WARNING,,47.024580048968836,0.3976736573628238,0
2014-03-06 09:51:00,trace-865598,span-17869,ec2-network-service,ec2_network_in_5abac7.csv,WARNING,,5987131.953524317,0.7162643942961402,0
2014-03-06 09:56:00,trace-581153,span-35958,ec2-network-service,ec2_network_in_5abac7.csv,WARNING,,130.19964809730504,0.5628192309873157,0
2014-03-06 10:01:00,trace-851690,span-36145,ec2-network-service,ec2_network_in_5abac7.csv,WARNING,,147206.34578889614,0.4157608400125708,0
2014-03-06 10:06:00,trace-650730,span-91948,ec2-network-service,ec2_network_in_5abac7.csv,WARNING,,528359.6941930273,0.410287339761069,0
2014-03-06 10:11:00,trace-700079,span-52406,ec2-network-service,ec2_network_in_5abac7.csv,WARNING,,56.54381294396566,0.3912167452446776,0
2014-03-06 17:31:00,trace-210160,span-25764,ec2-network-service,ec2_network_in_5abac7.csv,WARNING,,4262110.641790506,0.7162029244307002,0
2014-03-06 17:36:00,trace-267442,span-15062,ec2-network-service,ec2_network_in_5abac7.csv,WARNING,,9264.29038629095,0.5611669328343437,0
2014-03-06 17:41:00,trace-369388,span-16372,ec2-network-service,ec2_network_in_5abac7.csv,WARNING,,162810.05129767218,0.4157849980704272,0
2014-03-06 17:46:00,trace-185501,span-74471,ec2-network-service,ec2_network_in_5abac7.csv,WARNING,,433964.8590234919,0.4093164204526042,0
2014-03-06 17:51:00,trace-592134,span-79586,ec2-network-service,ec2_network_in_5abac7.csv,WARNING,,44.84449899490682,0.3911546816958726,0
2014-03-06 19:11:00,trace-480572,span-25210,ec2-network-service,ec2_network_in_5abac7.csv,WARNING,,5180952.621994851,0.715391534170335,0
2014-03-06 19:16:00,trace-269746,span-27733,ec2-network-service,ec2_network_in_5abac7.csv,WARNING,,11469.397185068856,0.556094080094345,0
2014-03-06 19:21:00,trace-284484,span-68971,ec2-network-service,ec2_network_in_5abac7.csv,WARNING,,504975.1799988865,0.4236788370471329,0
2014-03-06 19:26:00,trace-165480,span-62960,ec2-network-service,ec2_network_in_5abac7.csv,WARNING,,141168.11989847285,0.4084662513317664,0
2014-03-06 19:31:00,trace-520466,span-95765,ec2-network-service,ec2_network_in_5abac7.csv,WARNING,,74.1117248923995,0.3870008738488001,0
2014-03-07 10:11:00,trace-837371,span-56412,ec2-network-service,ec2_network_in_5abac7.csv,WARNING,,4928999.644366677,0.7120945482971293,0
2014-03-07 10:16:00,trace-829024,span-60227,ec2-network-service,ec2_network_in_5abac7.csv,WARNING,,277743.9276774962,0.5623960970068033,0
2014-03-07 10:21:00,trace-173704,span-16861,ec2-network-service,ec2_network_in_5abac7.csv,WARNING,,8994.22779307637,0.4154855132061242,0
2014-03-07 10:26:00,trace-163888,span-89286,ec2-network-service,ec2_network_in_5abac7.csv,WARNING,,513813.42676526075,0.4431583602994271,0
2014-03-07 10:31:00,trace-168515,span-33524,ec2-network-service,ec2_network_in_5abac7.csv,WARNING,,78.83538669236412,0.4179281552642843,0
2014-03-07 17:41:00,trace-713008,span-43365,ec2-network-service,ec2_network_in_5abac7.csv,WARNING,,5448931.173342578,0.7174302487862461,0
2014-03-07 17:46:00,trace-288929,span-15622,ec2-network-service,ec2_network_in_5abac7.csv,WARNING,,905214.9965948553,0.5384777639821743,0
2014-03-07 17:51:00,trace-715429,span-97700,ec2-network-service,ec2_network_in_5abac7.csv,WARNING,,10224.898426860696,0.407317165138039,0
2014-03-07 17:56:00,trace-464534,span-76201,ec2-network-service,ec2_network_in_5abac7.csv,WARNING,,590827.893754682,0.4576857347334158,0
2014-03-07 18:01:00,trace-122995,span-90141,ec2-network-service,ec2_network_in_5abac7.csv,WARNING,,52.06613765023793,0.4377964960033533,0
2014-03-07 18:41:00,trace-541168,span-43837,ec2-network-service,ec2_network_in_5abac7.csv,WARNING,,5705173.248590421,0.7185049871767262,0
2014-03-07 18:46:00,trace-599471,span-55687,ec2-network-service,ec2_network_in_5abac7.csv,WARNING,,8331.04731683888,0.5603141889383526,0
2014-03-07 18:51:00,trace-658811,span-76055,ec2-network-service,ec2_network_in_5abac7.csv,WARNING,,170217.75991983325,0.4134523079870436,0
2014-03-07 18:56:00,trace-603256,span-20514,ec2-network-service,ec2_network_in_5abac7.csv,WARNING,,572585.4379729653,0.4105382831413054,0
2014-03-07 19:01:00,trace-363246,span-76133,ec2-network-service,ec2_network_in_5abac7.csv,WARNING,,35.05521198235886,0.392818948318906,0
2014-03-07 20:11:00,trace-996977,span-16256,ec2-network-service,ec2_network_in_5abac7.csv,WARNING,,5208395.831791125,0.7171784189768029,0
2014-03-07 20:16:00,trace-426944,span-51548,ec2-network-service,ec2_network_in_5abac7.csv,WARNING,,180.8252817681804,0.563332757754476,0
2014-03-07 20:21:00,trace-535583,span-99922,ec2-network-service,ec2_network_in_5abac7.csv,WARNING,,168744.68448575807,0.4131163405275382,0
2014-03-07 20:26:00,trace-750558,span-36205,ec2-network-service,ec2_network_in_5abac7.csv,WARNING,,467209.25229321665,0.4110456546269111,0
2014-03-07 20:31:00,trace-645470,span-49373,ec2-network-service,ec2_network_in_5abac7.csv,WARNING,,91.55406517870843,0.3944057280123537,0
2014-03-07 21:01:00,trace-378187,span-55532,ec2-network-service,ec2_network_in_5abac7.csv,WARNING,,5980870.45028932,0.7155031732493833,0
2014-03-07 21:06:00,trace-381383,span-20416,ec2-network-service,ec2_network_in_5abac7.csv,WARNING,,123039.18765136448,0.5646184662880461,0
2014-03-07 21:11:00,trace-648694,span-11875,ec2-network-service,ec2_network_in_5abac7.csv,WARNING,,8403.468878462943,0.4038739762767221,0
2014-03-07 21:16:00,trace-595288,span-15752,ec2-network-service,ec2_network_in_5abac7.csv,WARNING,,621823.1776135061,0.4390290351855351,0
2014-03-07 21:21:00,trace-494569,span-36986,ec2-network-service,ec2_network_in_5abac7.csv,WARNING,,106.88105529574824,0.4072501491434627,0
2014-03-07 21:46:00,trace-901123,span-79847,ec2-network-service,ec2_network_in_5abac7.csv,WARNING,,2232734.57761674,0.4758718492894405,0
2014-03-07 21:51:00,trace-299542,span-26406,ec2-network-service,ec2_network_in_5abac7.csv,WARNING,,11448.069954251421,0.4166430444319779,0
2014-03-07 21:56:00,trace-141708,span-30800,ec2-network-service,ec2_network_in_5abac7.csv,WARNING,,4399653.954508521,0.7239208490712601,0
2014-03-07 22:01:00,trace-907784,span-25438,ec2-network-service,ec2_network_in_5abac7.csv,WARNING,,42399.998281076565,0.5762417979272523,0
2014-03-07 22:06:00,trace-642770,span-42471,ec2-network-service,ec2_network_in_5abac7.csv,WARNING,,8872.866201722554,0.4521907363414044,0
2014-03-07 22:11:00,trace-599964,span-64213,ec2-network-service,ec2_network_in_5abac7.csv,WARNING,,651408.1855569201,0.4296868604310085,0
2014-03-07 22:16:00,trace-338697,span-95184,ec2-network-service,ec2_network_in_5abac7.csv,WARNING,,97.40254376661869,0.3996499390954329,0
2014-03-07 22:51:00,trace-303299,span-69321,ec2-network-service,ec2_network_in_5abac7.csv,WARNING,,5922693.657247582,0.718608001213294,0
2014-03-07 22:56:00,trace-131498,span-73755,ec2-network-service,ec2_network_in_5abac7.csv,WARNING,,9848.485890936567,0.56209733640659,0
2014-03-07 23:01:00,trace-379078,span-15574,ec2-network-service,ec2_network_in_5abac7.csv,WARNING,,165075.5996325646,0.4139114911538231,0
2014-03-07 23:06:00,trace-142782,span-64412,ec2-network-service,ec2_network_in_5abac7.csv,WARNING,,491961.6851564511,0.4106574034718658,0
2014-03-07 23:11:00,trace-564535,span-36751,ec2-network-service,ec2_network_in_5abac7.csv,WARNING,,71.4010927157882,0.3940343558107549,0
2014-03-07 23:41:00,trace-156572,span-71416,ec2-network-service,ec2_network_in_5abac7.csv,WARNING,,648290.2863444467,0.3565466918332821,0
2014-03-07 23:46:00,trace-921633,span-46069,ec2-network-service,ec2_network_in_5abac7.csv,WARNING,,4099551.3157734973,0.6796936984692054,0
2014-03-07 23:51:00,trace-850378,span-21586,ec2-network-service,ec2_network_in_5abac7.csv,WARNING,,8243.914012732772,0.5498949560518056,0
2014-03-07 23:56:00,trace-951726,span-89468,ec2-network-service,ec2_network_in_5abac7.csv,WARNING,,759587.7553634767,0.4579853688326728,0
2014-03-08 00:01:00,trace-170793,span-56501,ec2-network-service,ec2_network_in_5abac7.csv,WARNING,,45.119974516254636,0.4340687673766593,0
2014-03-08 00:06:00,trace-502993,span-21249,ec2-network-service,ec2_network_in_5abac7.csv,WARNING,,57.14883658392254,0.4059382507073804,0
2014-03-08 01:26:00,trace-120369,span-22881,ec2-network-service,ec2_network_in_5abac7.csv,WARNING,,4897111.363996682,0.7200125152570659,0
2014-03-08 01:31:00,trace-567543,span-97911,ec2-network-service,ec2_network_in_5abac7.csv,WARNING,,8351.983512707193,0.5623022515920549,0
2014-03-08 01:36:00,trace-862922,span-17833,ec2-network-service,ec2_network_in_5abac7.csv,WARNING,,150272.8611479058,0.4131826017408438,0
2014-03-08 01:41:00,trace-741629,span-73620,ec2-network-service,ec2_network_in_5abac7.csv,WARNING,,434771.88585153414,0.4107724717158447,0
2014-03-08 01:46:00,trace-178113,span-96784,ec2-network-service,ec2_network_in_5abac7.csv,WARNING,,76.8366700235473,0.3937119807409501,0
2014-03-08 02:16:00,trace-611188,span-34124,ec2-network-service,ec2_network_in_5abac7.csv,WARNING,,4181179.778862772,0.6131031545607954,0
2014-03-08 02:21:00,trace-947959,span-95395,ec2-network-service,ec2_network_in_5abac7.csv,WARNING,,1436360.6925941303,0.4768176242708827,0
2014-03-08 02:26:00,trace-920509,span-76400,ec2-network-service,ec2_network_in_5abac7.csv,WARNING,,10737.044242117066,0.4459584137209643,0
2014-03-08 02:31:00,trace-185283,span-54484,ec2-network-service,ec2_network_in_5abac7.csv,WARNING,,346034.1620583586,0.4586656166209126,0
2014-03-08 02:36:00,trace-397915,span-67654,ec2-network-service,ec2_network_in_5abac7.csv,WARNING,,256858.23542238277,0.4521529456829581,0
2014-03-08 03:11:00,trace-996716,span-39377,ec2-network-service,ec2_network_in_5abac7.csv,WARNING,,5343454.976584536,0.7225118928253083,0
2014-03-08 03:16:00,trace-798093,span-21760,ec2-network-service,ec2_network_in_5abac7.csv,WARNING,,9149.237490528625,0.5647836712714247,0
2014-03-08 03:21:00,trace-387906,span-60986,ec2-network-service,ec2_network_in_5abac7.csv,WARNING,,177092.53487658195,0.4139966964287102,0
2014-03-08 03:26:00,trace-236016,span-58825,ec2-network-service,ec2_network_in_5abac7.csv,WARNING,,464311.39787665685,0.4110827596089936,0
2014-03-08 03:31:00,trace-229065,span-65283,ec2-network-service,ec2_network_in_5abac7.csv,WARNING,,76.57923265828188,0.395614889674884,0
2014-03-08 04:16:00,trace-351881,span-41629,ec2-network-service,ec2_network_in_5abac7.csv,WARNING,,5105572.8476564335,0.7224785925246722,0
2014-03-08 04:21:00,trace-532681,span-95853,ec2-network-service,ec2_network_in_5abac7.csv,WARNING,,8844.272580646406,0.5655899934414095,0
2014-03-08 04:26:00,trace-587849,span-44207,ec2-network-service,ec2_network_in_5abac7.csv,WARNING,,190269.37738529444,0.4138127917999818,0
2014-03-08 04:31:00,trace-362199,span-98697,ec2-network-service,ec2_network_in_5abac7.csv,WARNING,,456177.158649102,0.4110668877222855,0
2014-03-08 04:36:00,trace-442864,span-76205,ec2-network-service,ec2_network_in_5abac7.csv,WARNING,,55.40015635545613,0.3952994345875565,0
2014-03-08 22:51:00,trace-133734,span-92227,ec2-network-service,ec2_network_in_5abac7.csv,WARNING,,4709199.005177279,0.7225740533864957,0
2014-03-08 22:56:00,trace-771253,span-26493,ec2-network-service,ec2_network_in_5abac7.csv,WARNING,,11448.145773603099,0.5656377811162552,0
2014-03-08 23:01:00,trace-423923,span-48452,ec2-network-service,ec2_network_in_5abac7.csv,WARNING,,157567.636913675,0.4141983920006329,0
2014-03-08 23:06:00,trace-216603,span-71607,ec2-network-service,ec2_network_in_5abac7.csv,WARNING,,447676.6923658611,0.4117851002366209,0
2014-03-08 23:11:00,trace-752168,span-44815,ec2-network-service,ec2_network_in_5abac7.csv,WARNING,,45.50952010502658,0.3961917614216077,0
2014-03-10 12:56:00,trace-160107,span-92793,ec2-network-service,ec2_network_in_5abac7.csv,WARNING,,6043450.647395444,0.723339821718662,0
2014-03-10 13:01:00,trace-392552,span-18837,ec2-network-service,ec2_network_in_5abac7.csv,WARNING,,6941.622891374498,0.5647721133722838,0
2014-03-10 13:06:00,trace-260381,span-81918,ec2-network-service,ec2_network_in_5abac7.csv,WARNING,,159164.69759894547,0.4142773987255801,0
2014-03-10 13:11:00,trace-876644,span-96912,ec2-network-service,ec2_network_in_5abac7.csv,WARNING,,518811.49969328515,0.4116869567716491,0
2014-03-10 13:16:00,trace-886918,span-33762,ec2-network-service,ec2_network_in_5abac7.csv,WARNING,,84.34894029869135,0.3947716974971474,0
2014-03-10 15:41:00,trace-103196,span-86349,ec2-network-service,ec2_network_in_5abac7.csv,WARNING,,4265337.703543298,0.7231733202154813,0
2014-03-10 15:46:00,trace-632860,span-38225,ec2-network-service,ec2_network_in_5abac7.csv,WARNING,,10965.388583200282,0.5656581359392434,0
2014-03-10 15:51:00,trace-787635,span-82379,ec2-network-service,ec2_network_in_5abac7.csv,WARNING,,570190.3964974651,0.4280691960313808,0
2014-03-10 15:56:00,trace-553112,span-53209,ec2-network-service,ec2_network_in_5abac7.csv,WARNING,,88.90710290996677,0.4010722935440798,0
2014-03-10 16:01:00,trace-511267,span-87400,ec2-network-service,ec2_network_in_5abac7.csv,WARNING,,59.58679120380281,0.3890234265859118,0
2014-03-10 16:41:00,trace-553372,span-67175,ec2-network-service,ec2_network_in_5abac7.csv,WARNING,,6213864.702432519,0.7226258538541519,0
2014-03-10 16:46:00,trace-905408,span-66866,ec2-network-service,ec2_network_in_5abac7.csv,WARNING,,94.78426742752475,0.567635939146339,0
2014-03-10 16:51:00,trace-353564,span-41113,ec2-network-service,ec2_network_in_5abac7.csv,WARNING,,224557.58230596178,0.4143912294174331,0
2014-03-10 16:56:00,trace-315432,span-47563,ec2-network-service,ec2_network_in_5abac7.csv,WARNING,,553712.2588373683,0.4136535509618211,0
2014-03-10 17:01:00,trace-870488,span-81492,ec2-network-service,ec2_network_in_5abac7.csv,WARNING,,38.42836256860411,0.3971655213479176,0
2014-03-10 17:31:00,trace-176693,span-45135,ec2-network-service,ec2_network_in_5abac7.csv,WARNING,,3290551.2411201946,0.6107740217886037,0
2014-03-10 17:36:00,trace-236262,span-80199,ec2-network-service,ec2_network_in_5abac7.csv,WARNING,,2344321.0525288736,0.5413402525511576,0
2014-03-10 17:41:00,trace-617400,span-62186,ec2-network-service,ec2_network_in_5abac7.csv,WARNING,,11834.032503086672,0.4883109974064643,0
2014-03-10 17:46:00,trace-312854,span-35761,ec2-network-service,ec2_network_in_5abac7.csv,WARNING,,657447.8342209546,0.5070151926729666,0
2014-03-10 17:51:00,trace-959004,span-63472,ec2-network-service,ec2_network_in_5abac7.csv,WARNING,,94602.20975695131,0.5003011741528783,0
2014-03-10 17:56:00,trace-104677,span-83508,ec2-network-service,ec2_network_in_5abac7.csv,WARNING,,78.97604875810725,0.3688287270529006,0
2014-03-10 18:56:00,trace-595784,span-60617,ec2-network-service,ec2_network_in_5abac7.csv,ERROR,NetworkInAnomaly: Abnormal network traffic (6519420 bytes),7758337.118374259,0.8273949892329464,1
2014-03-10 19:01:00,trace-580675,span-70148,ec2-network-service,ec2_network_in_5abac7.csv,WARNING,,7498784.315883958,0.8429721959678418,0
2014-03-10 19:06:00,trace-658745,span-52531,ec2-network-service,ec2_network_in_5abac7.csv,WARNING,,5520987.564617469,0.9535590949612656,0
2014-03-10 19:11:00,trace-752315,span-73171,ec2-network-service,ec2_network_in_5abac7.csv,WARNING,,5066.384141334263,0.9331053381298652,0
2014-03-10 19:16:00,trace-873589,span-55771,ec2-network-service,ec2_network_in_5abac7.csv,WARNING,,16760.976014324693,0.9049689899435788,0
2014-03-10 19:21:00,trace-737031,span-47289,ec2-network-service,ec2_network_in_5abac7.csv,WARNING,,5229910.406808881,0.9681248503151816,0
2014-03-10 19:26:00,trace-195057,span-48409,ec2-network-service,ec2_network_in_5abac7.csv,WARNING,,56.217822714622535,0.7263163724294517,0
2014-03-10 19:31:00,trace-249457,span-33296,ec2-network-service,ec2_network_in_5abac7.csv,WARNING,,17127.2952252059,0.4637131564479412,0
2014-03-10 19:36:00,trace-975584,span-36382,ec2-network-service,ec2_network_in_5abac7.csv,WARNING,,6035504.764259471,0.8609616294241522,0
2014-03-10 19:41:00,trace-646707,span-91238,ec2-network-service,ec2_network_in_5abac7.csv,WARNING,,4258486.385618913,0.8513153922872498,0
2014-03-10 19:46:00,trace-794651,span-22397,ec2-network-service,ec2_network_in_5abac7.csv,WARNING,,3274073.793739257,0.7107222552925903,0
2014-03-10 19:51:00,trace-135169,span-72182,ec2-network-service,ec2_network_in_5abac7.csv,WARNING,,47.474922203970486,0.6817113779151819,0
2014-03-10 19:56:00,trace-259413,span-85603,ec2-network-service,ec2_network_in_5abac7.csv,WARNING,,82.89142601849446,0.664922750272009,0
2014-03-10 20:01:00,trace-179360,span-23444,ec2-network-service,ec2_network_in_5abac7.csv,WARNING,,67.50771749785524,0.453515156067301,0
2014-03-10 21:21:00,trace-869776,span-20974,ec2-network-service,ec2_network_in_5abac7.csv,WARNING,,7795894.787872921,0.8248108241464878,0
2014-03-10 21:26:00,trace-880908,span-91552,ec2-network-service,ec2_network_in_5abac7.csv,WARNING,,259.5546592966985,0.6441442837844316,0
2014-03-10 21:31:00,trace-922922,span-65612,ec2-network-service,ec2_network_in_5abac7.csv,WARNING,,183942.09087808742,0.4685468348102477,0
2014-03-10 21:36:00,trace-663998,span-93536,ec2-network-service,ec2_network_in_5abac7.csv,WARNING,,1398830.5477663057,0.5243204950303275,0
2014-03-10 21:41:00,trace-309417,span-90391,ec2-network-service,ec2_network_in_5abac7.csv,WARNING,,8737.015160489946,0.4999323357174061,0
2014-03-10 22:16:00,trace-368602,span-45524,ec2-network-service,ec2_network_in_5abac7.csv,WARNING,,5463399.9979497185,0.823701395377937,0
2014-03-10 22:21:00,trace-394366,span-28320,ec2-network-service,ec2_network_in_5abac7.csv,WARNING,,158.71161750786604,0.6459948820507901,0
2014-03-10 22:26:00,trace-800975,span-27352,ec2-network-service,ec2_network_in_5abac7.csv,WARNING,,10506.769774897033,0.4638986447626414,0
2014-03-10 22:31:00,trace-214560,span-13203,ec2-network-service,ec2_network_in_5abac7.csv,WARNING,,668442.3345911918,0.4869057948377316,0
2014-03-10 22:36:00,trace-969241,span-35368,ec2-network-service,ec2_network_in_5abac7.csv,WARNING,,258.5144647615985,0.4624587518800847,0
2014-03-11 00:36:00,trace-535157,span-82918,ec2-network-service,ec2_network_in_5abac7.csv,WARNING,,7290757.450617601,0.8254590699988706,0
2014-03-11 00:41:00,trace-100801,span-57965,ec2-network-service,ec2_network_in_5abac7.csv,WARNING,,105.51169973810264,0.6466894670122822,0
2014-03-11 00:46:00,trace-398113,span-92269,ec2-network-service,ec2_network_in_5abac7.csv,WARNING,,168163.77021242646,0.4688883385664861,0
2014-03-11 00:51:00,trace-781065,span-70303,ec2-network-service,ec2_network_in_5abac7.csv,WARNING,,569132.1986362762,0.4762859459942711,0
2014-03-11 00:56:00,trace-657639,span-46145,ec2-network-service,ec2_network_in_5abac7.csv,WARNING,,57.15530634675481,0.4618769046591157,0
2014-03-11 01:31:00,trace-319188,span-66235,ec2-network-service,ec2_network_in_5abac7.csv,WARNING,,7592895.658117554,0.8230376235263809,0
2014-03-11 01:36:00,trace-361677,span-56404,ec2-network-service,ec2_network_in_5abac7.csv,WARNING,,7343.585799860356,0.6427512179235813,0
2014-03-11 01:41:00,trace-884366,span-64437,ec2-network-service,ec2_network_in_5abac7.csv,WARNING,,192076.93464238453,0.4672072405852433,0
2014-03-11 01:46:00,trace-190410,span-29731,ec2-network-service,ec2_network_in_5abac7.csv,WARNING,,483268.0353192123,0.4722673118088748,0
2014-03-11 01:51:00,trace-285169,span-91720,ec2-network-service,ec2_network_in_5abac7.csv,WARNING,,45.68255488600889,0.4596872066130039,0
2014-03-11 18:41:00,trace-633857,span-97193,ec2-network-service,ec2_network_in_5abac7.csv,WARNING,,860720.2012580435,0.3735413135638895,0
2014-03-11 20:46:00,trace-879117,span-97154,ec2-network-service,ec2_network_in_5abac7.csv,WARNING,,7328341.175107564,0.8236220219618081,0
2014-03-11 20:51:00,trace-319894,span-17612,ec2-network-service,ec2_network_in_5abac7.csv,WARNING,,51534.02266820076,0.6459674587356189,0
2014-03-11 20:56:00,trace-968173,span-37331,ec2-network-service,ec2_network_in_5abac7.csv,WARNING,,9525.895224550015,0.4650672744893384,0
2014-03-11 21:01:00,trace-503311,span-28706,ec2-network-service,ec2_network_in_5abac7.csv,WARNING,,742125.108349707,0.4912910765169678,0
2014-03-11 21:06:00,trace-590224,span-44629,ec2-network-service,ec2_network_in_5abac7.csv,WARNING,,63.666905186053356,0.4703421506750127,0
2014-03-12 06:41:00,trace-224746,span-30431,ec2-network-service,ec2_network_in_5abac7.csv,WARNING,,5923694.336134268,0.8254413098385314,0
2014-03-12 06:46:00,trace-799495,span-48015,ec2-network-service,ec2_network_in_5abac7.csv,WARNING,,9447.419292499146,0.6445122473326486,0
2014-03-12 06:51:00,trace-432343,span-48677,ec2-network-service,ec2_network_in_5abac7.csv,WARNING,,212898.5538605406,0.4682109246164814,0
2014-03-12 06:56:00,trace-581438,span-73001,ec2-network-service,ec2_network_in_5abac7.csv,WARNING,,514041.7253056461,0.4817064860028699,0
2014-03-12 07:01:00,trace-927363,span-93990,ec2-network-service,ec2_network_in_5abac7.csv,WARNING,,74.28614221355377,0.4648915152736981,0
2014-03-12 17:11:00,trace-145784,span-19921,ec2-network-service,ec2_network_in_5abac7.csv,WARNING,,6715568.457090093,0.8254310138971719,0
2014-03-12 17:16:00,trace-355564,span-99506,ec2-network-service,ec2_network_in_5abac7.csv,WARNING,,9546.124920081944,0.6449947097556032,0
2014-03-12 17:21:00,trace-840126,span-36708,ec2-network-service,ec2_network_in_5abac7.csv,WARNING,,173698.8996802357,0.4684312930425788,0
2014-03-12 17:26:00,trace-104922,span-79928,ec2-network-service,ec2_network_in_5abac7.csv,WARNING,,483513.1435314045,0.4725184913243648,0
2014-03-12 17:31:00,trace-905983,span-29381,ec2-network-service,ec2_network_in_5abac7.csv,WARNING,,95.68849008572332,0.4616317518489802,0
2014-03-12 20:06:00,trace-987963,span-32948,ec2-network-service,ec2_network_in_5abac7.csv,WARNING,,7151494.0877286,0.8239232046808946,0
2014-03-12 20:11:00,trace-429704,span-92249,ec2-network-service,ec2_network_in_5abac7.csv,WARNING,,41664.05489816622,0.6441894568208351,0
2014-03-12 20:16:00,trace-765442,span-94105,ec2-network-service,ec2_network_in_5abac7.csv,WARNING,,8449.705875110312,0.4652517515072122,0
2014-03-12 20:21:00,trace-692141,span-80027,ec2-network-service,ec2_network_in_5abac7.csv,WARNING,,633097.8599758968,0.4912544300699413,0
2014-03-12 20:26:00,trace-910658,span-35025,ec2-network-service,ec2_network_in_5abac7.csv,WARNING,,63346.531210755005,0.4778554998833984,0
2014-03-12 21:01:00,trace-894280,span-24274,ec2-network-service,ec2_network_in_5abac7.csv,ERROR,NetworkInAnomaly: Abnormal network traffic (8285420 bytes),8209353.962346211,0.99999999913505,1
2014-03-12 21:06:00,trace-884403,span-45233,ec2-network-service,ec2_network_in_5abac7.csv,WARNING,,299862.87317299587,0.7922703441132957,0
2014-03-12 21:11:00,trace-373438,span-36425,ec2-network-service,ec2_network_in_5abac7.csv,WARNING,,145976.3427716338,0.6064170193359018,0
2014-03-12 21:16:00,trace-210777,span-19425,ec2-network-service,ec2_network_in_5abac7.csv,WARNING,,643225.1760776286,0.626235668575621,0
2014-03-12 21:21:00,trace-731036,span-83746,ec2-network-service,ec2_network_in_5abac7.csv,WARNING,,78.21790572221416,0.6063134880954126,0
2014-03-12 22:31:00,trace-354174,span-10002,ec2-network-service,ec2_network_in_5abac7.csv,WARNING,,5778125.480412176,0.8201279143098885,0
2014-03-12 22:36:00,trace-534174,span-30707,ec2-network-service,ec2_network_in_5abac7.csv,WARNING,,143181.16528666948,0.6435148559747177,0
2014-03-12 22:41:00,trace-833682,span-61720,ec2-network-service,ec2_network_in_5abac7.csv,WARNING,,10087.605605072504,0.4646799374934306,0
2014-03-12 22:46:00,trace-336436,span-91867,ec2-network-service,ec2_network_in_5abac7.csv,WARNING,,787988.9241011449,0.4930890422166969,0
2014-03-12 22:51:00,trace-637738,span-19491,ec2-network-service,ec2_network_in_5abac7.csv,WARNING,,15400.468819434725,0.4770708951204605,0
2014-03-12 23:26:00,trace-611662,span-16791,ec2-network-service,ec2_network_in_5abac7.csv,WARNING,,6972325.12272545,0.8292765344358,0
2014-03-12 23:31:00,trace-938315,span-97086,ec2-network-service,ec2_network_in_5abac7.csv,WARNING,,113.38708095964373,0.6476485537180084,0
2014-03-12 23:36:00,trace-342223,span-19967,ec2-network-service,ec2_network_in_5abac7.csv,WARNING,,180360.379415379,0.4705935570493278,0
2014-03-12 23:41:00,trace-829523,span-14947,ec2-network-service,ec2_network_in_5abac7.csv,WARNING,,573527.3417514155,0.4760630544167168,0
2014-03-12 23:46:00,trace-581930,span-38876,ec2-network-service,ec2_network_in_5abac7.csv,WARNING,,121.12176405175451,0.4635406278498072,0
2014-03-13 00:21:00,trace-775331,span-72539,ec2-network-service,ec2_network_in_5abac7.csv,WARNING,,5952902.339020794,0.8290323111824898,0
2014-03-13 00:26:00,trace-354767,span-84495,ec2-network-service,ec2_network_in_5abac7.csv,WARNING,,11822.978615614105,0.6451300992911558,0
2014-03-13 00:31:00,trace-206601,span-71260,ec2-network-service,ec2_network_in_5abac7.csv,WARNING,,199108.85724961583,0.4696902893393482,0
2014-03-13 00:36:00,trace-496562,span-66176,ec2-network-service,ec2_network_in_5abac7.csv,WARNING,,471669.55029761844,0.4733904112699248,0
2014-03-13 00:41:00,trace-617561,span-43012,ec2-network-service,ec2_network_in_5abac7.csv,WARNING,,40.02985041413856,0.4614754087650198,0
2014-03-13 02:31:00,trace-568349,span-35557,ec2-network-service,ec2_network_in_5abac7.csv,WARNING,,6021118.046141807,0.8311538021789662,0
2014-03-13 02:36:00,trace-998760,span-27276,ec2-network-service,ec2_network_in_5abac7.csv,WARNING,,7925.831045544733,0.6471712158101312,0
2014-03-13 02:41:00,trace-631598,span-45167,ec2-network-service,ec2_network_in_5abac7.csv,WARNING,,182240.93407837267,0.4716425975435186,0
2014-03-13 02:46:00,trace-765751,span-60621,ec2-network-service,ec2_network_in_5abac7.csv,WARNING,,432927.31667116424,0.476236770601838,0
2014-03-13 02:51:00,trace-833946,span-46142,ec2-network-service,ec2_network_in_5abac7.csv,WARNING,,69.81540670724225,0.4633400106700882,0
2014-03-13 15:36:00,trace-278625,span-89071,ec2-network-service,ec2_network_in_5abac7.csv,WARNING,,7550884.024461109,0.8232676172048461,0
2014-03-13 15:41:00,trace-484755,span-80658,ec2-network-service,ec2_network_in_5abac7.csv,WARNING,,47091.35844547224,0.6432929647834402,0
2014-03-13 15:46:00,trace-489715,span-49994,ec2-network-service,ec2_network_in_5abac7.csv,WARNING,,10873.696099511102,0.4623367283327818,0
2014-03-13 15:51:00,trace-526941,span-82682,ec2-network-service,ec2_network_in_5abac7.csv,WARNING,,689353.8330199743,0.4898692404556647,0
2014-03-13 15:56:00,trace-942997,span-11312,ec2-network-service,ec2_network_in_5abac7.csv,WARNING,,81.23096070657172,0.4661419340435729,0
2014-03-13 17:56:00,trace-187566,span-31329,ec2-network-service,ec2_network_in_5abac7.csv,WARNING,,5952577.126813283,0.8231582650193903,0
2014-03-13 18:01:00,trace-699830,span-45645,ec2-network-service,ec2_network_in_5abac7.csv,WARNING,,45526.481637976256,0.6438124064157504,0
2014-03-13 18:06:00,trace-449454,span-79619,ec2-network-service,ec2_network_in_5abac7.csv,WARNING,,8916.243841316798,0.4629907425686274,0
2014-03-13 18:11:00,trace-786143,span-70645,ec2-network-service,ec2_network_in_5abac7.csv,WARNING,,720834.9071433563,0.4898259745768403,0
2014-03-13 18:16:00,trace-248395,span-60762,ec2-network-service,ec2_network_in_5abac7.csv,WARNING,,97.79626853361792,0.4668954756346509,0
2014-03-13 23:06:00,trace-527709,span-68328,ec2-network-service,ec2_network_in_5abac7.csv,WARNING,,6151840.558253502,0.8324137973632901,0
2014-03-13 23:11:00,trace-721655,span-56930,ec2-network-service,ec2_network_in_5abac7.csv,WARNING,,128.13712019404477,0.6493970746991573,0
2014-03-13 23:16:00,trace-853696,span-42583,ec2-network-service,ec2_network_in_5abac7.csv,WARNING,,198738.40645587398,0.4739230397731372,0
2014-03-13 23:21:00,trace-179944,span-32369,ec2-network-service,ec2_network_in_5abac7.csv,WARNING,,481199.8551249594,0.4772811503458991,0
2014-03-13 23:26:00,trace-119510,span-22120,ec2-network-service,ec2_network_in_5abac7.csv,WARNING,,56.54542959669688,0.4647493417298826,0
2014-03-14 00:46:00,trace-491413,span-15295,ec2-network-service,ec2_network_in_5abac7.csv,WARNING,,7404881.7528953105,0.8236645537979249,0
2014-03-14 00:51:00,trace-963548,span-97822,ec2-network-service,ec2_network_in_5abac7.csv,WARNING,,44250.28609914272,0.6438991298974748,0
2014-03-14 00:56:00,trace-224034,span-31605,ec2-network-service,ec2_network_in_5abac7.csv,WARNING,,8716.623347578688,0.4620757828482477,0
2014-03-14 01:01:00,trace-277443,span-57598,ec2-network-service,ec2_network_in_5abac7.csv,WARNING,,734229.9126928956,0.4892584659088931,0
2014-03-14 01:06:00,trace-958690,span-50969,ec2-network-service,ec2_network_in_5abac7.csv,WARNING,,105.83438202080362,0.4665777117689519,0
2014-03-14 01:41:00,trace-827662,span-72784,ec2-network-service,ec2_network_in_5abac7.csv,WARNING,,5288923.062292578,0.8236897140250722,0
2014-03-14 01:46:00,trace-121274,span-44416,ec2-network-service,ec2_network_in_5abac7.csv,WARNING,,45088.73389900021,0.6438912058268257,0
2014-03-14 01:51:00,trace-462578,span-39047,ec2-network-service,ec2_network_in_5abac7.csv,WARNING,,9668.485344085053,0.4619295941679902,0
2014-03-14 01:56:00,trace-560258,span-61310,ec2-network-service,ec2_network_in_5abac7.csv,WARNING,,540533.9277564845,0.4873859960568357,0
2014-03-14 02:01:00,trace-243435,span-95149,ec2-network-service,ec2_network_in_5abac7.csv,WARNING,,52.997563406597145,0.4648671827692626,0
2014-03-14 05:01:00,trace-604136,span-79672,ec2-network-service,ec2_network_in_5abac7.csv,WARNING,,5901537.611568597,0.8231041893861062,0
2014-03-14 05:06:00,trace-594209,span-99110,ec2-network-service,ec2_network_in_5abac7.csv,WARNING,,49182.13164136023,0.6444548384104898,0
2014-03-14 05:11:00,trace-815220,span-87199,ec2-network-service,ec2_network_in_5abac7.csv,WARNING,,9235.795243620956,0.4630279440498939,0
2014-03-14 05:16:00,trace-817723,span-21162,ec2-network-service,ec2_network_in_5abac7.csv,WARNING,,191629.43105255513,0.467903548462909,0
2014-03-14 05:21:00,trace-500435,span-80864,ec2-network-service,ec2_network_in_5abac7.csv,WARNING,,519555.2584299721,0.4787136848451331,0
2014-03-14 08:36:00,trace-714080,span-54433,ec2-network-service,ec2_network_in_5abac7.csv,WARNING,,7730691.456927126,0.8314733216670918,0
2014-03-14 08:41:00,trace-881704,span-76188,ec2-network-service,ec2_network_in_5abac7.csv,WARNING,,8499.229857838625,0.6469350734355863,0
2014-03-14 08:46:00,trace-862476,span-46558,ec2-network-service,ec2_network_in_5abac7.csv,WARNING,,168583.1490194754,0.4728651949336233,0
2014-03-14 08:51:00,trace-920845,span-20435,ec2-network-service,ec2_network_in_5abac7.csv,WARNING,,466372.8910769115,0.4768141905194791,0
2014-03-14 08:56:00,trace-652355,span-97794,ec2-network-service,ec2_network_in_5abac7.csv,WARNING,,53.760850524792566,0.4634043611531971,0
2014-03-14 11:06:00,trace-566441,span-11379,ec2-network-service,ec2_network_in_5abac7.csv,WARNING,,6709049.958644613,0.8233667866197039,0
2014-03-14 11:11:00,trace-520840,span-98427,ec2-network-service,ec2_network_in_5abac7.csv,WARNING,,52976.66231026896,0.6438375911210211,0
2014-03-14 11:16:00,trace-419889,span-61805,ec2-network-service,ec2_network_in_5abac7.csv,WARNING,,10009.618253318638,0.4619814586650209,0
2014-03-14 11:21:00,trace-505732,span-89422,ec2-network-service,ec2_network_in_5abac7.csv,WARNING,,741077.9316114314,0.490387342830786,0
2014-03-14 11:26:00,trace-255915,span-15912,ec2-network-service,ec2_network_in_5abac7.csv,WARNING,,68.55794473466162,0.4659445994269076,0
2014-03-14 16:11:00,trace-812392,span-38797,ec2-network-service,ec2_network_in_5abac7.csv,WARNING,,7649359.632017152,0.82850485231638,0
2014-03-14 16:16:00,trace-967838,span-19304,ec2-network-service,ec2_network_in_5abac7.csv,WARNING,,10287.491218303076,0.6456423900024182,0
2014-03-14 16:21:00,trace-506879,span-80320,ec2-network-service,ec2_network_in_5abac7.csv,WARNING,,229963.8588805945,0.4697793691566155,0
2014-03-14 16:26:00,trace-194488,span-85591,ec2-network-service,ec2_network_in_5abac7.csv,WARNING,,547701.6006222909,0.4747696840956317,0
2014-03-14 16:31:00,trace-911624,span-34722,ec2-network-service,ec2_network_in_5abac7.csv,WARNING,,41.72778786259098,0.4612499939596135,0
2014-03-14 17:06:00,trace-840957,span-98207,ec2-network-service,ec2_network_in_5abac7.csv,WARNING,,7319573.995977609,0.8311893224996445,0
2014-03-14 17:11:00,trace-698029,span-26365,ec2-network-service,ec2_network_in_5abac7.csv,WARNING,,132.22232951537757,0.6492953348897735,0
2014-03-14 17:16:00,trace-871769,span-25704,ec2-network-service,ec2_network_in_5abac7.csv,WARNING,,12655.762551440943,0.4678098075354079,0
2014-03-14 17:21:00,trace-332366,span-11195,ec2-network-service,ec2_network_in_5abac7.csv,WARNING,,685618.0350886676,0.4954464397416993,0
2014-03-14 17:26:00,trace-134012,span-21415,ec2-network-service,ec2_network_in_5abac7.csv,WARNING,,75.26559530661557,0.4696847712392352,0
2014-03-14 18:26:00,trace-832558,span-38743,ec2-network-service,ec2_network_in_5abac7.csv,WARNING,,6477087.9780169865,0.823750270364032,0
2014-03-14 18:31:00,trace-347066,span-12402,ec2-network-service,ec2_network_in_5abac7.csv,WARNING,,47959.92484429805,0.6439762167578047,0
2014-03-14 18:36:00,trace-375419,span-38182,ec2-network-service,ec2_network_in_5abac7.csv,WARNING,,10792.360915907308,0.4613768659674565,0
2014-03-14 18:41:00,trace-165908,span-32620,ec2-network-service,ec2_network_in_5abac7.csv,WARNING,,462764.54536652303,0.4792541403294387,0
2014-03-14 18:46:00,trace-102431,span-96590,ec2-network-service,ec2_network_in_5abac7.csv,WARNING,,165185.92567514244,0.4727379706043862,0
2014-03-14 19:21:00,trace-394768,span-86121,ec2-network-service,ec2_network_in_5abac7.csv,WARNING,,7121550.853193185,0.8234816133937387,0
2014-03-14 19:26:00,trace-787318,span-11695,ec2-network-service,ec2_network_in_5abac7.csv,WARNING,,32314.96359303075,0.6417285142681566,0
2014-03-14 19:31:00,trace-543148,span-54225,ec2-network-service,ec2_network_in_5abac7.csv,WARNING,,10466.570695956842,0.4605047980850413,0
2014-03-14 19:36:00,trace-305463,span-48636,ec2-network-service,ec2_network_in_5abac7.csv,WARNING,,729899.3675796195,0.4893294164439247,0
2014-03-14 19:41:00,trace-859994,span-57829,ec2-network-service,ec2_network_in_5abac7.csv,WARNING,,63.19741711436974,0.4634754968464852,0
2014-03-14 22:11:00,trace-533448,span-35651,ec2-network-service,ec2_network_in_5abac7.csv,WARNING,,7206135.314983646,0.8325758588263857,0
2014-03-14 22:16:00,trace-811232,span-89198,ec2-network-service,ec2_network_in_5abac7.csv,WARNING,,9310.376283744992,0.6485348904433073,0
2014-03-14 22:21:00,trace-949726,span-58356,ec2-network-service,ec2_network_in_5abac7.csv,WARNING,,236406.14996813552,0.4737733037945737,0
2014-03-14 22:26:00,trace-975729,span-47606,ec2-network-service,ec2_network_in_5abac7.csv,WARNING,,600181.2149912164,0.4806445880510253,0
2014-03-14 22:31:00,trace-668423,span-47067,ec2-network-service,ec2_network_in_5abac7.csv,WARNING,,60.23027945244077,0.4668345398190578,0
2014-03-14 23:06:00,trace-270923,span-48262,ec2-network-service,ec2_network_in_5abac7.csv,WARNING,,6828766.756925502,0.8320511487647206,0
2014-03-14 23:11:00,trace-945075,span-31534,ec2-network-service,ec2_network_in_5abac7.csv,WARNING,,7846.751024561084,0.6478135344924694,0
2014-03-14 23:16:00,trace-263944,span-17689,ec2-network-service,ec2_network_in_5abac7.csv,WARNING,,479795.0512254216,0.480493342883563,0
2014-03-14 23:21:00,trace-710598,span-98731,ec2-network-service,ec2_network_in_5abac7.csv,WARNING,,783411.3968525517,0.5006198771604583,0
2014-03-14 23:26:00,trace-409878,span-97793,ec2-network-service,ec2_network_in_5abac7.csv,WARNING,,73.554659313808,0.4812209332407999,0
2014-03-15 00:01:00,trace-122228,span-87924,ec2-network-service,ec2_network_in_5abac7.csv,WARNING,,7573429.287531992,0.8255218271546959,0
2014-03-15 00:06:00,trace-852451,span-93694,ec2-network-service,ec2_network_in_5abac7.csv,WARNING,,20682.75785897696,0.6441014683577158,0
2014-03-15 00:11:00,trace-915977,span-91686,ec2-network-service,ec2_network_in_5abac7.csv,WARNING,,12115.51535436261,0.4623442054988971,0
2014-03-15 00:16:00,trace-817116,span-78775,ec2-network-service,ec2_network_in_5abac7.csv,WARNING,,720260.2342150577,0.4915882439661131,0
2014-03-15 00:21:00,trace-392759,span-23746,ec2-network-service,ec2_network_in_5abac7.csv,WARNING,,40.48839961726128,0.4650412842890367,0
2014-03-15 00:56:00,trace-363389,span-34853,ec2-network-service,ec2_network_in_5abac7.csv,WARNING,,5940724.283773187,0.8269743205966433,0
2014-03-15 01:01:00,trace-287965,span-80641,ec2-network-service,ec2_network_in_5abac7.csv,WARNING,,23296.625398959754,0.6452119254667485,0
2014-03-15 01:06:00,trace-944614,span-12801,ec2-network-service,ec2_network_in_5abac7.csv,WARNING,,10519.131061034244,0.4642261688606445,0
2014-03-15 01:11:00,trace-795109,span-83757,ec2-network-service,ec2_network_in_5abac7.csv,WARNING,,609844.6850609909,0.4914574922029388,0
2014-03-15 01:16:00,trace-590783,span-65381,ec2-network-service,ec2_network_in_5abac7.csv,WARNING,,123.56288146115294,0.4667016549093277,0
2014-03-16 00:16:00,trace-770008,span-10364,ec2-network-service,ec2_network_in_5abac7.csv,WARNING,,7741287.898440153,0.9168529636928012,0
2014-03-16 00:21:00,trace-564710,span-84632,ec2-network-service,ec2_network_in_5abac7.csv,WARNING,,50965.73906776857,0.7300455525644836,0
2014-03-16 00:26:00,trace-946626,span-34544,ec2-network-service,ec2_network_in_5abac7.csv,WARNING,,12596.089912109734,0.5388294877303625,0
2014-03-16 00:31:00,trace-505854,span-75715,ec2-network-service,ec2_network_in_5abac7.csv,WARNING,,216593.7371393041,0.5501646136009626,0
2014-03-16 00:36:00,trace-874008,span-93106,ec2-network-service,ec2_network_in_5abac7.csv,WARNING,,633666.9676170665,0.5578890014752758,0
2014-03-17 08:41:00,trace-475903,span-27157,ec2-network-service,ec2_network_in_5abac7.csv,WARNING,,8143443.297400791,0.985079185273772,0
2014-03-17 08:46:00,trace-690176,span-66095,ec2-network-service,ec2_network_in_5abac7.csv,WARNING,,212.73397387826697,0.7882008692607512,0
2014-03-17 08:51:00,trace-957312,span-14507,ec2-network-service,ec2_network_in_5abac7.csv,WARNING,,15672.097470171037,0.593499025933318,0
2014-03-17 08:56:00,trace-460565,span-26865,ec2-network-service,ec2_network_in_5abac7.csv,WARNING,,774686.529770031,0.6126835834621778,0
2014-03-17 09:01:00,trace-127213,span-65954,ec2-network-service,ec2_network_in_5abac7.csv,WARNING,,108.79159347532038,0.5960320392909406,0
2014-03-17 20:01:00,trace-686510,span-16533,ec2-network-service,ec2_network_in_5abac7.csv,WARNING,,7509274.033669338,0.98428230437641,0
2014-03-17 20:06:00,trace-778756,span-22755,ec2-network-service,ec2_network_in_5abac7.csv,WARNING,,137.58641153226134,0.7876770503345343,0
2014-03-17 20:11:00,trace-289977,span-48097,ec2-network-service,ec2_network_in_5abac7.csv,WARNING,,13620.932951298757,0.5932062401937186,0
2014-03-17 20:16:00,trace-504470,span-14018,ec2-network-service,ec2_network_in_5abac7.csv,WARNING,,1016033.0255293702,0.6142592408910574,0
2014-03-17 20:21:00,trace-994586,span-78916,ec2-network-service,ec2_network_in_5abac7.csv,WARNING,,48.043763135509124,0.5955484758092322,0
2014-03-17 21:01:00,trace-105829,span-44381,ec2-network-service,ec2_network_in_5abac7.csv,WARNING,,7388453.644974268,0.9892930463086788,0
2014-03-17 21:06:00,trace-380407,span-63260,ec2-network-service,ec2_network_in_5abac7.csv,WARNING,,11372.281707409582,0.7899745235541011,0
2014-03-17 21:11:00,trace-420562,span-10148,ec2-network-service,ec2_network_in_5abac7.csv,WARNING,,299286.7496217131,0.6015958458677042,0
2014-03-17 21:16:00,trace-697202,span-65833,ec2-network-service,ec2_network_in_5abac7.csv,WARNING,,677464.4035566627,0.605949778621618,0
2014-03-17 21:21:00,trace-160653,span-71521,ec2-network-service,ec2_network_in_5abac7.csv,WARNING,,57.03163500176782,0.5980456888485728,0
2014-04-10 07:04:00,trace-109795,span-74555,load-balancer-service,elb_request_count_8c0756.csv,WARNING,,189.56555714362457,0.3567810058138226,0
2014-04-10 11:59:00,trace-562970,span-74860,load-balancer-service,elb_request_count_8c0756.csv,WARNING,,253.52075930883166,0.4379636677636188,0
2014-04-10 12:04:00,trace-547454,span-45950,load-balancer-service,elb_request_count_8c0756.csv,WARNING,,64.4032009485793,0.368091996625152,0
2014-04-10 14:49:00,trace-774904,span-65728,load-balancer-service,elb_request_count_8c0756.csv,WARNING,,209.24243201129596,0.3600154041438181,0
2014-04-10 14:54:00,trace-426754,span-78122,load-balancer-service,elb_request_count_8c0756.csv,WARNING,,6.961934099501299,0.3915346509486737,0
2014-04-10 16:14:00,trace-314709,span-55312,load-balancer-service,elb_request_count_8c0756.csv,WARNING,,291.63919599733674,0.6309926877689188,0
2014-04-10 16:19:00,trace-705058,span-62726,load-balancer-service,elb_request_count_8c0756.csv,WARNING,,84.18494580444822,0.4827357927998066,0
2014-04-10 16:24:00,trace-934212,span-67138,load-balancer-service,elb_request_count_8c0756.csv,WARNING,,6.903415866276943,0.4731425729558854,0
2014-04-10 16:29:00,trace-944325,span-56193,load-balancer-service,elb_request_count_8c0756.csv,WARNING,,65.62343973559457,0.4436004207823312,0
2014-04-10 16:34:00,trace-947790,span-90857,load-balancer-service,elb_request_count_8c0756.csv,WARNING,,303.59869985836,0.5482010797008787,0
2014-04-10 16:39:00,trace-359405,span-69056,load-balancer-service,elb_request_count_8c0756.csv,WARNING,,45.77020372879682,0.3859941512890063,0
2014-04-10 18:24:00,trace-444950,span-65006,load-balancer-service,elb_request_count_8c0756.csv,WARNING,,291.6843470584584,0.573056006328649,0
2014-04-10 18:29:00,trace-563134,span-73155,load-balancer-service,elb_request_count_8c0756.csv,WARNING,,89.42921255673244,0.4397964216559947,0
2014-04-10 18:34:00,trace-177271,span-40177,load-balancer-service,elb_request_count_8c0756.csv,WARNING,,13.024609560020023,0.4042993468399636,0
2014-04-10 18:39:00,trace-615631,span-92215,load-balancer-service,elb_request_count_8c0756.csv,WARNING,,81.06092894813187,0.3913405882580074,0
2014-04-10 18:44:00,trace-706888,span-63450,load-balancer-service,elb_request_count_8c0756.csv,WARNING,,65.75132695361013,0.3554915570147123,0
2014-04-11 01:29:00,trace-484784,span-55382,load-balancer-service,elb_request_count_8c0756.csv,WARNING,,276.08173239238954,0.375300314519623,0
2014-04-11 09:19:00,trace-231832,span-34142,load-balancer-service,elb_request_count_8c0756.csv,WARNING,,226.26733217998907,0.3953356845234114,0
2014-04-11 12:39:00,trace-231436,span-66921,load-balancer-service,elb_request_count_8c0756.csv,WARNING,,308.0370623823359,0.5059761982397691,0
2014-04-11 12:44:00,trace-656823,span-56300,load-balancer-service,elb_request_count_8c0756.csv,WARNING,,40.030549314986665,0.4120947951238707,0
2014-04-11 12:49:00,trace-763299,span-89472,load-balancer-service,elb_request_count_8c0756.csv,WARNING,,4.7158847968956685,0.3575674763367235,0
2014-04-11 16:44:00,trace-178097,span-20447,load-balancer-service,elb_request_count_8c0756.csv,WARNING,,232.1919610615678,0.4771805896818872,0
2014-04-11 16:49:00,trace-833307,span-95001,load-balancer-service,elb_request_count_8c0756.csv,WARNING,,67.1583771186535,0.3626033970985848,0
2014-04-11 19:34:00,trace-852158,span-77643,load-balancer-service,elb_request_count_8c0756.csv,WARNING,,203.1397256741565,0.3887111234934275,0
2014-04-11 20:24:00,trace-446997,span-35017,load-balancer-service,elb_request_count_8c0756.csv,WARNING,,285.28130141025383,0.4394788191916733,0
2014-04-11 20:29:00,trace-506529,span-11559,load-balancer-service,elb_request_count_8c0756.csv,WARNING,,302.4153521249245,0.4777279832385503,0
2014-04-11 20:34:00,trace-662886,span-17523,load-balancer-service,elb_request_count_8c0756.csv,WARNING,,67.85580379841481,0.4002745952473945,0
2014-04-11 20:39:00,trace-478522,span-91060,load-balancer-service,elb_request_count_8c0756.csv,WARNING,,106.44718228960127,0.3813763437026542,0
2014-04-11 20:44:00,trace-485114,span-32694,load-balancer-service,elb_request_count_8c0756.csv,WARNING,,45.804332439347604,0.3780330855613429,0
2014-04-11 23:09:00,trace-361401,span-32391,load-balancer-service,elb_request_count_8c0756.csv,WARNING,,311.20827450122704,0.623414523031934,0
2014-04-11 23:14:00,trace-255384,span-24080,load-balancer-service,elb_request_count_8c0756.csv,WARNING,,215.32393628479292,0.5094819199388388,0
2014-04-11 23:19:00,trace-994829,span-30874,load-balancer-service,elb_request_count_8c0756.csv,WARNING,,45.48498999283407,0.4792667879285273,0
2014-04-11 23:24:00,trace-494813,span-21600,load-balancer-service,elb_request_count_8c0756.csv,WARNING,,24.60608964998739,0.4641023846825067,0
2014-04-11 23:29:00,trace-872718,span-88553,load-balancer-service,elb_request_count_8c0756.csv,WARNING,,3.264447855278643,0.4887670809091915,0
2014-04-12 00:29:00,trace-718636,span-34714,load-balancer-service,elb_request_count_8c0756.csv,WARNING,,253.04481435952326,0.4649334254752723,0
2014-04-12 13:49:00,trace-555040,span-14725,load-balancer-service,elb_request_count_8c0756.csv,WARNING,,283.27405883108986,0.5120586395038782,0
2014-04-12 13:54:00,trace-585077,span-67911,load-balancer-service,elb_request_count_8c0756.csv,WARNING,,64.7788224598042,0.404536398260676,0
2014-04-12 17:19:00,trace-375236,span-49770,load-balancer-service,elb_request_count_8c0756.csv,WARNING,,274.8944327384551,0.4951431955790072,0
2014-04-12 17:24:00,trace-452895,span-72894,load-balancer-service,elb_request_count_8c0756.csv,ERROR,ELBRequestSpike: Abnormal request count (145 req),167.94736087770244,0.4014278427063422,1
2014-04-12 17:29:00,trace-858201,span-88627,load-balancer-service,elb_request_count_8c0756.csv,WARNING,,137.58879849891636,0.4208761585011741,0
2014-04-12 17:34:00,trace-938569,span-10559,load-balancer-service,elb_request_count_8c0756.csv,WARNING,,315.73191684299206,0.6811963769647922,0
2014-04-12 17:39:00,trace-967152,span-25261,load-balancer-service,elb_request_count_8c0756.csv,WARNING,,148.81296094199158,0.6075217185685475,0
2014-04-12 17:44:00,trace-853036,span-67920,load-balancer-service,elb_request_count_8c0756.csv,WARNING,,194.9298346288189,0.5333482564294472,0
2014-04-12 17:49:00,trace-100037,span-53032,load-balancer-service,elb_request_count_8c0756.csv,WARNING,,159.35754102553486,0.5528102351801767,0
2014-04-12 17:54:00,trace-607450,span-44600,load-balancer-service,elb_request_count_8c0756.csv,WARNING,,283.46073302752166,0.6227444756512389,0
2014-04-12 17:59:00,trace-975952,span-15167,load-balancer-service,elb_request_count_8c0756.csv,WARNING,,348.00649579729117,0.660631172281936,0
2014-04-12 18:04:00,trace-885838,span-79687,load-balancer-service,elb_request_count_8c0756.csv,WARNING,,37.52052621022959,0.6175216521781883,0
2014-04-12 18:09:00,trace-982756,span-60903,load-balancer-service,elb_request_count_8c0756.csv,WARNING,,24.935926396912908,0.557154277307335,0
2014-04-12 18:14:00,trace-843000,span-66768,load-balancer-service,elb_request_count_8c0756.csv,WARNING,,106.6910416030201,0.5508754379901337,0
2014-04-12 18:19:00,trace-395583,span-43257,load-balancer-service,elb_request_count_8c0756.csv,WARNING,,110.79147524329642,0.4987759092783352,0
2014-04-13 05:14:00,trace-413392,span-93602,load-balancer-service,elb_request_count_8c0756.csv,WARNING,,259.6916420224389,0.4918278205855923,0
2014-04-13 05:19:00,trace-561212,span-47297,load-balancer-service,elb_request_count_8c0756.csv,WARNING,,6.334527411489836,0.4473215013006719,0
2014-04-14 14:29:00,trace-659031,span-78752,load-balancer-service,elb_request_count_8c0756.csv,WARNING,,145.81898568254346,0.4225357878206494,0
2014-04-14 17:19:00,trace-301123,span-32076,load-balancer-service,elb_request_count_8c0756.csv,WARNING,,288.77515246716877,0.4043710544722099,0
2014-04-14 17:29:00,trace-350699,span-97483,load-balancer-service,elb_request_count_8c0756.csv,WARNING,,255.24252847496584,0.3671753634292873,0
2014-04-14 17:34:00,trace-244938,span-42305,load-balancer-service,elb_request_count_8c0756.csv,WARNING,,127.19165385327597,0.3931429393056509,0
2014-04-14 17:39:00,trace-992081,span-42813,load-balancer-service,elb_request_count_8c0756.csv,WARNING,,126.97614979284211,0.3681648569546596,0
2014-04-14 18:34:00,trace-890944,span-32666,load-balancer-service,elb_request_count_8c0756.csv,WARNING,,239.09342111458133,0.4308064371210069,0
2014-04-14 18:39:00,trace-305591,span-10636,load-balancer-service,elb_request_count_8c0756.csv,WARNING,,11.890506417730208,0.4000227518427861,0
2014-04-14 19:44:00,trace-688879,span-88561,load-balancer-service,elb_request_count_8c0756.csv,WARNING,,233.52555468873743,0.3795658680648416,0
2014-04-14 20:59:00,trace-897783,span-65184,load-balancer-service,elb_request_count_8c0756.csv,WARNING,,316.05274350391005,0.5360636318887213,0
2014-04-14 21:04:00,trace-457851,span-79180,load-balancer-service,elb_request_count_8c0756.csv,WARNING,,49.45569935980014,0.4533847190181292,0
2014-04-14 21:14:00,trace-849362,span-20778,load-balancer-service,elb_request_count_8c0756.csv,WARNING,,251.24334492425723,0.4499184295187978,0
2014-04-14 21:19:00,trace-588121,span-46382,load-balancer-service,elb_request_count_8c0756.csv,WARNING,,176.88240666320058,0.4634098150014055,0
2014-04-14 22:14:00,trace-123341,span-87214,load-balancer-service,elb_request_count_8c0756.csv,WARNING,,224.1826746346965,0.4132918480158655,0
2014-04-15 12:14:00,trace-326280,span-79868,load-balancer-service,elb_request_count_8c0756.csv,WARNING,,261.55457951688993,0.5629480835682934,0
2014-04-15 12:19:00,trace-710108,span-69949,load-balancer-service,elb_request_count_8c0756.csv,WARNING,,107.73975551445842,0.4517272868744767,0
2014-04-15 12:24:00,trace-686831,span-39318,load-balancer-service,elb_request_count_8c0756.csv,WARNING,,42.07661965389848,0.4094429722551628,0
2014-04-15 12:29:00,trace-886166,span-83374,load-balancer-service,elb_request_count_8c0756.csv,WARNING,,129.416322828979,0.4170358562413743,0
2014-04-15 12:34:00,trace-308851,span-37939,load-balancer-service,elb_request_count_8c0756.csv,WARNING,,21.505687201569685,0.4275465998178042,0
2014-04-15 18:44:00,trace-933142,span-26766,load-balancer-service,elb_request_count_8c0756.csv,WARNING,,226.9639507053579,0.3724569079927611,0
2014-04-15 19:24:00,trace-148458,span-66221,load-balancer-service,elb_request_count_8c0756.csv,WARNING,,236.0689130558858,0.4598757428720179,0
2014-04-15 19:29:00,trace-887941,span-99493,load-balancer-service,elb_request_count_8c0756.csv,WARNING,,170.1638586442356,0.3927025816173729,0
2014-04-15 19:34:00,trace-277946,span-36148,load-balancer-service,elb_request_count_8c0756.csv,WARNING,,43.39045239308542,0.3540448706373441,0
2014-04-15 19:59:00,trace-484546,span-88467,load-balancer-service,elb_request_count_8c0756.csv,WARNING,,210.1629946777347,0.4374104585007984,0
2014-04-15 20:19:00,trace-321140,span-70313,load-balancer-service,elb_request_count_8c0756.csv,WARNING,,136.18517401431856,0.374768267428988,0
2014-04-15 20:39:00,trace-431922,span-30601,load-balancer-service,elb_request_count_8c0756.csv,WARNING,,199.3291691857052,0.3815142643709658,0
2014-04-15 20:59:00,trace-812345,span-40782,load-balancer-service,elb_request_count_8c0756.csv,WARNING,,191.47814945794727,0.3861281850449361,0
2014-04-15 21:54:00,trace-459267,span-54458,load-balancer-service,elb_request_count_8c0756.csv,WARNING,,256.4640157484212,0.3856611293760386,0
2014-04-16 02:59:00,trace-763440,span-98743,load-balancer-service,elb_request_count_8c0756.csv,WARNING,,244.9150004916491,0.4726244284840193,0
2014-04-16 04:39:00,trace-458332,span-88287,load-balancer-service,elb_request_count_8c0756.csv,WARNING,,240.1951600661068,0.3644028688761349,0
2014-04-16 12:24:00,trace-592545,span-48314,load-balancer-service,elb_request_count_8c0756.csv,WARNING,,234.50181200566914,0.4699862277004445,0
2014-04-16 12:29:00,trace-576984,span-25831,load-balancer-service,elb_request_count_8c0756.csv,WARNING,,49.53529355459091,0.3529466994749989,0
2014-04-16 15:09:00,trace-948883,span-55708,load-balancer-service,elb_request_count_8c0756.csv,WARNING,,252.6678823672474,0.400322182734863,0
2014-04-16 15:29:00,trace-576040,span-45794,load-balancer-service,elb_request_count_8c0756.csv,WARNING,,149.74855667139113,0.362800129491425,0
2014-04-16 15:34:00,trace-583157,span-48737,load-balancer-service,elb_request_count_8c0756.csv,WARNING,,279.58782835019514,0.4177911938535606,0
2014-04-16 15:39:00,trace-858529,span-45057,load-balancer-service,elb_request_count_8c0756.csv,WARNING,,65.11171185911302,0.3637241121712598,0
2014-04-16 16:49:00,trace-153024,span-19677,load-balancer-service,elb_request_count_8c0756.csv,WARNING,,279.7318611016524,0.4009626532912683,0
2014-04-16 17:34:00,trace-642112,span-10765,load-balancer-service,elb_request_count_8c0756.csv,WARNING,,255.95414435432946,0.4286453526829957,0
2014-04-16 20:29:00,trace-983583,span-58926,load-balancer-service,elb_request_count_8c0756.csv,WARNING,,217.04755031195114,0.4684947351112088,0
2014-04-16 20:49:00,trace-961309,span-87870,load-balancer-service,elb_request_count_8c0756.csv,WARNING,,268.2873367693809,0.4667233651265106,0
2014-04-16 20:54:00,trace-781908,span-48736,load-balancer-service,elb_request_count_8c0756.csv,WARNING,,427.3069975667673,0.6488226617221358,0
2014-04-16 20:59:00,trace-896266,span-10840,load-balancer-service,elb_request_count_8c0756.csv,WARNING,,232.17352597982133,0.6352320053636255,0
2014-04-16 21:04:00,trace-897278,span-15899,load-balancer-service,elb_request_count_8c0756.csv,WARNING,,126.56246011761405,0.5981839565766143,0
2014-04-16 21:09:00,trace-229789,span-84723,load-balancer-service,elb_request_count_8c0756.csv,WARNING,,167.8797570908817,0.5956715424268579,0
2014-04-16 21:14:00,trace-466338,span-14311,load-balancer-service,elb_request_count_8c0756.csv,WARNING,,47.86573540841017,0.5344258297673294,0
2014-04-16 21:19:00,trace-928048,span-62134,load-balancer-service,elb_request_count_8c0756.csv,WARNING,,188.11676032588775,0.4065496398206917,0
2014-04-17 13:49:00,trace-767958,span-92476,load-balancer-service,elb_request_count_8c0756.csv,WARNING,,222.70975127662808,0.3844295893119278,0
2014-04-17 19:19:00,trace-889012,span-67395,load-balancer-service,elb_request_count_8c0756.csv,WARNING,,136.32655367782695,0.3595770775039524,0
2014-04-17 20:49:00,trace-415315,span-29522,load-balancer-service,elb_request_count_8c0756.csv,WARNING,,209.4536127040272,0.4052185431448129,0
2014-04-18 16:09:00,trace-133545,span-64079,load-balancer-service,elb_request_count_8c0756.csv,WARNING,,203.81054134063302,0.4161959585101461,0
2014-04-18 17:49:00,trace-675300,span-24260,load-balancer-service,elb_request_count_8c0756.csv,WARNING,,213.98892502732633,0.418308255000927,0
2014-04-18 20:39:00,trace-535892,span-19475,load-balancer-service,elb_request_count_8c0756.csv,WARNING,,245.63882269397575,0.3852307641330887,0
2014-04-18 20:44:00,trace-516363,span-11986,load-balancer-service,elb_request_count_8c0756.csv,WARNING,,5.754306991833867,0.3789132730390909,0
2014-04-18 21:04:00,trace-862857,span-65479,load-balancer-service,elb_request_count_8c0756.csv,WARNING,,338.4145641135818,0.5928085042235568,0
2014-04-18 21:09:00,trace-364320,span-94258,load-balancer-service,elb_request_count_8c0756.csv,WARNING,,38.42793413553142,0.4847123651416612,0
2014-04-18 21:14:00,trace-184153,span-71918,load-balancer-service,elb_request_count_8c0756.csv,WARNING,,69.87562017270601,0.3865101850746136,0
2014-04-18 21:19:00,trace-858272,span-87442,load-balancer-service,elb_request_count_8c0756.csv,WARNING,,135.09644653867093,0.3951093273273443,0
2014-04-18 21:24:00,trace-411896,span-88947,load-balancer-service,elb_request_count_8c0756.csv,WARNING,,84.245359639139,0.3767728693978658,0
2014-04-19 00:19:00,trace-541209,span-20073,load-balancer-service,elb_request_count_8c0756.csv,WARNING,,268.1084695505442,0.6035920811285598,0
2014-04-19 00:24:00,trace-826797,span-48897,load-balancer-service,elb_request_count_8c0756.csv,WARNING,,131.17993363886862,0.4568443174487169,0
2014-04-19 00:29:00,trace-362037,span-14482,load-balancer-service,elb_request_count_8c0756.csv,WARNING,,11.36948533527329,0.4560704290239804,0
2014-04-19 00:34:00,trace-566152,span-49574,load-balancer-service,elb_request_count_8c0756.csv,WARNING,,25.151248672229084,0.4309896829955281,0
2014-04-19 00:39:00,trace-435076,span-17338,load-balancer-service,elb_request_count_8c0756.csv,WARNING,,4.39021764004842,0.4611679542205606,0
2014-04-19 20:24:00,trace-242617,span-71480,load-balancer-service,elb_request_count_8c0756.csv,WARNING,,224.2288707049941,0.3811375473563397,0
2014-04-20 15:49:00,trace-104695,span-87066,load-balancer-service,elb_request_count_8c0756.csv,WARNING,,326.18349608985613,0.5279440329820536,0
2014-04-20 15:54:00,trace-638606,span-60934,load-balancer-service,elb_request_count_8c0756.csv,WARNING,,68.8449370948264,0.4138614694028464,0
2014-04-20 16:04:00,trace-808032,span-86860,load-balancer-service,elb_request_count_8c0756.csv,WARNING,,38.055985121550975,0.3511976921022676,0
2014-04-20 16:09:00,trace-972109,span-12837,load-balancer-service,elb_request_count_8c0756.csv,WARNING,,10.41602188563512,0.353107032089364,0
2014-04-20 17:19:00,trace-467482,span-50077,load-balancer-service,elb_request_count_8c0756.csv,WARNING,,251.84558480393133,0.3628162109369294,0
2014-04-21 13:19:00,trace-341504,span-96348,load-balancer-service,elb_request_count_8c0756.csv,WARNING,,268.48936775257926,0.3881097401303336,0
2014-04-21 19:04:00,trace-961579,span-14150,load-balancer-service,elb_request_count_8c0756.csv,WARNING,,196.04403009191515,0.3692711674741273,0
2014-04-21 21:39:00,trace-855110,span-36016,load-balancer-service,elb_request_count_8c0756.csv,WARNING,,302.4667983052384,0.602758218936186,0
2014-04-21 21:44:00,trace-245093,span-46943,load-balancer-service,elb_request_count_8c0756.csv,WARNING,,164.8357535618573,0.4658804651074774,0
2014-04-21 21:49:00,trace-312079,span-60016,load-balancer-service,elb_request_count_8c0756.csv,WARNING,,29.966007368612228,0.4630065760264781,0
2014-04-21 21:54:00,trace-869673,span-48985,load-balancer-service,elb_request_count_8c0756.csv,WARNING,,113.97940507416072,0.4282740451871096,0
2014-04-21 21:59:00,trace-940268,span-13770,load-balancer-service,elb_request_count_8c0756.csv,WARNING,,84.34679470920281,0.426633822599268,0
2014-04-21 23:59:00,trace-366145,span-70848,load-balancer-service,elb_request_count_8c0756.csv,WARNING,,239.06760668712732,0.3911266407266869,0
2014-04-22 03:39:00,trace-720140,span-53744,load-balancer-service,elb_request_count_8c0756.csv,WARNING,,256.691996094167,0.3548691953269594,0
2014-04-22 16:54:00,trace-794519,span-33671,load-balancer-service,elb_request_count_8c0756.csv,WARNING,,320.23099019586647,0.5808832118456804,0
2014-04-22 16:59:00,trace-550491,span-54358,load-balancer-service,elb_request_count_8c0756.csv,WARNING,,81.84300904064779,0.4173999723991136,0
2014-04-22 17:04:00,trace-419957,span-16806,load-balancer-service,elb_request_count_8c0756.csv,WARNING,,205.55859105092736,0.4312277846719488,0
2014-04-22 17:09:00,trace-226865,span-93551,load-balancer-service,elb_request_count_8c0756.csv,WARNING,,83.13352871048028,0.410058340420497,0
2014-04-22 17:14:00,trace-379302,span-90992,load-balancer-service,elb_request_count_8c0756.csv,WARNING,,124.2738520756713,0.3971795138010695,0
2014-04-22 17:24:00,trace-974459,span-34188,load-balancer-service,elb_request_count_8c0756.csv,WARNING,,245.52529940938288,0.3881458737965066,0
2014-04-22 18:29:00,trace-759379,span-22419,load-balancer-service,elb_request_count_8c0756.csv,WARNING,,276.49041486099355,0.3952068438473095,0
2014-04-22 19:34:00,trace-481856,span-17973,load-balancer-service,elb_request_count_8c0756.csv,ERROR,ELBRequestSpike: Abnormal request count (656 req),670.9091377370279,0.999999998962226,1
2014-04-22 19:39:00,trace-484793,span-21136,load-balancer-service,elb_request_count_8c0756.csv,WARNING,,247.29577045716525,0.8438042967420376,0
2014-04-22 19:44:00,trace-262357,span-33039,load-balancer-service,elb_request_count_8c0756.csv,WARNING,,203.3217672094351,0.8055231590016385,0
2014-04-22 19:49:00,trace-223168,span-98263,load-balancer-service,elb_request_count_8c0756.csv,WARNING,,383.5526430005931,0.8356701230692565,0
2014-04-22 19:54:00,trace-625204,span-69052,load-balancer-service,elb_request_count_8c0756.csv,WARNING,,10.51735663265236,0.8213226179973081,0
2014-04-22 19:59:00,trace-379934,span-93161,load-balancer-service,elb_request_count_8c0756.csv,WARNING,,151.34913027526406,0.5005438554909829,0
2014-04-22 20:04:00,trace-185053,span-59950,load-balancer-service,elb_request_count_8c0756.csv,WARNING,,158.13890848762824,0.4671696787017519,0
2014-04-22 20:09:00,trace-947883,span-47696,load-balancer-service,elb_request_count_8c0756.csv,WARNING,,133.77483837029763,0.4478685719377381,0
2014-04-22 20:59:00,trace-726683,span-56728,load-balancer-service,elb_request_count_8c0756.csv,WARNING,,254.08460737145938,0.3926738375480704,0
2014-04-22 22:34:00,trace-649391,span-44263,load-balancer-service,elb_request_count_8c0756.csv,WARNING,,266.14299837812774,0.3743822103162182,0
2014-04-23 01:59:00,trace-412188,span-67730,load-balancer-service,elb_request_count_8c0756.csv,WARNING,,327.89672053813337,0.5589201640390468,0
2014-04-23 02:04:00,trace-597393,span-47271,load-balancer-service,elb_request_count_8c0756.csv,WARNING,,63.749621736607146,0.4539282775549202,0
2014-04-23 02:09:00,trace-166433,span-92630,load-balancer-service,elb_request_count_8c0756.csv,WARNING,,106.34085738928289,0.3674129918158253,0
2014-04-23 12:19:00,trace-647860,span-48546,load-balancer-service,elb_request_count_8c0756.csv,WARNING,,251.8310715134659,0.3505523037091927,0
2014-04-23 14:34:00,trace-940597,span-73690,load-balancer-service,elb_request_count_8c0756.csv,WARNING,,307.5110743882018,0.5879810498303424,0
2014-04-23 14:39:00,trace-830559,span-46948,load-balancer-service,elb_request_count_8c0756.csv,WARNING,,47.97149839227521,0.4904309507114367,0
2014-04-23 14:44:00,trace-725107,span-86772,load-balancer-service,elb_request_count_8c0756.csv,WARNING,,126.38640358030436,0.423885874775937,0
2014-04-23 14:49:00,trace-707200,span-28157,load-balancer-service,elb_request_count_8c0756.csv,WARNING,,86.07750642311657,0.3718042051394817,0
2014-04-23 14:54:00,trace-595336,span-98553,load-balancer-service,elb_request_count_8c0756.csv,WARNING,,99.50084360814549,0.3671380645545731,0
2014-04-23 17:49:00,trace-726776,span-68051,load-balancer-service,elb_request_count_8c0756.csv,WARNING,,338.4253991202102,0.5117223296915003,0
2014-04-23 17:54:00,trace-440354,span-53094,load-balancer-service,elb_request_count_8c0756.csv,WARNING,,173.2056039785873,0.3944862217042306,0
2014-04-23 17:59:00,trace-497751,span-66035,load-balancer-service,elb_request_count_8c0756.csv,WARNING,,118.79249799354345,0.356860854861992,0
2014-04-23 18:04:00,trace-862832,span-27118,load-balancer-service,elb_request_count_8c0756.csv,WARNING,,48.713020581836524,0.3504660757488473,0
2014-04-23 19:49:00,trace-559384,span-23280,load-balancer-service,elb_request_count_8c0756.csv,WARNING,,265.4448772447146,0.4441743963203134,0
2014-04-23 22:09:00,trace-677539,span-94821,load-balancer-service,elb_request_count_8c0756.csv,WARNING,,215.1552889240271,0.3656301916011487,0
2014-04-23 23:34:00,trace-110207,span-81127,load-balancer-service,elb_request_count_8c0756.csv,WARNING,,211.7828038103867,0.4383105258073065,0
2014-01-16 18:40:00,trace-554623,span-37206,autoscaling-service,grok_asg_anomaly.csv,WARNING,,9.893151137183068,0.8376032864784432,0
2014-01-16 18:45:00,trace-362070,span-51340,autoscaling-service,grok_asg_anomaly.csv,WARNING,,33.35079270621727,0.7380679728618418,0
2014-01-16 18:50:00,trace-929783,span-58671,autoscaling-service,grok_asg_anomaly.csv,WARNING,,30.330607146267866,0.6125111542148312,0
2014-01-16 18:55:00,trace-528373,span-29937,autoscaling-service,grok_asg_anomaly.csv,WARNING,,31.665817456492373,0.5781831762828772,0
2014-01-16 19:00:00,trace-373363,span-19399,autoscaling-service,grok_asg_anomaly.csv,WARNING,,30.347251070588772,0.5966996552076755,0
2014-01-19 08:30:00,trace-906479,span-86095,autoscaling-service,grok_asg_anomaly.csv,WARNING,,20.01781735232297,0.5185401012429507,0
2014-01-19 08:35:00,trace-800251,span-16780,autoscaling-service,grok_asg_anomaly.csv,WARNING,,33.39633313077353,0.4904032088478894,0
2014-01-19 22:30:00,trace-430810,span-92016,autoscaling-service,grok_asg_anomaly.csv,WARNING,,24.93881519324216,0.5038960446918643,0
2014-01-19 22:35:00,trace-332084,span-48165,autoscaling-service,grok_asg_anomaly.csv,WARNING,,26.68376565656501,0.4758953177634317,0
2014-01-20 04:00:00,trace-280680,span-15914,autoscaling-service,grok_asg_anomaly.csv,WARNING,,23.65398374439021,0.4972841009068823,0
2014-01-20 04:05:00,trace-448152,span-22076,autoscaling-service,grok_asg_anomaly.csv,WARNING,,36.26172425844694,0.5951364363131486,0
2014-01-20 04:10:00,trace-802076,span-60298,autoscaling-service,grok_asg_anomaly.csv,WARNING,,35.011674006591,0.3791318679989098,0
2014-01-21 10:45:00,trace-169835,span-18118,autoscaling-service,grok_asg_anomaly.csv,ERROR,ASGScalingAnomaly: Unexpected autoscaling event,37.37133814365096,0.526956930340756,1
2014-01-21 10:50:00,trace-419055,span-83489,autoscaling-service,grok_asg_anomaly.csv,WARNING,,43.007516494033034,0.5412940377169541,0
2014-01-21 10:55:00,trace-674901,span-43927,autoscaling-service,grok_asg_anomaly.csv,WARNING,,26.91334977137754,0.4267481044291226,0
2014-01-21 11:00:00,trace-565944,span-86281,autoscaling-service,grok_asg_anomaly.csv,WARNING,,30.617486119998485,0.4259671336298413,0
2014-01-21 11:05:00,trace-317767,span-71394,autoscaling-service,grok_asg_anomaly.csv,WARNING,,29.022401833253216,0.4168664782232717,0
2014-01-22 15:35:00,trace-746004,span-66414,autoscaling-service,grok_asg_anomaly.csv,WARNING,,48.01333972224889,0.4669683666482401,0
2014-01-22 15:40:00,trace-584497,span-72694,autoscaling-service,grok_asg_anomaly.csv,WARNING,,29.36516680741683,0.4134487954179847,0
2014-01-23 09:35:00,trace-269807,span-22109,autoscaling-service,grok_asg_anomaly.csv,WARNING,,37.56080244835143,0.3796099988485274,0
2014-01-23 09:40:00,trace-658910,span-12597,autoscaling-service,grok_asg_anomaly.csv,WARNING,,41.432697382946124,0.3898322858087669,0
2014-01-23 09:45:00,trace-169519,span-66115,autoscaling-service,grok_asg_anomaly.csv,WARNING,,35.99543569621329,0.4600908295234853,0
2014-01-23 20:10:00,trace-356587,span-27040,autoscaling-service,grok_asg_anomaly.csv,WARNING,,52.07186435790919,0.572641939143602,0
2014-01-23 20:15:00,trace-982522,span-73832,autoscaling-service,grok_asg_anomaly.csv,WARNING,,31.38415175132493,0.4877249992757254,0
2014-01-23 20:20:00,trace-614743,span-36372,autoscaling-service,grok_asg_anomaly.csv,WARNING,,25.85852000891155,0.4318544144181908,0
2014-01-23 20:25:00,trace-206242,span-52722,autoscaling-service,grok_asg_anomaly.csv,WARNING,,31.29713758486678,0.4067621395235089,0
2014-01-23 20:30:00,trace-709493,span-19777,autoscaling-service,grok_asg_anomaly.csv,WARNING,,31.745291090710413,0.3939272301322724,0
2014-01-24 02:15:00,trace-356392,span-30968,autoscaling-service,grok_asg_anomaly.csv,WARNING,,29.737305737829555,0.3507608940590442,0
2014-01-25 17:40:00,trace-635580,span-50794,autoscaling-service,grok_asg_anomaly.csv,WARNING,,30.88010308324956,0.4146141275390735,0
2014-01-25 19:20:00,trace-936624,span-37703,autoscaling-service,grok_asg_anomaly.csv,WARNING,,37.52362366617545,0.3735286786867058,0
2014-01-25 19:25:00,trace-954082,span-66516,autoscaling-service,grok_asg_anomaly.csv,WARNING,,32.8289045624521,0.4582706709140755,0
2014-01-26 03:25:00,trace-725686,span-32257,autoscaling-service,grok_asg_anomaly.csv,WARNING,,32.286914590087676,0.3904049005920372,0
2014-01-26 03:30:00,trace-877110,span-93509,autoscaling-service,grok_asg_anomaly.csv,WARNING,,41.48220422919577,0.3575215429496041,0
2014-01-26 15:45:00,trace-832943,span-32113,autoscaling-service,grok_asg_anomaly.csv,WARNING,,29.11303305640523,0.3760234298816435,0
2014-01-26 15:50:00,trace-115588,span-71756,autoscaling-service,grok_asg_anomaly.csv,WARNING,,40.67651258934982,0.3527180023803783,0
2014-01-26 23:10:00,trace-345456,span-71142,autoscaling-service,grok_asg_anomaly.csv,WARNING,,26.090903527333097,0.4219593318189679,0
2014-01-27 07:25:00,trace-630992,span-50136,autoscaling-service,grok_asg_anomaly.csv,WARNING,,42.9724192389854,0.4121792624938627,0
2014-01-28 12:00:00,trace-945279,span-21441,autoscaling-service,grok_asg_anomaly.csv,WARNING,,36.189479398996255,0.363224506269664,0
2014-01-28 12:05:00,trace-114677,span-37818,autoscaling-service,grok_asg_anomaly.csv,WARNING,,40.17597796630074,0.4075782131458415,0
2014-01-28 12:15:00,trace-429408,span-83168,autoscaling-service,grok_asg_anomaly.csv,WARNING,,26.952005789763803,0.3927778058452394,0
2014-01-28 12:20:00,trace-377876,span-65244,autoscaling-service,grok_asg_anomaly.csv,WARNING,,33.63010347594158,0.3781654817226857,0
2014-01-28 14:10:00,trace-859848,span-32394,autoscaling-service,grok_asg_anomaly.csv,WARNING,,43.28154469196492,0.3553940558149497,0
2014-01-28 20:20:00,trace-595062,span-29159,autoscaling-service,grok_asg_anomaly.csv,WARNING,,46.14476455546111,0.4392663666914792,0
2014-01-28 22:25:00,trace-892644,span-47405,autoscaling-service,grok_asg_anomaly.csv,WARNING,,37.710123097790124,0.3968954786448554,0
2014-01-29 00:40:00,trace-456440,span-65186,autoscaling-service,grok_asg_anomaly.csv,WARNING,,34.464041551589666,0.3813138432313849,0
2014-01-29 00:45:00,trace-848353,span-20532,autoscaling-service,grok_asg_anomaly.csv,ERROR,ASGScalingAnomaly: Unexpected autoscaling event,1.2498694664011847,0.9904040689899242,1
2014-01-29 00:50:00,trace-316351,span-76540,autoscaling-service,grok_asg_anomaly.csv,WARNING,,0.9251885408976827,0.950889942280608,0
2014-01-29 00:55:00,trace-889703,span-55482,autoscaling-service,grok_asg_anomaly.csv,WARNING,,1.2016984570405946,0.9372268480285976,0
2014-01-29 01:00:00,trace-760899,span-29977,autoscaling-service,grok_asg_anomaly.csv,WARNING,,0.7324176106099444,0.7564203687906254,0
2014-01-29 02:30:00,trace-490300,span-78684,autoscaling-service,grok_asg_anomaly.csv,WARNING,,9.074851230117002,0.5611052114903178,0
2014-01-29 02:35:00,trace-367751,span-95122,autoscaling-service,grok_asg_anomaly.csv,WARNING,,3.4428930372457724,0.4580263272300861,0
2014-01-29 02:40:00,trace-283011,span-28594,autoscaling-service,grok_asg_anomaly.csv,WARNING,,0.0,0.4127546271240768,0
2014-01-29 02:45:00,trace-614242,span-35117,autoscaling-service,grok_asg_anomaly.csv,WARNING,,0.0,0.3904024305284161,0
2014-01-29 02:50:00,trace-762858,span-60624,autoscaling-service,grok_asg_anomaly.csv,WARNING,,0.3371211917630826,0.3880807558397914,0
2014-01-29 02:55:00,trace-400763,span-17032,autoscaling-service,grok_asg_anomaly.csv,WARNING,,0.0,0.3570386588713405,0
2014-01-29 03:35:00,trace-726946,span-96158,autoscaling-service,grok_asg_anomaly.csv,WARNING,,4.325149809728786,0.4250819280824814,0
2014-01-29 03:40:00,trace-147850,span-14722,autoscaling-service,grok_asg_anomaly.csv,WARNING,,0.38006417617888566,0.405563129225809,0
2014-01-29 03:45:00,trace-534895,span-78771,autoscaling-service,grok_asg_anomaly.csv,WARNING,,0.0,0.3578157765580706,0
2014-01-29 03:50:00,trace-461548,span-51632,autoscaling-service,grok_asg_anomaly.csv,WARNING,,0.28055802906383254,0.3537546269204992,0
2014-01-29 03:55:00,trace-523501,span-34154,autoscaling-service,grok_asg_anomaly.csv,WARNING,,0.0,0.3578157765580706,0
2014-01-29 04:20:00,trace-114439,span-54518,autoscaling-service,grok_asg_anomaly.csv,WARNING,,2.464890624756265,0.3925352542547353,0
2014-01-29 04:25:00,trace-863445,span-47763,autoscaling-service,grok_asg_anomaly.csv,WARNING,,0.0,0.3768822240330152,0
2014-01-29 04:30:00,trace-997246,span-29464,autoscaling-service,grok_asg_anomaly.csv,WARNING,,11.398575773907362,0.6557622973759072,0
2014-01-29 04:35:00,trace-327021,span-43270,autoscaling-service,grok_asg_anomaly.csv,WARNING,,0.0,0.6406834516704001,0
2014-01-29 04:40:00,trace-131541,span-83545,autoscaling-service,grok_asg_anomaly.csv,WARNING,,0.0,0.4724042600108992,0
2014-01-29 04:45:00,trace-229188,span-87078,autoscaling-service,grok_asg_anomaly.csv,WARNING,,0.30058413022457753,0.4757236339159273,0
2014-01-29 04:50:00,trace-910201,span-98001,autoscaling-service,grok_asg_anomaly.csv,WARNING,,0.0,0.4750765710974293,0
2014-01-29 06:25:00,trace-841196,span-60481,autoscaling-service,grok_asg_anomaly.csv,WARNING,,2.532566157633336,0.3937390032308075,0
2014-01-29 06:30:00,trace-801696,span-46135,autoscaling-service,grok_asg_anomaly.csv,WARNING,,9.307715278545244,0.5190419628603741,0
2014-01-29 06:35:00,trace-693775,span-31468,autoscaling-service,grok_asg_anomaly.csv,WARNING,,0.38419765328713745,0.5521980773948966,0
2014-01-29 06:40:00,trace-527557,span-74182,autoscaling-service,grok_asg_anomaly.csv,WARNING,,0.0,0.4003339651992034,0
2014-01-29 06:45:00,trace-465750,span-56514,autoscaling-service,grok_asg_anomaly.csv,WARNING,,0.3396628444414425,0.3978300623803001,0
2014-01-29 06:50:00,trace-584103,span-90981,autoscaling-service,grok_asg_anomaly.csv,WARNING,,0.0,0.4107395976830416,0
2014-01-29 08:25:00,trace-345191,span-11160,autoscaling-service,grok_asg_anomaly.csv,WARNING,,13.504409220086387,0.6111374044035172,0
2014-01-29 08:30:00,trace-839663,span-20846,autoscaling-service,grok_asg_anomaly.csv,WARNING,,1.7278054810903722,0.5659007649265879,0
2014-01-29 08:35:00,trace-382068,span-23882,autoscaling-service,grok_asg_anomaly.csv,WARNING,,0.0,0.4429295281245036,0
2014-01-29 08:40:00,trace-101095,span-50983,autoscaling-service,grok_asg_anomaly.csv,WARNING,,0.44003461930855653,0.4319289512890895,0
2014-01-29 08:45:00,trace-586884,span-76615,autoscaling-service,grok_asg_anomaly.csv,WARNING,,0.0,0.4266736539893749,0
2014-01-29 10:20:00,trace-984343,span-61999,autoscaling-service,grok_asg_anomaly.csv,WARNING,,1.9342425716794782,0.3831571720746235,0
2014-01-29 10:25:00,trace-855137,span-47656,autoscaling-service,grok_asg_anomaly.csv,WARNING,,9.538017981474292,0.5485657962414208,0
2014-01-29 10:30:00,trace-363356,span-19001,autoscaling-service,grok_asg_anomaly.csv,WARNING,,0.0,0.5766519279127782,0
2014-01-29 10:35:00,trace-443288,span-46427,autoscaling-service,grok_asg_anomaly.csv,WARNING,,0.35268103688787306,0.415384386609491,0
2014-01-29 10:40:00,trace-161160,span-35854,autoscaling-service,grok_asg_anomaly.csv,WARNING,,0.0,0.4168316070911525,0
2014-01-29 10:45:00,trace-683072,span-36797,autoscaling-service,grok_asg_anomaly.csv,WARNING,,0.29677899259130186,0.4270202238969142,0
2014-01-29 12:20:00,trace-639068,span-47905,autoscaling-service,grok_asg_anomaly.csv,WARNING,,12.018404798605884,0.562533775868227,0
2014-01-29 12:25:00,trace-753939,span-43359,autoscaling-service,grok_asg_anomaly.csv,WARNING,,3.4858249522623015,0.4804841798703624,0
2014-01-29 12:30:00,trace-405607,span-26571,autoscaling-service,grok_asg_anomaly.csv,WARNING,,0.38298996414615905,0.4124542475859861,0
2014-01-29 12:35:00,trace-774502,span-35104,autoscaling-service,grok_asg_anomaly.csv,WARNING,,0.0,0.3882702784790805,0
2014-01-29 12:40:00,trace-482869,span-25926,autoscaling-service,grok_asg_anomaly.csv,WARNING,,0.0,0.3906107738883647,0
2014-01-29 14:15:00,trace-454060,span-30566,autoscaling-service,grok_asg_anomaly.csv,WARNING,,1.692628826630901,0.3764287141000444,0
2014-01-29 14:20:00,trace-209084,span-39717,autoscaling-service,grok_asg_anomaly.csv,WARNING,,11.089990309478338,0.5742267151717717,0
2014-01-29 14:25:00,trace-783524,span-84489,autoscaling-service,grok_asg_anomaly.csv,WARNING,,0.3014698173603442,0.5875904089710298,0
2014-01-29 14:30:00,trace-120169,span-69858,autoscaling-service,grok_asg_anomaly.csv,WARNING,,0.0,0.4300413862876346,0
2014-01-29 14:35:00,trace-476749,span-98738,autoscaling-service,grok_asg_anomaly.csv,WARNING,,0.3256296356769946,0.4272641751274071,0
2014-01-29 14:40:00,trace-202537,span-18007,autoscaling-service,grok_asg_anomaly.csv,WARNING,,0.0,0.4390081988649418,0
2014-01-29 15:45:00,trace-217419,span-51787,autoscaling-service,grok_asg_anomaly.csv,WARNING,,2.1404595393857813,0.3882346648134974,0
2014-01-29 15:50:00,trace-853158,span-93629,autoscaling-service,grok_asg_anomaly.csv,WARNING,,0.3148273247246578,0.3698400811418857,0
2014-01-29 16:15:00,trace-681933,span-41996,autoscaling-service,grok_asg_anomaly.csv,WARNING,,7.1387349643750575,0.4584311146540825,0
2014-01-29 16:20:00,trace-624154,span-65186,autoscaling-service,grok_asg_anomaly.csv,WARNING,,6.292823122663131,0.3894931345426824,0
2014-01-29 16:25:00,trace-316096,span-29689,autoscaling-service,grok_asg_anomaly.csv,WARNING,,0.0,0.4583713978873025,0
2014-01-29 16:30:00,trace-445395,span-67320,autoscaling-service,grok_asg_anomaly.csv,WARNING,,0.27049691929712955,0.3613639698830309,0
2014-01-29 16:35:00,trace-468709,span-89301,autoscaling-service,grok_asg_anomaly.csv,WARNING,,0.0,0.3608003917148835,0
2014-01-29 16:40:00,trace-881675,span-75277,autoscaling-service,grok_asg_anomaly.csv,WARNING,,0.29773999272705604,0.353665026691339,0
2014-01-29 18:15:00,trace-644766,span-32551,autoscaling-service,grok_asg_anomaly.csv,WARNING,,1.609737814717334,0.3748537330259299,0
2014-01-29 18:20:00,trace-659849,span-12892,autoscaling-service,grok_asg_anomaly.csv,WARNING,,11.124380343017435,0.5667360223860364,0
2014-01-29 18:25:00,trace-643044,span-97710,autoscaling-service,grok_asg_anomaly.csv,WARNING,,0.3633198516807081,0.5774208250151655,0
2014-01-29 18:30:00,trace-428477,span-83745,autoscaling-service,grok_asg_anomaly.csv,WARNING,,0.0,0.4242627250057148,0
2014-01-29 18:35:00,trace-776706,span-38024,autoscaling-service,grok_asg_anomaly.csv,WARNING,,0.3226725578930265,0.4197739250175483,0
2014-01-29 18:40:00,trace-534034,span-15947,autoscaling-service,grok_asg_anomaly.csv,WARNING,,0.0,0.4328037024982881,0
2014-01-29 20:20:00,trace-227192,span-77428,autoscaling-service,grok_asg_anomaly.csv,WARNING,,13.802344805007001,0.6306150358637355,0
2014-01-29 20:25:00,trace-551457,span-78960,autoscaling-service,grok_asg_anomaly.csv,WARNING,,0.34811158776625867,0.614540676193039,0
2014-01-29 20:30:00,trace-338826,span-23418,autoscaling-service,grok_asg_anomaly.csv,WARNING,,0.0,0.4581622604377184,0
2014-01-29 20:35:00,trace-581809,span-65184,autoscaling-service,grok_asg_anomaly.csv,WARNING,,0.3394757610665519,0.4525106165202062,0
2014-01-29 20:40:00,trace-869606,span-51833,autoscaling-service,grok_asg_anomaly.csv,WARNING,,0.0,0.4581622604377184,0
2014-01-29 22:15:00,trace-118402,span-52845,autoscaling-service,grok_asg_anomaly.csv,WARNING,,2.343666475678055,0.3808964981969398,0
2014-01-29 22:20:00,trace-692138,span-47180,autoscaling-service,grok_asg_anomaly.csv,WARNING,,11.367464698531686,0.5499120722390072,0
2014-01-29 22:25:00,trace-306659,span-21695,autoscaling-service,grok_asg_anomaly.csv,WARNING,,0.0,0.5766150315941557,0
2014-01-29 22:30:00,trace-682769,span-83438,autoscaling-service,grok_asg_anomaly.csv,WARNING,,0.2894537963263133,0.4159201533406468,0
2014-01-29 22:35:00,trace-510789,span-66494,autoscaling-service,grok_asg_anomaly.csv,WARNING,,0.0,0.4172317482324857,0
2014-01-29 22:40:00,trace-479989,span-86095,autoscaling-service,grok_asg_anomaly.csv,WARNING,,0.32219097878702363,0.4276072321147278,0
2014-01-30 00:20:00,trace-970093,span-79224,autoscaling-service,grok_asg_anomaly.csv,WARNING,,14.053842394698409,0.6483779525255418,0
2014-01-30 00:25:00,trace-334745,span-64796,autoscaling-service,grok_asg_anomaly.csv,WARNING,,0.276183348709352,0.6250883638524206,0
2014-01-30 00:30:00,trace-485921,span-14023,autoscaling-service,grok_asg_anomaly.csv,WARNING,,0.0,0.466663985538043,0
2014-01-30 00:35:00,trace-267807,span-82959,autoscaling-service,grok_asg_anomaly.csv,WARNING,,0.7567538076364204,0.4790097469906441,0
2014-01-30 00:40:00,trace-594735,span-38460,autoscaling-service,grok_asg_anomaly.csv,WARNING,,0.0,0.4729467109787996,0
2014-01-30 02:15:00,trace-131017,span-40990,autoscaling-service,grok_asg_anomaly.csv,WARNING,,6.367492807697549,0.4415090845920866,0
2014-01-30 02:20:00,trace-500850,span-87034,autoscaling-service,grok_asg_anomaly.csv,WARNING,,6.880601214672727,0.4129855964627569,0
2014-01-30 02:25:00,trace-919433,span-11391,autoscaling-service,grok_asg_anomaly.csv,WARNING,,0.0,0.4902324543671419,0
2014-01-30 02:30:00,trace-404359,span-89720,autoscaling-service,grok_asg_anomaly.csv,WARNING,,0.3781057109609658,0.3668327212053202,0
2014-01-30 02:35:00,trace-999574,span-27273,autoscaling-service,grok_asg_anomaly.csv,WARNING,,0.0,0.3668122563945023,0
2014-01-30 02:40:00,trace-575881,span-74892,autoscaling-service,grok_asg_anomaly.csv,WARNING,,0.0,0.3652452893882174,0
2014-01-30 03:05:00,trace-852312,span-76267,autoscaling-service,grok_asg_anomaly.csv,WARNING,,5.848770276319014,0.422838832317768,0
2014-01-30 03:10:00,trace-587625,span-17025,autoscaling-service,grok_asg_anomaly.csv,WARNING,,0.3077727084246186,0.3992535840494484,0
2014-01-30 03:15:00,trace-852254,span-24961,autoscaling-service,grok_asg_anomaly.csv,WARNING,,0.0,0.3591346300154047,0
2014-01-30 03:20:00,trace-151690,span-62870,autoscaling-service,grok_asg_anomaly.csv,WARNING,,0.0,0.3592524906974453,0
2014-01-30 03:25:00,trace-186928,span-88798,autoscaling-service,grok_asg_anomaly.csv,WARNING,,0.33982436880814854,0.352922311181408,0
2014-01-30 04:15:00,trace-905231,span-33555,autoscaling-service,grok_asg_anomaly.csv,WARNING,,13.043843211409978,0.6396319405051735,0
2014-01-30 04:20:00,trace-497477,span-79002,autoscaling-service,grok_asg_anomaly.csv,WARNING,,0.0,0.6304148090441827,0
2014-01-30 04:25:00,trace-670071,span-11115,autoscaling-service,grok_asg_anomaly.csv,WARNING,,0.3425764241843123,0.465143041485727,0
2014-01-30 04:30:00,trace-172908,span-79109,autoscaling-service,grok_asg_anomaly.csv,WARNING,,0.0,0.4660389245935448,0
2014-01-30 04:35:00,trace-109422,span-53626,autoscaling-service,grok_asg_anomaly.csv,WARNING,,0.38637967874957785,0.466350377657412,0
2014-01-30 06:10:00,trace-589572,span-47743,autoscaling-service,grok_asg_anomaly.csv,WARNING,,11.94277436737881,0.5933143239602987,0
2014-01-30 06:15:00,trace-492432,span-39430,autoscaling-service,grok_asg_anomaly.csv,WARNING,,1.660161623010242,0.5425397606865517,0
2014-01-30 06:20:00,trace-187212,span-65797,autoscaling-service,grok_asg_anomaly.csv,WARNING,,0.0,0.4321840812696764,0
2014-01-30 06:25:00,trace-185350,span-24716,autoscaling-service,grok_asg_anomaly.csv,WARNING,,0.398486054509317,0.4128831451863091,0
2014-01-30 06:30:00,trace-888427,span-32414,autoscaling-service,grok_asg_anomaly.csv,WARNING,,0.0,0.4173535936935384,0
2014-01-30 08:05:00,trace-115522,span-84034,autoscaling-service,grok_asg_anomaly.csv,WARNING,,15.541842152640417,0.658543338707609,0
2014-01-30 08:10:00,trace-987766,span-18524,autoscaling-service,grok_asg_anomaly.csv,WARNING,,0.0,0.6385740249238157,0
2014-01-30 08:15:00,trace-739218,span-93804,autoscaling-service,grok_asg_anomaly.csv,WARNING,,0.0,0.4740283883261492,0
2014-01-30 08:20:00,trace-830520,span-98667,autoscaling-service,grok_asg_anomaly.csv,WARNING,,0.32697876324731556,0.4747568821774185,0
2014-01-30 08:25:00,trace-251786,span-45877,autoscaling-service,grok_asg_anomaly.csv,WARNING,,0.0,0.4740023431559432,0
2014-01-30 09:55:00,trace-461998,span-69136,autoscaling-service,grok_asg_anomaly.csv,WARNING,,7.449637712884889,0.4664565896970085,0
2014-01-30 10:00:00,trace-710864,span-88943,autoscaling-service,grok_asg_anomaly.csv,WARNING,,7.383208792557618,0.3899603299449339,0
2014-01-30 10:05:00,trace-835062,span-82108,autoscaling-service,grok_asg_anomaly.csv,WARNING,,0.2823985976962877,0.4449077786911972,0
2014-01-30 10:10:00,trace-408979,span-73333,autoscaling-service,grok_asg_anomaly.csv,WARNING,,0.0,0.3583071005606557,0
2014-01-30 10:15:00,trace-778283,span-71855,autoscaling-service,grok_asg_anomaly.csv,WARNING,,0.2673268643918779,0.3619913666418772,0
2014-01-30 10:20:00,trace-472598,span-77619,autoscaling-service,grok_asg_anomaly.csv,WARNING,,0.0,0.3560098915221759,0
2014-01-30 11:50:00,trace-475665,span-27140,autoscaling-service,grok_asg_anomaly.csv,WARNING,,15.56605083919163,0.6598866059415652,0
2014-01-30 11:55:00,trace-668800,span-67811,autoscaling-service,grok_asg_anomaly.csv,WARNING,,0.0,0.6406374960039605,0
2014-01-30 12:00:00,trace-991588,span-44262,autoscaling-service,grok_asg_anomaly.csv,WARNING,,0.35107694826236047,0.4760418287732606,0
2014-01-30 12:05:00,trace-288279,span-43440,autoscaling-service,grok_asg_anomaly.csv,WARNING,,0.0,0.4753947659547625,0
2014-01-30 12:10:00,trace-360300,span-87518,autoscaling-service,grok_asg_anomaly.csv,WARNING,,0.3346685459504533,0.4748382902104178,0
2014-01-30 12:20:00,trace-200591,span-73753,autoscaling-service,grok_asg_anomaly.csv,WARNING,,2.512253802817424,0.3883681983778252,0
2014-01-30 12:25:00,trace-366152,span-54464,autoscaling-service,grok_asg_anomaly.csv,WARNING,,0.2900182735232,0.366068999676211,0
2014-01-30 12:35:00,trace-461911,span-33212,autoscaling-service,grok_asg_anomaly.csv,WARNING,,0.7055848854856254,0.3640879272602691,0
2014-01-30 12:40:00,trace-575629,span-93346,autoscaling-service,grok_asg_anomaly.csv,WARNING,,0.0,0.3527817037234033,0
2014-01-30 13:40:00,trace-168259,span-59810,autoscaling-service,grok_asg_anomaly.csv,WARNING,,3.0734360759440773,0.4038590960205768,0
2014-01-30 13:45:00,trace-882702,span-26375,autoscaling-service,grok_asg_anomaly.csv,WARNING,,11.504249372788964,0.4700742941075021,0
2014-01-30 13:50:00,trace-261637,span-42975,autoscaling-service,grok_asg_anomaly.csv,WARNING,,0.0,0.5435471797114956,0
2014-01-30 13:55:00,trace-232955,span-78422,autoscaling-service,grok_asg_anomaly.csv,WARNING,,0.2907219961598325,0.3921134512181622,0
2014-01-30 14:00:00,trace-174489,span-18381,autoscaling-service,grok_asg_anomaly.csv,WARNING,,0.0,0.3895211233767906,0
2014-01-30 14:05:00,trace-162999,span-59907,autoscaling-service,grok_asg_anomaly.csv,WARNING,,0.4031535995731946,0.3990122044590576,0
2014-01-30 14:30:00,trace-929055,span-48492,autoscaling-service,grok_asg_anomaly.csv,WARNING,,4.509047592032016,0.4395929670049651,0
2014-01-30 14:35:00,trace-251606,span-39181,autoscaling-service,grok_asg_anomaly.csv,WARNING,,0.8261298689061306,0.4071645069371027,0
2014-01-30 14:40:00,trace-827449,span-93609,autoscaling-service,grok_asg_anomaly.csv,WARNING,,0.0,0.3742417865787233,0
2014-01-30 14:45:00,trace-784765,span-81325,autoscaling-service,grok_asg_anomaly.csv,WARNING,,0.0,0.3600919764623781,0
2014-01-30 14:50:00,trace-117529,span-63546,autoscaling-service,grok_asg_anomaly.csv,WARNING,,0.3824293441368036,0.3559658827819911,0
2014-01-30 15:35:00,trace-511512,span-61016,autoscaling-service,grok_asg_anomaly.csv,WARNING,,11.398274068069018,0.561427555793204,0
2014-01-30 15:40:00,trace-167945,span-69980,autoscaling-service,grok_asg_anomaly.csv,WARNING,,3.5631144616304016,0.4777321836596451,0
2014-01-30 15:45:00,trace-720670,span-63444,autoscaling-service,grok_asg_anomaly.csv,WARNING,,0.0,0.411408713772007,0
2014-01-30 15:50:00,trace-360186,span-49322,autoscaling-service,grok_asg_anomaly.csv,WARNING,,0.291227624814484,0.3896204870976607,0
2014-01-30 15:55:00,trace-938099,span-93337,autoscaling-service,grok_asg_anomaly.csv,WARNING,,0.0,0.3895699293052966,0
2014-01-30 17:40:00,trace-546300,span-73138,autoscaling-service,grok_asg_anomaly.csv,WARNING,,6.745970028980595,0.4837045094879509,0
2014-01-30 17:45:00,trace-510887,span-93038,autoscaling-service,grok_asg_anomaly.csv,WARNING,,6.673044328428116,0.4076027915325281,0
2014-01-30 17:50:00,trace-762997,span-10660,autoscaling-service,grok_asg_anomaly.csv,WARNING,,0.29835034558658374,0.4354542589118299,0
2014-01-30 17:55:00,trace-717985,span-54721,autoscaling-service,grok_asg_anomaly.csv,WARNING,,0.0,0.3595032804456912,0
2014-01-30 18:00:00,trace-955938,span-78943,autoscaling-service,grok_asg_anomaly.csv,WARNING,,0.3018759378852838,0.3613811638543222,0
2014-01-30 18:05:00,trace-764406,span-99336,autoscaling-service,grok_asg_anomaly.csv,WARNING,,0.0,0.3606854400879974,0
2014-01-30 19:20:00,trace-465208,span-40346,autoscaling-service,grok_asg_anomaly.csv,WARNING,,4.791732399823901,0.4420590761024404,0
2014-01-30 19:25:00,trace-998201,span-63526,autoscaling-service,grok_asg_anomaly.csv,WARNING,,0.0,0.4350067247352429,0
2014-01-30 19:30:00,trace-920015,span-22563,autoscaling-service,grok_asg_anomaly.csv,WARNING,,0.30158402524245825,0.3540742048249188,0
2014-01-30 19:35:00,trace-746231,span-43690,autoscaling-service,grok_asg_anomaly.csv,WARNING,,0.0,0.3600551172906743,0
2014-01-30 19:40:00,trace-114925,span-96787,autoscaling-service,grok_asg_anomaly.csv,WARNING,,0.3730064474369146,0.3554508846780863,0
2014-01-30 20:40:00,trace-700803,span-78258,autoscaling-service,grok_asg_anomaly.csv,WARNING,,3.3171007641619994,0.3971789290614494,0
2014-01-30 20:45:00,trace-849695,span-64471,autoscaling-service,grok_asg_anomaly.csv,WARNING,,0.0,0.3804413439740035,0
2014-01-30 20:55:00,trace-319678,span-63739,autoscaling-service,grok_asg_anomaly.csv,WARNING,,0.0,0.3513748815579344,0
2014-01-30 21:25:00,trace-385385,span-37414,autoscaling-service,grok_asg_anomaly.csv,WARNING,,9.459812830615133,0.5089815686518165,0
2014-01-30 21:30:00,trace-454451,span-72409,autoscaling-service,grok_asg_anomaly.csv,WARNING,,0.0,0.4992748666096528,0
2014-01-30 21:35:00,trace-546771,span-75453,autoscaling-service,grok_asg_anomaly.csv,WARNING,,0.3630250372551355,0.371397517958587,0
2014-01-30 21:40:00,trace-848371,span-18252,autoscaling-service,grok_asg_anomaly.csv,WARNING,,0.0,0.365513616740961,0
2014-01-30 21:45:00,trace-598758,span-33365,autoscaling-service,grok_asg_anomaly.csv,WARNING,,0.2784417180522542,0.3637869444562319,0
2014-01-31 03:40:00,trace-390667,span-20482,autoscaling-service,grok_asg_anomaly.csv,WARNING,,4.712233294984033,0.4388357978678469,0
2014-01-31 03:45:00,trace-738172,span-60110,autoscaling-service,grok_asg_anomaly.csv,WARNING,,0.0,0.421284423871978,0
2014-01-31 03:50:00,trace-549410,span-92001,autoscaling-service,grok_asg_anomaly.csv,WARNING,,0.3789317221999412,0.3659839252908231,0
2014-01-31 03:55:00,trace-624261,span-23833,autoscaling-service,grok_asg_anomaly.csv,WARNING,,0.0,0.362722267433002,0
2014-01-31 04:00:00,trace-195494,span-92681,autoscaling-service,grok_asg_anomaly.csv,WARNING,,0.2726746904925853,0.3533383282675993,0
2014-01-31 07:40:00,trace-352411,span-81200,autoscaling-service,grok_asg_anomaly.csv,WARNING,,1.12096171753683,0.3635054866274283,0
2014-01-31 08:40:00,trace-114126,span-80690,autoscaling-service,grok_asg_anomaly.csv,WARNING,,11.488036636804596,0.5906363620443692,0
2014-01-31 08:45:00,trace-316651,span-57994,autoscaling-service,grok_asg_anomaly.csv,WARNING,,11.432275266402485,0.5147390400157792,0
2014-01-31 08:50:00,trace-116978,span-66344,autoscaling-service,grok_asg_anomaly.csv,WARNING,,5.755953136326958,0.5110959431228792,0
2014-01-31 08:55:00,trace-175582,span-91214,autoscaling-service,grok_asg_anomaly.csv,WARNING,,0.37426323713794174,0.4846090822478629,0
2014-01-31 09:00:00,trace-847520,span-48725,autoscaling-service,grok_asg_anomaly.csv,WARNING,,0.28643560976061444,0.4587456072207346,0
2014-01-31 09:05:00,trace-939812,span-63333,autoscaling-service,grok_asg_anomaly.csv,WARNING,,0.0,0.4237340178181992,0
2014-01-31 09:10:00,trace-886198,span-46163,autoscaling-service,grok_asg_anomaly.csv,WARNING,,0.0,0.3586236214333388,0
2014-01-31 10:30:00,trace-820509,span-94730,autoscaling-service,grok_asg_anomaly.csv,WARNING,,4.953558797091925,0.4067849219654648,0
2014-01-31 10:35:00,trace-351831,span-96593,autoscaling-service,grok_asg_anomaly.csv,WARNING,,0.0,0.3936592483371535,0
2014-01-31 10:40:00,trace-597712,span-17507,autoscaling-service,grok_asg_anomaly.csv,WARNING,,0.33727119276227946,0.3560092213229512,0
2014-01-31 10:45:00,trace-281601,span-78682,autoscaling-service,grok_asg_anomaly.csv,WARNING,,0.0,0.3591095458389021,0
2014-01-31 10:50:00,trace-346553,span-14414,autoscaling-service,grok_asg_anomaly.csv,WARNING,,0.3785250432799892,0.3542144212584537,0
2014-01-31 17:55:00,trace-972405,span-72137,autoscaling-service,grok_asg_anomaly.csv,WARNING,,2.8245536589577984,0.3949347609300941,0
2014-01-31 18:00:00,trace-794025,span-84510,autoscaling-service,grok_asg_anomaly.csv,WARNING,,0.39627471425022903,0.3698109204893124,0
2014-01-31 21:05:00,trace-214360,span-11750,autoscaling-service,grok_asg_anomaly.csv,WARNING,,1.5547887722834224,0.3752656356013994,0
2014-01-31 21:10:00,trace-497243,span-15745,autoscaling-service,grok_asg_anomaly.csv,WARNING,,0.0,0.3622827699288249,0
2014-01-31 21:20:00,trace-994415,span-38451,autoscaling-service,grok_asg_anomaly.csv,WARNING,,0.71520352326774,0.3567893268737786,0
2013-10-09 16:45:00,trace-816896,span-22150,network-interface-service,iio_us-east-1_i-a2eb1cd9_NetworkIn.csv,WARNING,,44632412.70340693,0.9999999991431496,0
2013-10-09 16:50:00,trace-288489,span-28325,network-interface-service,iio_us-east-1_i-a2eb1cd9_NetworkIn.csv,WARNING,,26173572.569056388,0.8643971011760239,0
2013-10-09 16:55:00,trace-607763,span-83469,network-interface-service,iio_us-east-1_i-a2eb1cd9_NetworkIn.csv,WARNING,,22082473.01029902,0.8812778953900431,0
2013-10-09 17:00:00,trace-434154,span-86764,network-interface-service,iio_us-east-1_i-a2eb1cd9_NetworkIn.csv,WARNING,,20324708.343570895,0.8186743422362297,0
2013-10-09 17:05:00,trace-296681,span-60812,network-interface-service,iio_us-east-1_i-a2eb1cd9_NetworkIn.csv,WARNING,,17119708.602545355,0.6240940030361072,0
2013-10-09 17:10:00,trace-877150,span-50768,network-interface-service,iio_us-east-1_i-a2eb1cd9_NetworkIn.csv,WARNING,,15158651.716210177,0.4798369905157028,0
2013-10-09 17:15:00,trace-329707,span-83048,network-interface-service,iio_us-east-1_i-a2eb1cd9_NetworkIn.csv,WARNING,,12676078.108990889,0.4014978890415316,0
2013-10-09 17:20:00,trace-727523,span-55510,network-interface-service,iio_us-east-1_i-a2eb1cd9_NetworkIn.csv,WARNING,,16208141.575617626,0.3597169291741028,0
2013-10-10 09:10:00,trace-874456,span-80649,network-interface-service,iio_us-east-1_i-a2eb1cd9_NetworkIn.csv,WARNING,,6798436.360697996,0.4574993041528752,0
2013-10-10 09:15:00,trace-932345,span-94785,network-interface-service,iio_us-east-1_i-a2eb1cd9_NetworkIn.csv,WARNING,,21323320.41385742,0.823043940884876,0
2013-10-10 09:20:00,trace-266415,span-72389,network-interface-service,iio_us-east-1_i-a2eb1cd9_NetworkIn.csv,WARNING,,40727722.514935315,0.8301758980655496,0
2013-10-10 09:25:00,trace-239728,span-15741,network-interface-service,iio_us-east-1_i-a2eb1cd9_NetworkIn.csv,WARNING,,38260031.668777555,0.847806116415307,0
2013-10-10 09:30:00,trace-915122,span-42833,network-interface-service,iio_us-east-1_i-a2eb1cd9_NetworkIn.csv,WARNING,,45461158.72264768,0.8121113225055883,0
2013-10-10 09:35:00,trace-731186,span-87711,network-interface-service,iio_us-east-1_i-a2eb1cd9_NetworkIn.csv,ERROR,NetworkInterfaceAnomaly: Interface traffic spike (46141498 bytes),47894016.06987656,0.8701808913211508,1
2013-10-10 09:40:00,trace-925455,span-50209,network-interface-service,iio_us-east-1_i-a2eb1cd9_NetworkIn.csv,WARNING,,43803121.64916285,0.7582266067768753,0
2013-10-10 09:45:00,trace-973044,span-90522,network-interface-service,iio_us-east-1_i-a2eb1cd9_NetworkIn.csv,WARNING,,27323359.05335763,0.8608039104475358,0
2013-10-10 09:50:00,trace-219107,span-17960,network-interface-service,iio_us-east-1_i-a2eb1cd9_NetworkIn.csv,WARNING,,17017439.42816211,0.700395110389195,0
2013-10-10 09:55:00,trace-904253,span-67772,network-interface-service,iio_us-east-1_i-a2eb1cd9_NetworkIn.csv,WARNING,,13326022.8595922,0.7273110426933835,0
2013-10-10 10:00:00,trace-188952,span-72524,network-interface-service,iio_us-east-1_i-a2eb1cd9_NetworkIn.csv,WARNING,,10585213.627408229,0.5833408046416084,0
2013-10-10 10:05:00,trace-801793,span-98267,network-interface-service,iio_us-east-1_i-a2eb1cd9_NetworkIn.csv,WARNING,,12729163.667218415,0.4095284038865556,0
2013-10-10 20:40:00,trace-965796,span-80077,network-interface-service,iio_us-east-1_i-a2eb1cd9_NetworkIn.csv,ERROR,NetworkInterfaceAnomaly: Interface traffic spike (13757010 bytes),13061487.097483564,0.5372233495833114,1
2013-10-10 20:45:00,trace-375455,span-40531,network-interface-service,iio_us-east-1_i-a2eb1cd9_NetworkIn.csv,WARNING,,9629857.615409434,0.4113710585401726,0
2013-10-10 20:50:00,trace-243452,span-52645,network-interface-service,iio_us-east-1_i-a2eb1cd9_NetworkIn.csv,WARNING,,5178479.561140412,0.3772894731700594,0
2013-10-11 21:10:00,trace-645999,span-15097,network-interface-service,iio_us-east-1_i-a2eb1cd9_NetworkIn.csv,WARNING,,8992701.623471761,0.4104879764244816,0
2013-10-11 21:15:00,trace-908508,span-94274,network-interface-service,iio_us-east-1_i-a2eb1cd9_NetworkIn.csv,WARNING,,3224307.4835260035,0.4079606001774877,0
2014-02-16 18:15:00,trace-597981,span-68480,rds-database-service,rds_cpu_utilization_cc0c53.csv,WARNING,,5.6643933694960955,0.3576983431547221,0
2014-02-23 00:40:00,trace-874597,span-65486,rds-database-service,rds_cpu_utilization_cc0c53.csv,WARNING,,7.299922310540635,0.3646209129267376,0
2014-02-25 07:15:00,trace-129882,span-64078,rds-database-service,rds_cpu_utilization_cc0c53.csv,ERROR,RDSCPUHigh: Database CPU overload (25.1%),23.756954145207043,0.9999999989912428,1
2014-02-25 07:20:00,trace-733018,span-53826,rds-database-service,rds_cpu_utilization_cc0c53.csv,WARNING,,18.369776241612005,0.9424030396271108,0
2014-02-25 07:25:00,trace-612871,span-42543,rds-database-service,rds_cpu_utilization_cc0c53.csv,WARNING,,16.157757311532073,0.8588699952426302,0
2014-02-25 07:30:00,trace-520531,span-37746,rds-database-service,rds_cpu_utilization_cc0c53.csv,WARNING,,15.152530880806376,0.7792098753486321,0
2014-02-25 07:35:00,trace-929347,span-31061,rds-database-service,rds_cpu_utilization_cc0c53.csv,WARNING,,12.830175416670004,0.6510986319008706,0
2014-02-25 07:40:00,trace-473519,span-21322,rds-database-service,rds_cpu_utilization_cc0c53.csv,WARNING,,18.53909263467399,0.355868866784239,0
2014-02-25 07:55:00,trace-920449,span-66792,rds-database-service,rds_cpu_utilization_cc0c53.csv,WARNING,,17.751256128708185,0.4579155794446763,0
2014-02-25 08:00:00,trace-491342,span-27629,rds-database-service,rds_cpu_utilization_cc0c53.csv,WARNING,,15.304012765186274,0.3968137104142352,0
2014-02-25 08:05:00,trace-196950,span-53870,rds-database-service,rds_cpu_utilization_cc0c53.csv,WARNING,,16.113231723375737,0.3661407108363244,0
2014-02-25 08:10:00,trace-869890,span-20588,rds-database-service,rds_cpu_utilization_cc0c53.csv,WARNING,,13.23021704233759,0.3572169621480621,0
2014-02-25 08:15:00,trace-596195,span-87339,rds-database-service,rds_cpu_utilization_cc0c53.csv,WARNING,,16.81536448890977,0.3577689879745024,0
2014-02-25 13:45:00,trace-372743,span-82594,rds-database-service,rds_cpu_utilization_cc0c53.csv,WARNING,,10.707746126075849,0.4227948009772428,0
2014-02-25 13:50:00,trace-758299,span-32149,rds-database-service,rds_cpu_utilization_cc0c53.csv,WARNING,,17.99777263153607,0.3666852755709648,0
2014-02-25 15:15:00,trace-241280,span-76098,rds-database-service,rds_cpu_utilization_cc0c53.csv,WARNING,,10.431576715805456,0.3510632417961947,0
2014-02-25 17:15:00,trace-120951,span-58920,rds-database-service,rds_cpu_utilization_cc0c53.csv,WARNING,,14.02023582477257,0.3719222154271559,0
2014-02-26 01:05:00,trace-259423,span-94216,rds-database-service,rds_cpu_utilization_cc0c53.csv,WARNING,,9.78749961343761,0.3805840890848958,0
2014-02-26 03:15:00,trace-895740,span-69252,rds-database-service,rds_cpu_utilization_cc0c53.csv,WARNING,,10.959536636959944,0.4024218761327744,0
2014-02-26 03:20:00,trace-183211,span-38064,rds-database-service,rds_cpu_utilization_cc0c53.csv,WARNING,,15.14124956314249,0.3661728947434692,0
2014-02-26 11:30:00,trace-633008,span-52940,rds-database-service,rds_cpu_utilization_cc0c53.csv,WARNING,,17.358863616192036,0.4367764283448582,0
2014-02-26 11:35:00,trace-409257,span-58926,rds-database-service,rds_cpu_utilization_cc0c53.csv,WARNING,,15.96077006341918,0.398024512647821,0
2014-02-26 13:45:00,trace-650193,span-83508,rds-database-service,rds_cpu_utilization_cc0c53.csv,WARNING,,10.363786822357753,0.3767509488198451,0
2014-02-26 15:05:00,trace-191865,span-94720,rds-database-service,rds_cpu_utilization_cc0c53.csv,WARNING,,10.97013873571742,0.4029126817459905,0
2014-02-26 15:10:00,trace-815463,span-25052,rds-database-service,rds_cpu_utilization_cc0c53.csv,WARNING,,13.810762874573825,0.3710554969736455,0
2014-02-26 19:20:00,trace-320375,span-30234,rds-database-service,rds_cpu_utilization_cc0c53.csv,WARNING,,17.296611930131014,0.3876916096789241,0
2014-02-26 19:25:00,trace-772634,span-97840,rds-database-service,rds_cpu_utilization_cc0c53.csv,WARNING,,14.355807953105705,0.431667115123186,0
2014-02-26 19:30:00,trace-335020,span-59892,rds-database-service,rds_cpu_utilization_cc0c53.csv,WARNING,,17.243285045755254,0.3947459397808669,0
2014-02-26 20:05:00,trace-839280,span-93391,rds-database-service,rds_cpu_utilization_cc0c53.csv,WARNING,,14.404166392550817,0.3681819341120897,0
2014-02-27 00:45:00,trace-356216,span-11894,rds-database-service,rds_cpu_utilization_cc0c53.csv,WARNING,,14.408860336949752,0.3502625965217357,0
2014-02-27 00:50:00,trace-883059,span-83527,rds-database-service,rds_cpu_utilization_cc0c53.csv,ERROR,RDSCPUHigh: Database CPU overload (19.2%),22.434915287236976,0.4750952994304074,1
2014-02-27 00:55:00,trace-849980,span-52235,rds-database-service,rds_cpu_utilization_cc0c53.csv,WARNING,,13.261064959833051,0.5866775808124381,0
2014-02-27 01:00:00,trace-335311,span-92643,rds-database-service,rds_cpu_utilization_cc0c53.csv,WARNING,,12.530014075176547,0.4977721809215908,0
2014-02-27 01:05:00,trace-823666,span-66697,rds-database-service,rds_cpu_utilization_cc0c53.csv,WARNING,,17.20863779719545,0.4707229853815872,0
2014-02-27 01:10:00,trace-280116,span-24633,rds-database-service,rds_cpu_utilization_cc0c53.csv,WARNING,,17.49822078803391,0.4478726906351858,0
2014-02-27 08:15:00,trace-553116,span-77509,rds-database-service,rds_cpu_utilization_cc0c53.csv,WARNING,,9.624389386290142,0.4454012320685471,0
2014-02-27 08:20:00,trace-874508,span-43038,rds-database-service,rds_cpu_utilization_cc0c53.csv,WARNING,,13.629393689154913,0.3869296659363948,0
2014-02-27 08:35:00,trace-305538,span-82216,rds-database-service,rds_cpu_utilization_cc0c53.csv,WARNING,,10.99235645651245,0.4015794448512775,0
2014-02-27 11:50:00,trace-400282,span-73310,rds-database-service,rds_cpu_utilization_cc0c53.csv,WARNING,,16.185083526441865,0.3875586843029087,0
2014-02-28 03:35:00,trace-572243,span-66151,rds-database-service,rds_cpu_utilization_cc0c53.csv,WARNING,,12.023965794974771,0.3743805027939247,0
2014-02-28 06:45:00,trace-411416,span-16908,rds-database-service,rds_cpu_utilization_cc0c53.csv,WARNING,,12.586051498648247,0.3888997520025192,0
2014-02-28 07:55:00,trace-692735,span-84527,rds-database-service,rds_cpu_utilization_cc0c53.csv,WARNING,,15.562496165880773,0.3750649616760284,0
2014-02-28 08:00:00,trace-326301,span-50004,rds-database-service,rds_cpu_utilization_cc0c53.csv,WARNING,,13.0785458694127,0.357562076491566,0
2014-02-28 13:45:00,trace-445173,span-49697,rds-database-service,rds_cpu_utilization_cc0c53.csv,WARNING,,9.796601416855632,0.3798844860164845,0
2014-02-28 13:50:00,trace-910993,span-28033,rds-database-service,rds_cpu_utilization_cc0c53.csv,WARNING,,12.857649589024895,0.3595578756916801,0
2014-04-13 06:52:00,trace-912353,span-29340,rds-database-service,rds_cpu_utilization_e47b3b.csv,ERROR,RDSCPUHigh: Database CPU overload (76.2%),74.8048552496755,0.9811476332224872,1
2014-04-13 06:57:00,trace-110638,span-48596,rds-database-service,rds_cpu_utilization_e47b3b.csv,WARNING,,62.14597622969537,0.8135406642987962,0
2014-04-13 07:02:00,trace-450500,span-42642,rds-database-service,rds_cpu_utilization_e47b3b.csv,WARNING,,25.247008147466346,0.8228409982166865,0
2014-04-13 07:07:00,trace-937299,span-83686,rds-database-service,rds_cpu_utilization_e47b3b.csv,WARNING,,20.646526113389463,0.782368574062067,0
2014-04-13 07:12:00,trace-462205,span-93729,rds-database-service,rds_cpu_utilization_e47b3b.csv,WARNING,,14.696099731063399,0.7450471558902119,0
2014-04-13 07:17:00,trace-678979,span-74303,rds-database-service,rds_cpu_utilization_e47b3b.csv,WARNING,,15.011497529473676,0.6101911562148927,0
2014-04-18 23:27:00,trace-411207,span-88343,rds-database-service,rds_cpu_utilization_e47b3b.csv,ERROR,RDSCPUHigh: Database CPU overload (25.1%),28.058289667986376,0.405060369235143,1
2014-04-18 23:32:00,trace-745687,span-41357,rds-database-service,rds_cpu_utilization_e47b3b.csv,WARNING,,23.288761798838053,0.3545638670236303,0
2014-04-20 07:57:00,trace-541913,span-80283,rds-database-service,rds_cpu_utilization_e47b3b.csv,WARNING,,26.28582478651121,0.3777333383219478,0
2014-04-20 08:02:00,trace-337778,span-20686,rds-database-service,rds_cpu_utilization_e47b3b.csv,WARNING,,28.56323681196799,0.355275212364765,0
2014-04-22 11:27:00,trace-381035,span-62115,rds-database-service,rds_cpu_utilization_e47b3b.csv,WARNING,,21.076112694162752,0.3910464333658723,0
2014-04-22 11:32:00,trace-916309,span-24026,rds-database-service,rds_cpu_utilization_e47b3b.csv,WARNING,,15.176713148198033,0.3936556315064473,0
